episode,total_reward,steps
1,10.702446483131114,25
2,4.675880030044457,25
3,5.006328028818344,25
4,4.816173379913121,25
5,4.999723990259633,25
6,4.940708985047584,25
7,4.743456089076689,25
8,4.870204783717162,25
9,5.053990713711456,25
10,4.922964238611085,25
11,4.674033526628073,25
12,4.987943206531663,25
13,5.05089805986546,25
14,4.965266220225421,25
15,4.885374129123112,25
16,4.899212382337953,25
17,4.840587583385529,25
18,4.916022472507045,25
19,5.0803274850675875,25
20,4.5315249345996955,25
21,4.719808509198789,25
22,4.720820254139599,25
23,4.9764699043018075,25
24,4.9358805394488225,25
25,4.802384583333326,25
26,4.726546277778064,25
27,4.877111633388509,25
28,4.940151831738614,25
29,4.592535120750007,25
30,4.952850663848552,25
31,4.719858400704311,25
32,4.731546606193936,25
33,4.878460286939276,25
34,4.80920358622076,25
35,5.025635225514923,25
36,4.967088360121493,25
37,5.077608591748144,25
38,4.815303113961595,25
39,5.000926418055454,25
40,4.63527118653743,25
41,5.108491589943548,25
42,4.859107663158957,25
43,4.827970096344473,25
44,4.759426777751132,25
45,5.066675414875471,25
46,4.812322531747474,25
47,4.9969174069642355,25
48,4.67030615381106,25
49,4.701161443345537,25
50,4.490800402188578,25
51,4.538173493824427,25
52,4.638240619557183,25
53,4.8390374987356,25
54,4.556119026686991,25
55,4.697540168843441,25
56,4.987470301234271,25
57,4.962759497302042,25
58,4.676317052341634,25
59,4.654199365545038,25
60,4.951259886034032,25
61,5.068178346949031,25
62,4.465576593833236,25
63,4.659683144067307,25
64,4.937373979964488,25
65,4.593087737797701,25
66,4.748392098325751,25
67,4.5435352483431615,25
68,4.740275710470363,25
69,5.024388739091309,25
70,4.799995872118973,25
71,5.002768517275947,25
72,4.5101513601900125,25
73,4.866267499461626,25
74,4.779599679601005,25
75,4.634607072927114,25
76,4.961862161339584,25
77,4.930141250741908,25
78,4.764879158719751,25
79,4.588163839807934,25
80,4.887668435816427,25
81,4.755708230226629,25
82,4.520519251250955,25
83,5.249125770537352,25
84,4.862403897612712,25
85,4.843448892232189,25
86,5.134618694423134,25
87,4.983546922837477,25
88,4.862131964772619,25
89,4.8994053027632045,25
90,4.70976754489013,25
91,4.926376438609857,25
92,4.6456947981393535,25
93,4.692980313052295,25
94,4.452821825800328,25
95,4.811827633223108,25
96,5.051050647220923,25
97,4.8919567776038235,25
98,4.614538262100688,25
99,4.947808273464394,25
100,4.859086575191274,25
101,4.902539514092008,25
102,5.050693975330944,25
103,4.807138824008968,25
104,4.830210489652247,25
105,4.880273493380835,25
106,4.830699595583627,25
107,5.0810252671071,25
108,4.75377359975346,25
109,4.879941334120056,25
110,4.994801637784134,25
111,4.976024107172961,25
112,4.7673652514206895,25
113,5.12057176703045,25
114,5.24891905538618,25
115,4.803874062767383,25
116,4.674257066190833,25
117,4.8549729482829465,25
118,4.9402373735481815,25
119,4.936049005214473,25
120,4.638343678594673,25
121,4.6761246201190705,25
122,4.912635564114088,25
123,4.831827642565169,25
124,4.900933848695101,25
125,4.746554624755298,25
126,4.797515176413339,25
127,4.748715201224961,25
128,4.8755855056363195,25
129,4.756890274950186,25
130,4.889989536203599,25
131,4.82982464968452,25
132,5.143093502502863,25
133,4.726771990307839,25
134,5.053145492321237,25
135,4.815954349852432,25
136,4.659718315645234,25
137,5.074972516674292,25
138,4.636955687748507,25
139,4.874042104555256,25
140,4.947509527015969,25
141,5.1332698549522675,25
142,4.907116875968502,25
143,4.814246009342709,25
144,5.196398714681224,25
145,4.916611756906569,25
146,4.8497386553468935,25
147,4.816190291731919,25
148,4.898576539019291,25
149,4.859726592005973,25
150,4.638945393726772,25
151,4.8373062518130885,25
152,4.7489270134635495,25
153,4.745625996628174,25
154,4.709548029861928,25
155,5.030564898191862,25
156,4.56240443092009,25
157,4.5515337992454405,25
158,5.139680819966579,25
159,4.611364967171173,25
160,4.788065703046507,25
161,5.153885453714366,25
162,4.859567209627868,25
163,4.55391630943605,25
164,4.659315817987554,25
165,4.77004845095465,25
166,4.9795328599676125,25
167,4.921151495279116,25
168,4.909069601819571,25
169,4.876928176932552,25
170,5.182662115016761,25
171,5.135860404736804,25
172,4.88350110927973,25
173,4.692655566191918,25
174,4.712547551373732,25
175,4.954180131976676,25
176,4.917755830989023,25
177,4.5837542493534755,25
178,4.6216215273741295,25
179,4.916602845703009,25
180,4.835586407977308,25
181,4.855146382169317,25
182,4.612703756483503,25
183,4.765784453908567,25
184,4.866005458319381,25
185,4.8427838563282375,25
186,4.703267225254127,25
187,4.934139549321651,25
188,4.956821955287119,25
189,5.119248557242998,25
190,4.751894681262518,25
191,4.86921247174082,25
192,4.571584196459543,25
193,4.961880246535615,25
194,4.6827649479561275,25
195,4.905413782104848,25
196,4.8877977060268165,25
197,4.897518578410617,25
198,4.72556669731148,25
199,4.917633735202953,25
200,4.6290979793850555,25
201,4.961607832011974,25
202,5.004495575428162,25
203,4.721128019492595,25
204,4.915238986191873,25
205,4.983842337306534,25
206,4.79252207231635,25
207,4.867988836849534,25
208,4.7822462430217945,25
209,4.987571511404809,25
210,4.697007910166918,25
211,4.8541796069757615,25
212,5.0356424009780865,25
213,4.7474435864420945,25
214,4.699506716365244,25
215,4.724873115121077,25
216,4.837146467219043,25
217,4.722408333994604,25
218,4.826653374030487,25
219,4.740377637602519,25
220,4.822037432685044,25
221,4.64614132613743,25
222,4.804434040455681,25
223,4.876498388132462,25
224,4.6010099191457865,25
225,4.7497605934090394,25
226,4.945043898338185,25
227,4.667152365103029,25
228,4.8132505090737325,25
229,4.597471018741707,25
230,4.985552268521424,25
231,5.037920176612319,25
232,4.821404966839811,25
233,4.9660254511502,25
234,4.880925664779697,25
235,4.801249981675,25
236,4.73848036810575,25
237,5.079265242854999,25
238,4.834588908571066,25
239,4.808169371169909,25
240,4.713519535848601,25
241,4.880551490369289,25
242,5.241810301518382,25
243,5.190613237638078,25
244,4.505406553959935,25
245,4.629708877139352,25
246,4.990326417424512,25
247,4.7982233075615595,25
248,5.221837570174005,25
249,4.798891526217459,25
250,4.887363865035244,25
251,4.775133848458252,25
252,4.752665739879249,25
253,4.890082505642598,25
254,4.768369101146486,25
255,4.709843621725723,25
256,4.90155828713615,25
257,4.715864658786652,25
258,4.7666844479455355,25
259,5.11457008122838,25
260,4.924639110698917,25
261,4.8029852837241025,25
262,4.82867885319526,25
263,4.898890483706089,25
264,4.88646472894585,25
265,4.538785652655684,25
266,4.4532277025253135,25
267,4.898613262021035,25
268,4.691942134678406,25
269,4.727170614692242,25
270,4.888621418324265,25
271,4.497935120318099,25
272,4.6334175727213065,25
273,4.690016651367227,25
274,4.571683221096672,25
275,4.734189826970473,25
276,4.714600161679971,25
277,4.747407995978007,25
278,4.792014865852177,25
279,4.895091395229442,25
280,4.737975135314545,25
281,4.984471506270439,25
282,4.614667121809138,25
283,4.732755164181705,25
284,5.008153505726588,25
285,4.835299535246078,25
286,4.576798869150492,25
287,4.73254949920723,25
288,4.717957745504144,25
289,4.882393789047614,25
290,4.4750230991313344,25
291,4.6070911901440486,25
292,4.6763076532416905,25
293,4.902761642660441,25
294,4.757769307889231,25
295,4.795313840781838,25
296,5.004249283568895,25
297,5.02018783580627,25
298,5.0250141877173995,25
299,4.894841577790128,25
300,4.648228896447559,25
301,4.657478308400302,25
302,4.747400572813262,25
303,4.821591345034458,25
304,4.774413303679697,25
305,5.02658418428274,25
306,5.069477368268244,25
307,4.583226157608512,25
308,4.882728058919919,25
309,4.763254886863028,25
310,4.404189178871368,25
311,5.220519484112059,25
312,4.953260177713868,25
313,5.083075788582369,25
314,5.069083521510547,25
315,4.751056296844724,25
316,4.8110586375363145,25
317,4.84093028395128,25
318,4.885620644373499,25
319,4.588994133932163,25
320,5.020590071261694,25
321,4.63433552642817,25
322,4.945573390189583,25
323,4.707695875811812,25
324,4.747430112376086,25
325,5.02554574266999,25
326,4.470556267109813,25
327,5.051625376308054,25
328,4.907713429107387,25
329,4.946786167650173,25
330,4.760629878895297,25
331,4.805987045591095,25
332,5.13740681674244,25
333,4.878459939956615,25
334,5.085244346412914,25
335,4.734139026680497,25
336,4.945195809578456,25
337,5.110864514892006,25
338,5.136925362808594,25
339,4.757180235991303,25
340,5.085826454948981,25
341,5.108087919423443,25
342,4.629820130497647,25
343,5.130041927492277,25
344,4.8565219351871445,25
345,4.833955745471892,25
346,5.2037947758566,25
347,4.786050760340224,25
348,4.79928888718403,25
349,4.849244925598292,25
350,4.972408511760834,25
351,4.804405802859341,25
352,5.116989146735457,25
353,4.8285646562629125,25
354,4.794987475383726,25
355,4.944577641427477,25
356,4.864763897109527,25
357,4.9875767632607,25
358,4.795293747904123,25
359,4.928738433343631,25
360,4.8013582721048795,25
361,4.966315049489461,25
362,5.131848559462188,25
363,4.746455299495916,25
364,5.032189277291021,25
365,4.812740125796429,25
366,4.89789091506107,25
367,4.793650873016976,25
368,4.77307988901631,25
369,4.753386117563542,25
370,4.47226218565467,25
371,4.961252127905099,25
372,4.999071721396532,25
373,4.832778240113445,25
374,4.540769228175454,25
375,4.808633877531263,25
376,4.794611793362937,25
377,5.05561572775216,25
378,4.914236202794456,25
379,4.770346840859996,25
380,4.8678787907527585,25
381,4.985478324636501,25
382,4.916102456549589,25
383,4.820561864984273,25
384,5.100111988685635,25
385,4.989505236839762,25
386,4.524618887841151,25
387,4.829409577007271,25
388,4.794662400287183,25
389,4.815475956829432,25
390,5.031835740361967,25
391,5.0046865664722056,25
392,5.150813482592032,25
393,5.012707031087276,25
394,4.900120540821438,25
395,5.021123836424652,25
396,5.252564862249634,25
397,4.658128492098628,25
398,5.015606503431275,25
399,4.700400555493227,25
400,4.933682678731501,25
401,4.845006691642883,25
402,4.994749137679386,25
403,5.074827570940894,25
404,4.987966310919012,25
405,4.726326685640357,25
406,5.0129450292650235,25
407,4.655940922709691,25
408,4.97558631267455,25
409,4.978870158924863,25
410,4.796441134668179,25
411,4.7678828712211505,25
412,4.894699461548781,25
413,4.782452285194098,25
414,4.650081781826032,25
415,4.855921890628253,25
416,4.78555822809733,25
417,5.093582409854311,25
418,4.763036047172982,25
419,4.739158414190962,25
420,4.873637573592637,25
421,5.400235155149626,25
422,5.133838668713209,25
423,4.408578500311803,25
424,4.707384591334711,25
425,4.929230377708751,25
426,5.0547471527707915,25
427,5.0230356955739355,25
428,4.659169547761219,25
429,4.695999875115018,25
430,5.007706332237172,25
431,4.849987586412509,25
432,4.937160472296232,25
433,5.128934134328283,25
434,5.060184388862054,25
435,4.841309970225933,25
436,4.7867467649107525,25
437,5.116001444284983,25
438,4.891257501035522,25
439,4.846799952200259,25
440,4.7575955635717495,25
441,4.998512935907223,25
442,4.845255839535073,25
443,5.105488558468171,25
444,4.785711330177756,25
445,5.1321722427215,25
446,4.743847222087322,25
447,5.15912326718314,25
448,5.001772917530335,25
449,5.183741286721396,25
450,4.401585136721838,25
451,4.866273534158859,25
452,4.638586766895834,25
453,4.570246068792507,25
454,4.740895589650244,25
455,4.862546795296058,25
456,5.087771012986581,25
457,4.654571532049648,25
458,4.811532382390603,25
459,4.8946009429480615,25
460,4.725720000022261,25
461,4.7709109110453936,25
462,4.910704540550941,25
463,4.53977705009652,25
464,5.0333938870948165,25
465,4.938932424107187,25
466,5.1237911654705535,25
467,4.980017682103991,25
468,4.688748765007362,25
469,4.648975750625281,25
470,4.760687473106986,25
471,4.922594814443428,25
472,4.809218487798013,25
473,4.933500137953061,25
474,4.791168951162212,25
475,4.871593919756667,25
476,4.9696910074932,25
477,4.872431012933692,25
478,4.795155668994056,25
479,4.939658483001622,25
480,4.833190676066397,25
481,5.379382498508664,25
482,5.1586962245239425,25
483,5.130128031247693,25
484,5.184666096743468,25
485,5.326787388838773,25
486,5.023210474974968,25
487,5.394059163120569,25
488,5.315074314252818,25
489,5.064227750865674,25
490,5.2473518388141125,25
491,5.429146073469707,25
492,5.1831719346421785,25
493,4.99610309739801,25
494,5.164995318077335,25
495,5.403740172975103,25
496,5.250301849207392,25
497,5.090186799553651,25
498,4.723693653151504,25
499,5.027573810327452,25
500,5.096282978715443,25
501,5.301060441637102,25
502,5.183766812329012,25
503,5.082541847016204,25
504,5.087823519984105,25
505,5.187714360307047,25
506,5.004422440247551,25
507,4.964087518484613,25
508,5.022959915467891,25
509,4.899211347223883,25
510,5.238359046715581,25
511,5.068467556241554,25
512,5.2693495189719455,25
513,5.050795052800725,25
514,5.231758927804617,25
515,5.444287524141689,25
516,4.950382442920656,25
517,5.09319293454968,25
518,4.898786754453817,25
519,5.367179921355908,25
520,5.2931838758992225,25
521,5.056386559828533,25
522,4.908030112046773,25
523,5.160995780708673,25
524,5.257000377172983,25
525,5.185159709615583,25
526,4.967572956677535,25
527,4.817127856690572,25
528,5.213113911905602,25
529,5.074694478396706,25
530,5.2812839156020495,25
531,4.918217140702455,25
532,5.329476822542742,25
533,5.526829157412907,25
534,5.140611799227243,25
535,5.295579443354043,25
536,5.239798836094985,25
537,5.0883203105003805,25
538,5.198879955412206,25
539,4.890353548886587,25
540,4.782444013186437,25
541,4.69756433850758,25
542,5.11952600218947,25
543,5.123000052792702,25
544,5.18228879153841,25
545,4.962189656173022,25
546,5.101526284631864,25
547,5.2964514882792475,25
548,5.044077234287378,25
549,4.949895021189334,25
550,5.201462852484144,25
551,5.062865366891334,25
552,4.876284486557151,25
553,5.03013602446039,25
554,5.0813822445986725,25
555,5.180495827357579,25
556,5.110749102926712,25
557,5.183474569175862,25
558,5.50796279114548,25
559,4.943374356894514,25
560,4.936066296647722,25
561,4.945070777214673,25
562,5.053601908214386,25
563,5.119248652633003,25
564,5.017582001441696,25
565,5.062323865854931,25
566,5.1543532525329665,25
567,5.046431038176439,25
568,5.048747908628749,25
569,5.0166724169527335,25
570,4.992057503159446,25
571,5.0403364334450655,25
572,4.97877128972553,25
573,4.9723181521615,25
574,5.042254214204831,25
575,4.919350035320038,25
576,5.062054467912192,25
577,5.0523928047771145,25
578,5.24689214033263,25
579,5.248716685995074,25
580,4.651811115873627,25
581,5.1142024785164,25
582,5.063318280052972,25
583,5.018628204562689,25
584,4.925218114665171,25
585,5.174070770512552,25
586,4.631280540094545,25
587,4.817452819258006,25
588,4.795149833554194,25
589,4.787787370104038,25
590,5.1169314300618325,25
591,5.472613864693643,25
592,5.140586407189473,25
593,5.095681175500779,25
594,5.207907007940884,25
595,5.109194768885639,25
596,5.079183504394646,25
597,4.892922990166483,25
598,5.18108279485123,25
599,4.915231096613986,25
600,5.0547938809380675,25
601,5.092328112807095,25
602,4.95763499818282,25
603,4.881039352169683,25
604,5.156666654591893,25
605,4.79647520924456,25
606,5.137133697252203,25
607,5.061055787772543,25
608,5.2348712484779645,25
609,5.230032493078552,25
610,4.515795102116538,25
611,5.066181397894111,25
612,4.795350338092043,25
613,5.210623260181277,25
614,4.992124558750704,25
615,5.091480989326939,25
616,4.857208568147647,25
617,4.952045841803718,25
618,5.206112313506044,25
619,5.111274361274951,25
620,4.956102950679406,25
621,5.212899086600031,25
622,5.250690749285534,25
623,5.214677344562074,25
624,4.910927418156406,25
625,5.144848512197254,25
626,5.073956685653045,25
627,5.162490051731062,25
628,4.994975947299567,25
629,4.988098720919199,25
630,4.987036887273001,25
631,5.007561974655818,25
632,4.569413372181474,25
633,4.948299362713852,25
634,4.963683315698044,25
635,5.031095524317745,25
636,4.955358794053162,25
637,5.181380875379804,25
638,5.282839205224598,25
639,5.273656736375918,25
640,4.8706725071562,25
641,5.354097946523621,25
642,5.384689838201089,25
643,5.410089426072722,25
644,4.926287142963659,25
645,5.386050195094093,25
646,5.272479485448974,25
647,5.13357343770768,25
648,5.721252208549337,25
649,5.458332873387288,25
650,5.061539075257424,25
651,5.056491439315776,25
652,5.379876885526479,25
653,5.340037599817382,25
654,5.172904669980475,25
655,5.391389090960183,25
656,5.369171363356772,25
657,5.282795676182435,25
658,5.334863337815203,25
659,5.288938204284941,25
660,5.292146135034575,25
661,5.443224820792493,25
662,5.153762864404097,25
663,5.438936415829672,25
664,5.258922307038685,25
665,5.257500201533458,25
666,5.11712637183146,25
667,5.300464693579385,25
668,5.087440405083689,25
669,5.247702092844984,25
670,5.520982435596527,25
671,5.351507126786463,25
672,4.977891456636296,25
673,5.325783363217066,25
674,4.979037429672932,25
675,5.312077531363957,25
676,5.258143591242377,25
677,5.114216901238873,25
678,5.130945473991355,25
679,5.282053017928209,25
680,5.089083607354816,25
681,5.2241502717453185,25
682,5.181104658379565,25
683,5.435980297340404,25
684,4.914660732141187,25
685,5.353913275397373,25
686,5.324028478042336,25
687,5.033782222495192,25
688,5.5242742331286205,25
689,5.391676486983998,25
690,5.581391997954553,25
691,5.103791199715258,25
692,5.271429203525429,25
693,5.40960539675853,25
694,5.350142229136849,25
695,5.365434798756616,25
696,4.990374356060556,25
697,5.051063308692808,25
698,5.209517136022218,25
699,5.233610800757901,25
700,5.52008123497818,25
701,5.253082463891495,25
702,5.286979583426107,25
703,5.37303436588117,25
704,5.063626466119208,25
705,5.362050662278982,25
706,4.9964595158305665,25
707,5.411912652960029,25
708,5.258403446996447,25
709,5.362923002618207,25
710,5.241277125461425,25
711,5.430940897881001,25
712,5.193025462148654,25
713,5.223013091946628,25
714,5.580761437684872,25
715,5.042008352079873,25
716,5.0145250435526005,25
717,5.163326688372658,25
718,5.0518227746152995,25
719,4.730917940596803,25
720,5.159808965378467,25
721,4.993508491958572,25
722,5.324934817805197,25
723,5.072165713322406,25
724,5.287829110023973,25
725,5.429011671710244,25
726,4.993689298998753,25
727,5.051731737529769,25
728,5.040237400529415,25
729,5.285604973788926,25
730,5.091946485430347,25
731,5.262107550883249,25
732,5.293090803168709,25
733,5.166163255687936,25
734,5.167543811475236,25
735,5.172600363864067,25
736,5.15058013246925,25
737,5.231638634627244,25
738,5.08802410725229,25
739,5.187921545110698,25
740,4.759270119415052,25
741,5.19855583575076,25
742,5.149373712533514,25
743,5.270541148330577,25
744,5.103508190779023,25
745,5.297663568444924,25
746,5.044964426339811,25
747,5.302486840551334,25
748,4.99822282550043,25
749,5.270624625543919,25
750,5.03839089325204,25
751,5.162693488284569,25
752,5.078564954077139,25
753,5.137723046139452,25
754,5.27611035887037,25
755,5.305568201394903,25
756,5.193948985473983,25
757,5.303340209212039,25
758,5.311619833239257,25
759,4.9381797653838895,25
760,5.015822543273551,25
761,5.099593936685417,25
762,5.048216355187306,25
763,5.089630995987304,25
764,5.073744688593736,25
765,5.135850603179443,25
766,4.96264060234943,25
767,5.310003655876378,25
768,4.950511871264799,25
769,5.254498644328,25
770,5.211424442017177,25
771,4.969462485331095,25
772,5.292518344212666,25
773,5.093089857395465,25
774,5.090099976278883,25
775,5.131526307265348,25
776,5.199309653654676,25
777,5.158784396306805,25
778,5.394876210041211,25
779,5.047336711497889,25
780,4.795260360662461,25
781,5.236075387636047,25
782,4.967074033431289,25
783,4.951768735602517,25
784,4.999285506496753,25
785,5.193611778965316,25
786,5.218404898509247,25
787,5.010420025472551,25
788,5.081023335220447,25
789,5.1706554462911,25
790,4.936090673333156,25
791,5.158771439613295,25
792,5.221046232741242,25
793,5.087353369685355,25
794,4.701121377552599,25
795,4.9942632973334815,25
796,5.314384018569121,25
797,5.183955899682713,25
798,5.0436535391358905,25
799,5.258211550889347,25
800,5.343746992412189,25
801,5.616561651615994,25
802,5.343393448770456,25
803,5.448452859354767,25
804,5.22703596931484,25
805,5.263198354184977,25
806,5.61020009124155,25
807,5.66112443958331,25
808,5.307436516785312,25
809,5.435624463979246,25
810,5.21868020489536,25
811,5.38093111350406,25
812,5.490967795583903,25
813,5.527978417859305,25
814,5.369111924036689,25
815,5.534479319816428,25
816,5.4476995093995315,25
817,5.46290187203967,25
818,5.3505651216997085,25
819,5.237016278052653,25
820,5.395736845263201,25
821,5.662586675703924,25
822,5.113576236489904,25
823,5.2180363522297935,25
824,5.400941310366422,25
825,5.359534842078169,25
826,5.170891166961486,25
827,5.6322670724973944,25
828,5.426450765480293,25
829,5.378074580243847,25
830,5.35399040446968,25
831,5.213709578476679,25
832,5.534162936067392,25
833,5.5091329898609,25
834,5.324683801827431,25
835,5.368637133812208,25
836,5.387461760047081,25
837,5.450181459879614,25
838,5.4934962629536015,25
839,5.398405500250881,25
840,5.321315842463124,25
841,5.408623688402772,25
842,5.4232706022563795,25
843,5.459030180080536,25
844,5.1685626683016315,25
845,5.362254934904669,25
846,5.053600791159376,25
847,5.241315018912021,25
848,5.282682301519678,25
849,5.189420321056126,25
850,5.2833647975194085,25
851,5.2933063410513865,25
852,5.483507930783269,25
853,5.379544477950135,25
854,5.53002676275816,25
855,5.609912451194046,25
856,5.1474195460004015,25
857,5.43194764281127,25
858,5.462316994687826,25
859,5.234956704222073,25
860,5.111680513889955,25
861,5.366361095761939,25
862,5.433380504669654,25
863,5.378201176428085,25
864,5.425361519382593,25
865,5.357092181617869,25
866,5.344213184432855,25
867,5.316695959084251,25
868,5.493399372412551,25
869,5.294535368725748,25
870,5.4856328717860885,25
871,5.180116540755502,25
872,5.286012372176694,25
873,5.293555434149722,25
874,5.182993177453788,25
875,5.491987109045182,25
876,5.340119914784924,25
877,5.281922830331517,25
878,5.396388752687634,25
879,5.409116164279609,25
880,5.417222602837065,25
881,5.2515277579203685,25
882,5.400644872423846,25
883,5.315939827684881,25
884,5.495285423455806,25
885,5.231661282533081,25
886,5.132554665722852,25
887,5.364376189820099,25
888,5.353437271572984,25
889,5.397388767359359,25
890,5.262246220290087,25
891,5.30222055379819,25
892,5.436825451004694,25
893,5.275524743716818,25
894,5.255472989593309,25
895,5.486061668612138,25
896,5.073221576316982,25
897,5.158802030075605,25
898,5.567086239068217,25
899,5.223787532263007,25
900,5.265971828468567,25
901,5.2362620337002586,25
902,4.928009619767878,25
903,5.16781502467658,25
904,5.2172438005884265,25
905,5.274377540381161,25
906,5.238164911387802,25
907,5.234850850428794,25
908,5.487178796113582,25
909,5.415118136002678,25
910,5.309746657898608,25
911,5.290348249705728,25
912,4.965268164921918,25
913,5.259730332908089,25
914,5.1462306212096305,25
915,5.253128780523223,25
916,5.179105596107017,25
917,5.261468927920879,25
918,5.336374633786384,25
919,5.235820149722587,25
920,5.515063550596596,25
921,5.144290480104041,25
922,4.713191017881455,25
923,5.220743286972774,25
924,5.254607371112535,25
925,5.174684617115183,25
926,5.266191227214724,25
927,5.3002968020816805,25
928,5.171233674547245,25
929,5.471403866454528,25
930,5.461097663948749,25
931,5.276711270429972,25
932,5.052208850941139,25
933,5.427611569728737,25
934,5.1157496810823595,25
935,5.439882018221897,25
936,5.261191572529628,25
937,5.276934350331884,25
938,5.356376224481475,25
939,5.082830555594802,25
940,5.0145176589979625,25
941,5.31744965748576,25
942,5.491213055243695,25
943,5.490312843700056,25
944,5.132436198713923,25
945,5.2612188127870905,25
946,5.166284756772805,25
947,5.327179418086757,25
948,5.26232164493652,25
949,5.424353683128033,25
950,5.069464493902262,25
951,5.202974149682766,25
952,5.227709910419535,25
953,5.052359510283954,25
954,5.368847975829356,25
955,5.2104682211060895,25
956,5.384154000192333,25
957,4.7598917415812085,25
958,5.320091598651218,25
959,5.0863867140093415,25
960,5.163410908742033,25
961,5.562802657354609,25
962,5.414550718627891,25
963,5.369185373356195,25
964,5.550854176855834,25
965,5.442376989020598,25
966,5.440076007169277,25
967,5.420499358027115,25
968,5.332444216247835,25
969,5.38006665915667,25
970,5.207501804614573,25
971,5.576111582947636,25
972,5.27664072959098,25
973,5.351761129620161,25
974,5.4589692040902476,25
975,5.60770987224227,25
976,5.228032585205196,25
977,5.409980484276186,25
978,5.226718737303426,25
979,5.462776248497901,25
980,5.3761870071506355,25
981,5.43344519382871,25
982,5.331592565404089,25
983,5.563156032542683,25
984,5.2954194994549395,25
985,5.494197049164464,25
986,5.375695225488041,25
987,5.7475563874142654,25
988,5.3258534471983365,25
989,5.304668169848784,25
990,5.638959817001242,25
991,5.4891416406878495,25
992,5.306306804855584,25
993,5.215018417829628,25
994,5.420834259547574,25
995,5.651077433262748,25
996,5.306423107595218,25
997,5.2779384328022205,25
998,5.372836862334481,25
999,5.236363262164896,25
1000,5.25071133449178,25
1001,5.314203950361747,25
1002,5.174695353971828,25
1003,5.6724488044451205,25
1004,5.340748401744999,25
1005,5.146693958045033,25
1006,5.57843265973119,25
1007,5.439797224269083,25
1008,5.240279645201686,25
1009,5.242364088606379,25
1010,5.269011486550309,25
1011,5.531222700338882,25
1012,5.505617736910911,25
1013,5.255717360398591,25
1014,5.103695011000207,25
1015,5.533450751579127,25
1016,5.233056540699915,25
1017,5.440388660292942,25
1018,5.484999169205249,25
1019,5.434485321772158,25
1020,5.247373932563136,25
1021,5.080154892513271,25
1022,5.041549479332073,25
1023,5.51766705021406,25
1024,5.520906027884128,25
1025,5.35708150226589,25
1026,5.283527340805412,25
1027,5.364277864588791,25
1028,5.277496842790617,25
1029,5.435896451006575,25
1030,5.243748532429402,25
1031,5.199998255915445,25
1032,5.595483657107749,25
1033,5.41793089094795,25
1034,5.32154294819936,25
1035,5.4488135526920605,25
1036,5.348354811587942,25
1037,5.3427898183752145,25
1038,5.325471363884003,25
1039,5.217285828075736,25
1040,5.297838226981364,25
1041,5.4719381528116795,25
1042,5.401551680290283,25
1043,5.368565473851364,25
1044,5.343870952943984,25
1045,5.507511088949898,25
1046,5.375738386103666,25
1047,5.490677927460319,25
1048,5.576047942860232,25
1049,5.393300879815874,25
1050,5.34327128071458,25
1051,5.69227050407324,25
1052,5.326059748648663,25
1053,5.531286608915375,25
1054,5.210863254468375,25
1055,5.0773368043341245,25
1056,5.479548023613398,25
1057,5.422082212191088,25
1058,5.194268243989894,25
1059,5.510911046939997,25
1060,5.286968675030145,25
1061,5.110908269588695,25
1062,5.128764244888484,25
1063,5.332159414803054,25
1064,5.236974315482591,25
1065,5.323159126210845,25
1066,5.291272436159236,25
1067,5.656621095619126,25
1068,5.466558919911418,25
1069,5.471986213937329,25
1070,5.420435308245234,25
1071,5.439437961905265,25
1072,5.181843913173157,25
1073,5.363807296638777,25
1074,5.374262831870552,25
1075,5.1309387286620245,25
1076,5.578999362843808,25
1077,5.512250119416852,25
1078,5.388783926914773,25
1079,5.360623792609548,25
1080,5.387497973260754,25
1081,5.233009598152726,25
1082,5.106659069162924,25
1083,5.028430326735587,25
1084,5.347335926448168,25
1085,5.06137722755141,25
1086,5.37829802735424,25
1087,5.443508274648361,25
1088,5.495500034967934,25
1089,5.035056958146221,25
1090,5.491803108584824,25
1091,5.2928463845831715,25
1092,5.309738182354341,25
1093,5.410566697936886,25
1094,5.178280669842364,25
1095,5.245692547040173,25
1096,5.1591111393846925,25
1097,5.162787572842942,25
1098,5.317578700069626,25
1099,5.276182119712273,25
1100,5.165754243910691,25
1101,5.136030563061954,25
1102,5.6353804743341085,25
1103,5.239910255657818,25
1104,5.2228266434471795,25
1105,5.237983015801449,25
1106,5.289899016992167,25
1107,5.562969627647832,25
1108,5.288215187815324,25
1109,5.280320940739232,25
1110,5.463428918429525,25
1111,5.199836955275336,25
1112,5.374970100935509,25
1113,5.361180764443673,25
1114,5.348204472199361,25
1115,5.309215937778254,25
1116,5.084789900512259,25
1117,5.342327938600136,25
1118,5.392506325116287,25
1119,5.397211077019224,25
1120,5.386007390158253,25
1121,5.449562813358905,25
1122,5.578766090631466,25
1123,5.4899415510856,25
1124,5.240027623502162,25
1125,5.243934912774792,25
1126,5.202352533813146,25
1127,5.23176247080633,25
1128,5.4333258942767,25
1129,5.450515597298001,25
1130,5.540369922197527,25
1131,5.497698427275067,25
1132,5.45811274177497,25
1133,5.383935508707781,25
1134,5.680326989887754,25
1135,5.552826284951017,25
1136,5.280577862837699,25
1137,5.439905656048483,25
1138,5.390265319125817,25
1139,5.408923538501926,25
1140,5.599368218767079,25
1141,5.156096184011419,25
1142,5.417376776815304,25
1143,5.295205365059906,25
1144,5.358616879157132,25
1145,5.306087990009683,25
1146,5.484160459504988,25
1147,5.303250392437082,25
1148,5.40907922754673,25
1149,5.474974724259148,25
1150,5.370277162692334,25
1151,5.417565263998277,25
1152,5.205799144863905,25
1153,5.443541159256293,25
1154,5.320790430507014,25
1155,5.1440863371675825,25
1156,5.58181764204732,25
1157,5.55642756440053,25
1158,5.236130407972798,25
1159,5.543797016003013,25
1160,5.459416541378584,25
1161,5.510443626321215,25
1162,5.103764940869634,25
1163,5.351813440241512,25
1164,5.402754231173243,25
1165,5.401657766280687,25
1166,5.187673200320892,25
1167,5.335853917135126,25
1168,5.52500218256243,25
1169,5.642582596899526,25
1170,5.372171758359966,25
1171,5.454293481326698,25
1172,5.353072996958865,25
1173,5.2251124451932505,25
1174,5.329599341728289,25
1175,5.210457935698376,25
1176,5.342963135403837,25
1177,5.281236673166606,25
1178,5.357655432390969,25
1179,5.334781998394172,25
1180,5.550995113540576,25
1181,5.321840144718482,25
1182,5.293450831550869,25
1183,5.383510912924414,25
1184,5.39614799556689,25
1185,5.349151328344208,25
1186,5.651067208741936,25
1187,5.2263966252650675,25
1188,5.299053880428097,25
1189,5.154323511958981,25
1190,5.391409636666516,25
1191,5.353592880202762,25
1192,5.568285294370769,25
1193,5.440095310633371,25
1194,5.457910440915686,25
1195,5.420379385184916,25
1196,5.17974273560307,25
1197,5.234333905248844,25
1198,5.184232732569373,25
1199,5.403747631977636,25
1200,5.0010437601469775,25
1201,5.297808287870706,25
1202,5.322134909193049,25
1203,5.249750351302315,25
1204,5.241396645921004,25
1205,5.276917315004237,25
1206,5.251464038805698,25
1207,5.064920800903534,25
1208,5.315760669595663,25
1209,5.261303969762818,25
1210,5.220309205298218,25
1211,5.346465910533224,25
1212,5.27331063451246,25
1213,5.376097187321702,25
1214,5.263837266251751,25
1215,5.285041582480435,25
1216,5.167276379394696,25
1217,5.497423353868385,25
1218,5.320220859634225,25
1219,5.11099241902969,25
1220,5.239351431013563,25
1221,5.273539980813702,25
1222,5.37543010274847,25
1223,5.236929540356356,25
1224,5.209206589408678,25
1225,5.392524462470173,25
1226,5.158510079075899,25
1227,5.120941196020604,25
1228,5.1170219481510815,25
1229,5.372542835561486,25
1230,5.2819784003452,25
1231,5.166079644311038,25
1232,5.280164580790657,25
1233,5.39390120489837,25
1234,5.189274966584781,25
1235,5.53622216371194,25
1236,5.184646605867977,25
1237,5.580204533567701,25
1238,5.424971711501661,25
1239,5.207881819860469,25
1240,5.2683952646736545,25
1241,5.319471563587623,25
1242,5.430079895293755,25
1243,5.082778169691604,25
1244,5.248051390193229,25
1245,5.3904057469238005,25
1246,5.304146194174837,25
1247,5.191338191011691,25
1248,5.215340505586177,25
1249,5.243846037707935,25
1250,5.220221686418895,25
1251,5.291264820762003,25
1252,5.276850289598516,25
1253,5.397801874426611,25
1254,5.1403847278040775,25
1255,5.333307928788554,25
1256,5.187124185378003,25
1257,5.195529768534341,25
1258,5.437336102300077,25
1259,5.480233282999252,25
1260,5.2807382845128465,25
1261,5.233939646055043,25
1262,5.379696525482826,25
1263,5.168959267223213,25
1264,5.393128311436703,25
1265,5.4310053306693264,25
1266,5.250627993057714,25
1267,5.255343958271035,25
1268,5.2457365087631445,25
1269,5.30869534926685,25
1270,5.163112321688208,25
1271,5.020424086795702,25
1272,5.378188174833789,25
1273,5.387904402631635,25
1274,5.2856810830534275,25
1275,5.336261035229664,25
1276,5.474788171274695,25
1277,5.1611547969719,25
1278,5.1066852322218885,25
1279,5.235646367872608,25
1280,4.979236796511132,25
1281,5.426591300622875,25
1282,5.540181183763627,25
1283,5.387845446719912,25
1284,5.480620135562563,25
1285,5.638670596451774,25
1286,5.379068175017304,25
1287,5.50631754883826,25
1288,5.151514966279941,25
1289,5.394107749698355,25
1290,5.556781527444562,25
1291,5.266623052411321,25
1292,5.6220586290480075,25
1293,5.535459539646801,25
1294,5.558050657634876,25
1295,5.470663808959005,25
1296,5.514788284283069,25
1297,5.217224555329039,25
1298,5.388025351019051,25
1299,5.38590186101151,25
1300,5.3807032849893055,25
1301,5.362819565171052,25
1302,5.4599895250722685,25
1303,5.5575308399417285,25
1304,5.4953648800826675,25
1305,5.538067545065702,25
1306,5.5122655708533435,25
1307,5.597723026617931,25
1308,5.243124762769789,25
1309,5.467513613677764,25
1310,5.269082190941892,25
1311,5.557533006943033,25
1312,5.342650337656381,25
1313,5.146810358133216,25
1314,5.179459643772494,25
1315,5.156384677719955,25
1316,5.479915238860874,25
1317,5.399503342716692,25
1318,5.429958493249785,25
1319,5.6143807490357025,25
1320,5.291430775562495,25
1321,5.278135856724461,25
1322,5.2689374069238015,25
1323,5.505226534970057,25
1324,5.293275189087598,25
1325,5.339492413716244,25
1326,5.3629596676675115,25
1327,5.2363568296067315,25
1328,5.189886341154251,25
1329,5.364631095845374,25
1330,5.350181893735338,25
1331,5.467389238734111,25
1332,5.2197667429133565,25
1333,5.459803545031398,25
1334,5.43284177403398,25
1335,5.347229325025765,25
1336,5.373141085585762,25
1337,5.5019340609111165,25
1338,5.177010416726337,25
1339,5.477870997805629,25
1340,5.15716492135984,25
1341,5.261886321559567,25
1342,5.530493252384766,25
1343,5.30607760827798,25
1344,5.249511300597653,25
1345,5.256395193459296,25
1346,5.374839279297024,25
1347,5.182183425757579,25
1348,5.266511921495621,25
1349,5.214472824725532,25
1350,5.196811706037638,25
1351,5.4259877615026095,25
1352,5.477722291846634,25
1353,5.144195521579252,25
1354,5.491943720430283,25
1355,5.329405648043698,25
1356,5.29143714338109,25
1357,5.361333749267034,25
1358,5.30352171677856,25
1359,5.379950845412538,25
1360,5.154100299425264,25
1361,5.242781778614047,25
1362,5.294102818983845,25
1363,5.239598016641072,25
1364,5.376612301792555,25
1365,5.37042414537526,25
1366,5.4267490501210975,25
1367,5.308195853070463,25
1368,5.43586812185746,25
1369,5.2372833804944685,25
1370,5.380891859130176,25
1371,5.286741280450023,25
1372,5.339823657892887,25
1373,5.251362524351334,25
1374,5.223613557469287,25
1375,5.0934311897865285,25
1376,5.612085917955059,25
1377,5.44250997260608,25
1378,5.313942425961046,25
1379,5.442972789923891,25
1380,5.465202053288048,25
1381,5.461221140088557,25
1382,5.531301636401868,25
1383,5.512726647097466,25
1384,4.927428989358124,25
1385,5.264819311430965,25
1386,5.4760112608782325,25
1387,5.349721919802197,25
1388,5.348388150956072,25
1389,5.2821927051678,25
1390,5.289484955603469,25
1391,5.262526348363082,25
1392,5.31766477056229,25
1393,5.3920226376956375,25
1394,5.40809939194294,25
1395,5.1973836503406545,25
1396,5.319096327225467,25
1397,5.5184597013448204,25
1398,5.476506558103519,25
1399,5.214945801875046,25
1400,5.3739744063172346,25
1401,5.0671085984511555,25
1402,5.2001446740248864,25
1403,5.132147993969052,25
1404,5.439096919435612,25
1405,5.560927833244448,25
1406,5.279007228287321,25
1407,5.393189845747527,25
1408,5.482857575797118,25
1409,5.001017722962495,25
1410,5.1370804494762,25
1411,5.642070715666893,25
1412,5.125582101791817,25
1413,5.110011640088688,25
1414,5.275710444511697,25
1415,5.433780033951402,25
1416,5.315799526721646,25
1417,5.086477242006502,25
1418,5.453222139851133,25
1419,5.43642547515562,25
1420,5.324972996646392,25
1421,5.178416435054603,25
1422,5.095849633593136,25
1423,5.392606050627888,25
1424,5.188217310406321,25
1425,5.204396693303309,25
1426,5.356502203146235,25
1427,5.2504024202442166,25
1428,5.2912282493627245,25
1429,5.1738655939119305,25
1430,5.288719063127019,25
1431,5.023022963841629,25
1432,5.283382811555749,25
1433,5.3088056694448,25
1434,5.337515579379406,25
1435,5.227869893586082,25
1436,5.344306054098138,25
1437,5.401976861591319,25
1438,5.043008245821541,25
1439,5.291164590219213,25
1440,5.304511864033021,25
1441,5.49073156264865,25
1442,5.4430744513612686,25
1443,5.413300654701534,25
1444,5.4023061109500095,25
1445,5.284390547984268,25
1446,5.3782954049429,25
1447,5.6399501463115245,25
1448,5.3907528208034075,25
1449,5.308014324842962,25
1450,5.456764890195001,25
1451,5.269056935130367,25
1452,5.592387811551032,25
1453,5.542289160263351,25
1454,5.463343198513216,25
1455,5.601656186505571,25
1456,5.428182360442823,25
1457,5.333355883172024,25
1458,5.3707602073272325,25
1459,5.48561273868958,25
1460,5.317223681395425,25
1461,5.360325600287918,25
1462,5.464331675053818,25
1463,5.4939937342287095,25
1464,5.516497000436432,25
1465,5.4221055064664885,25
1466,5.457667182905573,25
1467,5.149534496086781,25
1468,5.4409328188074175,25
1469,5.201814119406107,25
1470,5.500583758243446,25
1471,5.545576311983629,25
1472,5.243932708117448,25
1473,5.241926447418133,25
1474,5.5816422818802875,25
1475,5.39821833532408,25
1476,5.62799985433438,25
1477,5.435400225474488,25
1478,5.390097506877238,25
1479,5.516013032454109,25
1480,5.591848466512448,25
1481,5.288067799380434,25
1482,5.3113927178254565,25
1483,5.33762178979185,25
1484,5.46717482070133,25
1485,5.620417628959163,25
1486,5.511429249124162,25
1487,5.356068287393006,25
1488,5.375213114648887,25
1489,5.482372546318852,25
1490,5.268515695122857,25
1491,5.272538768314321,25
1492,5.450403966545981,25
1493,5.495504904997016,25
1494,5.441521011155941,25
1495,5.337699426539242,25
1496,5.5311666627492615,25
1497,5.2745643138564065,25
1498,5.454817230623317,25
1499,5.3195707557270655,25
1500,5.238761185441748,25
1501,5.333991901960751,25
1502,5.256908406059583,25
1503,5.326713392215815,25
1504,5.3712103760502785,25
1505,5.233250686423532,25
1506,5.5093997404566295,25
1507,5.431977252708977,25
1508,5.298288573428568,25
1509,5.54752521820758,25
1510,5.1727793524395125,25
1511,5.560920474519954,25
1512,5.637063643874811,25
1513,5.223990540340284,25
1514,5.351403916332713,25
1515,5.33102240259936,25
1516,5.4011309060274115,25
1517,5.377403842980689,25
1518,5.237884109396467,25
1519,5.556465538273916,25
1520,5.283380611643853,25
1521,5.330235906300431,25
1522,5.304356690763284,25
1523,5.358061672721558,25
1524,5.464360219687221,25
1525,5.430425486366116,25
1526,5.334547844587934,25
1527,5.314076911953575,25
1528,5.32403219321996,25
1529,5.615528631567634,25
1530,5.5378691511878495,25
1531,5.1857980259225425,25
1532,5.268611087697691,25
1533,5.064473734152617,25
1534,5.296399082614195,25
1535,5.2837419240339365,25
1536,5.569384877864894,25
1537,5.157141404092187,25
1538,5.481007614607625,25
1539,5.410429191194465,25
1540,5.5334050284990814,25
1541,5.437570914341925,25
1542,5.4788680410708475,25
1543,5.266148516025531,25
1544,5.407353673850705,25
1545,5.077295969823378,25
1546,5.422725726243059,25
1547,5.377590810103984,25
1548,5.1043770218294435,25
1549,5.429547679067109,25
1550,5.1422018197692525,25
1551,5.263557426129728,25
1552,5.464189446849837,25
1553,5.271388382838841,25
1554,5.464640391623468,25
1555,5.2483589548829475,25
1556,5.389822432015081,25
1557,5.368791722191475,25
1558,5.375694932632552,25
1559,5.474365477149484,25
1560,5.430601519944103,25
1561,5.361487102279089,25
1562,5.184432471646858,25
1563,5.10953970750219,25
1564,5.237784663499989,25
1565,5.223098167154764,25
1566,5.499679012298212,25
1567,5.415598851543092,25
1568,5.487720704832278,25
1569,5.045723035974674,25
1570,5.206310627893888,25
1571,5.300545455777089,25
1572,5.198359723814914,25
1573,5.2551621707404035,25
1574,5.396181275727429,25
1575,5.267460575606414,25
1576,5.2687493086913495,25
1577,5.195545041365795,25
1578,5.441546035078138,25
1579,5.343488109873812,25
1580,5.395324599789675,25
1581,5.339600291730792,25
1582,5.300584243147219,25
1583,5.320484694461677,25
1584,5.163948158020423,25
1585,5.349024853064536,25
1586,5.175881674813347,25
1587,5.342060286472212,25
1588,5.299245746860578,25
1589,5.375538359765427,25
1590,5.426615682138782,25
1591,5.254977781957217,25
1592,5.158140821460185,25
1593,5.298495039792053,25
1594,5.306821807824501,25
1595,5.158412165102559,25
1596,5.426357275283608,25
1597,5.293971414171741,25
1598,5.4893593273094075,25
1599,5.240311817308879,25
1600,5.300228416669338,25
1601,5.368392424128808,25
1602,5.334972629641369,25
1603,5.4391354451370955,25
1604,5.282133823964564,25
1605,5.426433317995242,25
1606,5.436202355152798,25
1607,5.332894669695981,25
1608,5.382532406924242,25
1609,5.448495304287483,25
1610,5.508407705851705,25
1611,5.460108453342428,25
1612,5.368013762739406,25
1613,5.256869825311561,25
1614,5.311337577503293,25
1615,5.365891790323896,25
1616,5.543412959772718,25
1617,5.422607242101375,25
1618,5.211168233741643,25
1619,5.533021278158009,25
1620,5.428955431874197,25
1621,5.442072297073797,25
1622,5.425467686615163,25
1623,5.445985811586821,25
1624,5.297277342845768,25
1625,5.391085079249823,25
1626,5.5082151273721145,25
1627,5.395574338422301,25
1628,5.334130982003808,25
1629,5.376177022076501,25
1630,5.169010424611641,25
1631,5.1732088415673125,25
1632,5.344550718776119,25
1633,5.442053716054484,25
1634,5.304073518323945,25
1635,5.183194809673123,25
1636,5.461213242013791,25
1637,5.222433665979784,25
1638,5.334371028435177,25
1639,5.455032507704353,25
1640,4.947250977904799,25
1641,5.303566548671062,25
1642,5.377883079643582,25
1643,5.4346002749458595,25
1644,5.458416246762209,25
1645,5.291263111017931,25
1646,5.491156097845445,25
1647,5.43212550652694,25
1648,5.4654953276813,25
1649,5.2848890275965275,25
1650,5.3473501366820315,25
1651,5.379722625462579,25
1652,5.523532473497931,25
1653,5.438452431630006,25
1654,5.26116641064586,25
1655,5.2055494170925325,25
1656,5.553915615546908,25
1657,5.284014521608213,25
1658,5.240778710123519,25
1659,5.2348388870150835,25
1660,5.5101121754372295,25
1661,5.4735066575152285,25
1662,5.430969532727064,25
1663,5.376582693892283,25
1664,5.409532761160099,25
1665,5.355937761687568,25
1666,5.396969449570966,25
1667,5.1825559843406515,25
1668,5.385410290898626,25
1669,5.53441119111209,25
1670,5.373512898155231,25
1671,5.2906098229536775,25
1672,5.270240918420524,25
1673,5.426127359130151,25
1674,5.3074503010862575,25
1675,5.1627973088206325,25
1676,5.039210757831308,25
1677,5.275489698143381,25
1678,5.327726012227889,25
1679,5.104101549219063,25
1680,5.139351121665369,25
1681,5.2434389567954955,25
1682,5.141728005108155,25
1683,5.328262446180934,25
1684,5.367850687225808,25
1685,5.295796999237122,25
1686,5.281176516144678,25
1687,5.329683287599226,25
1688,5.25505609094893,25
1689,5.221440632585331,25
1690,5.363265020020832,25
1691,5.219274216232096,25
1692,5.145043911411952,25
1693,5.260350191792499,25
1694,5.278824750723963,25
1695,5.3341221240077275,25
1696,5.412270410859704,25
1697,5.325688688377926,25
1698,5.350503299808517,25
1699,5.275868918651614,25
1700,5.4361496133740195,25
1701,5.414087326022109,25
1702,5.296662931868299,25
1703,5.307361545992736,25
1704,5.34241503783972,25
1705,5.299807061127414,25
1706,5.212765919064426,25
1707,5.341564135717067,25
1708,5.293728550104326,25
1709,5.319487463328427,25
1710,5.295831144858198,25
1711,5.3052655698660764,25
1712,5.466535800898051,25
1713,5.325192760171163,25
1714,5.212029217760267,25
1715,5.195500998345757,25
1716,5.238383304760173,25
1717,5.203229311439594,25
1718,5.328178786765869,25
1719,5.350314823398997,25
1720,5.132491227731883,25
1721,5.310137271981565,25
1722,5.322894950430898,25
1723,5.494954290805565,25
1724,5.136507090081955,25
1725,5.325002572661221,25
1726,5.1985091623305815,25
1727,5.337549774545578,25
1728,5.263416375327657,25
1729,5.111905886165137,25
1730,5.239302183084717,25
1731,5.248666564638505,25
1732,5.392120223159451,25
1733,5.407392161561916,25
1734,5.317088187403773,25
1735,5.428347137268291,25
1736,5.2501282403635505,25
1737,5.26243528845055,25
1738,5.172125538478291,25
1739,5.070647131113211,25
1740,5.109712305770386,25
1741,5.36389977890391,25
1742,5.290518166493017,25
1743,5.377780291501775,25
1744,5.227024382283886,25
1745,5.221647033466924,25
1746,5.299772749135572,25
1747,5.159602367231026,25
1748,5.348320346250271,25
1749,5.353416883076209,25
1750,5.241760934720477,25
1751,5.385080468666325,25
1752,5.325577648521653,25
1753,5.308330714228976,25
1754,5.217072672046213,25
1755,5.179285666067145,25
1756,5.048676455836769,25
1757,5.191862798770528,25
1758,5.305030547503289,25
1759,5.311841415068759,25
1760,5.206283304101141,25
1761,5.5553473067487085,25
1762,5.605049069030526,25
1763,5.309039833644412,25
1764,5.155809138918141,25
1765,5.371762739498777,25
1766,5.425409629942323,25
1767,5.334197917416894,25
1768,5.383194713467071,25
1769,5.517693617899528,25
1770,5.298768240289149,25
1771,5.243616933342645,25
1772,5.349728343127882,25
1773,5.525912285695615,25
1774,5.2739318845476495,25
1775,5.378207589807743,25
1776,5.36728740980709,25
1777,5.38155178290306,25
1778,5.446247385622139,25
1779,5.318264202450406,25
1780,5.144528354784531,25
1781,5.189089391461927,25
1782,5.253185379199019,25
1783,5.366359532812355,25
1784,5.287984527666299,25
1785,5.35049240126159,25
1786,5.390701988794704,25
1787,5.447329258978572,25
1788,5.2549693959476045,25
1789,5.164753912021404,25
1790,5.48424311424393,25
1791,5.338079837914464,25
1792,5.507965475634995,25
1793,5.3634138275735666,25
1794,5.403632675508057,25
1795,5.240323852292314,25
1796,5.473937325351165,25
1797,5.2880711323077385,25
1798,5.342541058585608,25
1799,5.5072560213469455,25
1800,5.275131569117291,25
1801,5.438059654221778,25
1802,5.147120189429835,25
1803,5.4453316159614795,25
1804,5.5441792077368675,25
1805,5.460817916722905,25
1806,5.437820739742863,25
1807,5.301565772265809,25
1808,5.509791256886635,25
1809,5.402864247304186,25
1810,5.399967548037579,25
1811,5.328532198545207,25
1812,5.251480656594465,25
1813,5.3076061464845266,25
1814,5.284481118271676,25
1815,5.179278221270475,25
1816,5.3165016551432,25
1817,5.177142909243215,25
1818,5.300402001864625,25
1819,5.249724263099429,25
1820,5.431626997555129,25
1821,5.326309444155129,25
1822,5.367659371868594,25
1823,5.3698235309634565,25
1824,5.447075835563331,25
1825,5.3730301149660855,25
1826,5.428699332051232,25
1827,5.398286769198247,25
1828,5.441635114189591,25
1829,5.375416829790072,25
1830,5.240643630543064,25
1831,5.384863590112957,25
1832,5.2932439867496655,25
1833,5.45869658430782,25
1834,5.4528935413802095,25
1835,5.401037061832041,25
1836,5.469676901052463,25
1837,5.445523312828634,25
1838,5.245410911210894,25
1839,5.201155033874916,25
1840,5.335900589141225,25
1841,5.39415115388721,25
1842,5.125690564660133,25
1843,5.202309090651669,25
1844,5.472898023326265,25
1845,5.30123395509714,25
1846,5.259592804324187,25
1847,5.426137602176384,25
1848,5.529914079537348,25
1849,5.240439520792593,25
1850,5.223216012749613,25
1851,5.345917515962609,25
1852,5.386793147674508,25
1853,5.293258584076959,25
1854,5.140211073583919,25
1855,5.175165907557061,25
1856,5.330960895344263,25
1857,5.225081025091542,25
1858,5.316327399828269,25
1859,5.267276316128189,25
1860,5.254894256638732,25
1861,5.177826306670009,25
1862,5.3090263054100895,25
1863,5.529553549374496,25
1864,5.013602175254408,25
1865,5.286371376863853,25
1866,5.256935768347769,25
1867,5.344186980375056,25
1868,5.2913947270623085,25
1869,5.168739857807607,25
1870,5.084411859306076,25
1871,5.430341648737245,25
1872,5.2492369354076445,25
1873,5.144587248845191,25
1874,5.334497327832991,25
1875,5.258040152731848,25
1876,5.452022276363907,25
1877,5.47540648585787,25
1878,5.25363828717908,25
1879,5.295954743665611,25
1880,5.3186451953841205,25
1881,5.073693989920831,25
1882,5.320304702006969,25
1883,5.210491811517973,25
1884,5.305116490745793,25
1885,5.3105191543162285,25
1886,5.4594461656281235,25
1887,5.240387750035095,25
1888,5.214149536407992,25
1889,5.2698653869194585,25
1890,5.229891511149246,25
1891,5.232206222306693,25
1892,5.108020446202793,25
1893,5.153769888107251,25
1894,5.374534448633582,25
1895,5.291927304603914,25
1896,5.208823074222252,25
1897,5.437969104846894,25
1898,5.180590740984728,25
1899,5.0657628418330205,25
1900,5.233745314137351,25
1901,5.163087349215833,25
1902,5.330470009063073,25
1903,5.205051012845461,25
1904,5.188532903476904,25
1905,5.4700671599331345,25
1906,5.1740362572729,25
1907,5.453381456251314,25
1908,5.3110336315602344,25
1909,5.35154973092779,25
1910,5.272063951503259,25
1911,5.346479911230906,25
1912,5.40462630495619,25
1913,5.287318708248548,25
1914,5.316427142414237,25
1915,5.276676547111894,25
1916,5.276689411567104,25
1917,5.118817605087808,25
1918,5.13058043934614,25
1919,5.239131329007421,25
1920,5.280198739625865,25
1921,5.1787555345790315,25
1922,5.206094176766504,25
1923,5.484512230357946,25
1924,5.320894487400677,25
1925,5.251870590546736,25
1926,5.377692499001722,25
1927,5.469585837345161,25
1928,5.500284573758194,25
1929,5.436210522024921,25
1930,5.302481037305566,25
1931,5.401730466303706,25
1932,5.4093335740892305,25
1933,5.345809532532023,25
1934,5.2330383437803984,25
1935,5.205820675478623,25
1936,5.248805340029145,25
1937,5.293141434688718,25
1938,5.35803888328342,25
1939,5.373529796165847,25
1940,5.251465872149202,25
1941,5.268627652999183,25
1942,5.178953966701306,25
1943,5.3051022836405926,25
1944,5.249283606914948,25
1945,5.4264994549497505,25
1946,5.471743964040954,25
1947,5.332677925521681,25
1948,5.361793620713533,25
1949,5.431231904477421,25
1950,5.335869233506547,25
1951,5.260982851729867,25
1952,5.420659523383718,25
1953,5.418878030146296,25
1954,5.345544961937579,25
1955,5.335669971704223,25
1956,5.437153189049617,25
1957,5.273571833211836,25
1958,5.444734011317108,25
1959,5.45312443821763,25
1960,5.317389698101753,25
1961,5.317898709183039,25
1962,5.4378230514770065,25
1963,5.351158868262724,25
1964,5.419225016712613,25
1965,5.39162963475372,25
1966,5.218327575519872,25
1967,5.265844993707657,25
1968,5.20356118900178,25
1969,5.326704838252853,25
1970,5.362642736959535,25
1971,5.231091384081618,25
1972,5.481698018839706,25
1973,5.390629376337579,25
1974,5.3956157945171075,25
1975,5.371723983708513,25
1976,5.347307078392099,25
1977,5.23020587761437,25
1978,5.473025885192871,25
1979,5.327248507136549,25
1980,5.287164553626365,25
1981,5.307586296676144,25
1982,5.200737704954491,25
1983,5.3578872775245445,25
1984,5.261799246966095,25
1985,5.35028576246964,25
1986,5.403637166102685,25
1987,5.420050762845666,25
1988,5.234274362014623,25
1989,5.13362325916032,25
1990,5.244892178802079,25
1991,5.414167194385951,25
1992,5.306827894111477,25
1993,5.1932814397504945,25
1994,5.334433036386087,25
1995,5.2823781896061845,25
1996,5.224473212277006,25
1997,5.219736868920841,25
1998,5.306497097193711,25
1999,5.115676897643085,25
2000,5.186451201521869,25
2001,5.335882674204671,25
2002,5.20212852653992,25
2003,5.251424170299974,25
2004,5.2406193393483465,25
2005,5.376731561867141,25
2006,5.2200204188384305,25
2007,5.38950445577737,25
2008,5.249303783301203,25
2009,5.25058228394034,25
2010,5.485603965396727,25
2011,5.236765329743285,25
2012,5.032370922712428,25
2013,5.185899147075768,25
2014,5.320014616650226,25
2015,5.363471590685808,25
2016,5.1602427352147355,25
2017,5.298026284499717,25
2018,5.4025038019137535,25
2019,5.193807318135834,25
2020,5.155266144499554,25
2021,5.191681104334004,25
2022,5.331100812951534,25
2023,5.275785604642064,25
2024,5.199305275406801,25
2025,5.311876154119133,25
2026,5.444723465913052,25
2027,5.370639172400888,25
2028,5.384319319956628,25
2029,5.170976908777004,25
2030,5.28321399295727,25
2031,5.282752740613095,25
2032,5.526755130652205,25
2033,5.145986754014118,25
2034,5.338649743096561,25
2035,5.186817583027601,25
2036,5.2534013216482816,25
2037,5.131147654893205,25
2038,5.213979097219639,25
2039,5.272343119611571,25
2040,5.317387685602252,25
2041,5.238856321071998,25
2042,5.173854887068213,25
2043,5.277218073731528,25
2044,5.307938086834673,25
2045,5.29872005056515,25
2046,5.415491505013016,25
2047,5.287563504025138,25
2048,5.226034498073363,25
2049,5.242235692857289,25
2050,5.219089019470168,25
2051,5.390769403191223,25
2052,5.379428329993501,25
2053,5.129640574864742,25
2054,5.4383852290615735,25
2055,5.357541100970913,25
2056,5.251717072766505,25
2057,5.365986652240194,25
2058,5.279122547451424,25
2059,5.251769451007404,25
2060,5.003834874529971,25
2061,5.2672351231453165,25
2062,5.200128385880571,25
2063,5.116288951285427,25
2064,5.31906294773204,25
2065,5.289802006057426,25
2066,5.333331504946615,25
2067,5.209733418288731,25
2068,5.121147013796874,25
2069,5.15930101035099,25
2070,5.263517057072263,25
2071,5.272371332339732,25
2072,4.87833651196759,25
2073,5.1375121711413145,25
2074,5.385753307806967,25
2075,5.167085811113415,25
2076,5.207380916162112,25
2077,5.419356503166047,25
2078,5.311477715398325,25
2079,5.2667409840247075,25
2080,5.025615302676782,25
2081,5.275201581871591,25
2082,5.314579364740672,25
2083,5.277222724030084,25
2084,5.065347835385666,25
2085,5.345901339569709,25
2086,5.3660719732994515,25
2087,5.383557697689782,25
2088,5.134926609918574,25
2089,5.181555782765581,25
2090,5.5322096988338085,25
2091,5.203582520243293,25
2092,5.325434559761708,25
2093,5.227933527890953,25
2094,5.22981665573553,25
2095,5.473797822374554,25
2096,5.318378701476694,25
2097,5.361050759287842,25
2098,5.223838759020814,25
2099,5.454711231398193,25
2100,5.281870753885894,25
2101,5.332348072243362,25
2102,5.412490279317591,25
2103,5.3016186348345125,25
2104,5.434442464420797,25
2105,5.16233943203184,25
2106,5.284690878431219,25
2107,5.277681827906388,25
2108,5.283944107150005,25
2109,5.197063338292844,25
2110,5.446574526337003,25
2111,5.55729166056106,25
2112,5.208882353402121,25
2113,5.3724303248559,25
2114,5.425221544442423,25
2115,5.065305035481821,25
2116,5.244329261012298,25
2117,5.292087939647586,25
2118,5.106887111284746,25
2119,5.408781243816245,25
2120,5.282948333009217,25
2121,5.353282943490159,25
2122,5.196581418334137,25
2123,5.397077508000572,25
2124,5.2706565296855485,25
2125,5.327357444733559,25
2126,5.228516911510751,25
2127,5.307546447974231,25
2128,5.271782779874984,25
2129,5.191007768631779,25
2130,5.258098960682645,25
2131,5.427381296617435,25
2132,5.150860886694795,25
2133,5.202595529897504,25
2134,5.217786752621207,25
2135,5.1828475997732415,25
2136,5.10550990182713,25
2137,5.20010232364036,25
2138,5.298188927418587,25
2139,5.199523925077779,25
2140,5.368756585665604,25
2141,5.170722698828467,25
2142,5.252000414201799,25
2143,5.039417025244427,25
2144,5.163196857302989,25
2145,5.389263803392915,25
2146,5.198022021612049,25
2147,5.143974566995001,25
2148,5.250177812298344,25
2149,5.292929243907524,25
2150,5.156165327908254,25
2151,5.25927932055657,25
2152,5.204573099886251,25
2153,5.14476660098861,25
2154,5.130090953071978,25
2155,5.114869922752218,25
2156,5.160299928762906,25
2157,5.152473640836709,25
2158,4.987445315470822,25
2159,5.2480997576799915,25
2160,5.151231742210439,25
2161,5.250951805206987,25
2162,5.192549057497796,25
2163,5.1785585135950445,25
2164,5.239410248601821,25
2165,5.127024174308159,25
2166,5.375542679430161,25
2167,5.003340778248813,25
2168,5.246055200100447,25
2169,5.393102574094136,25
2170,5.2043086231877025,25
2171,5.067711104219559,25
2172,5.14619499066423,25
2173,5.1725902741999334,25
2174,5.310140131138688,25
2175,5.205821997436694,25
2176,5.418017516984459,25
2177,5.347768597352904,25
2178,5.240079699051801,25
2179,5.207414733883592,25
2180,5.246127228629863,25
2181,5.097968482031378,25
2182,5.09653833992887,25
2183,5.2953124423212845,25
2184,5.214897988700447,25
2185,5.271438935566725,25
2186,5.212622284034149,25
2187,5.057788164095071,25
2188,5.219741765452941,25
2189,5.285272084645705,25
2190,5.215879584750122,25
2191,5.2427448983893,25
2192,5.125541638415005,25
2193,5.248349411490259,25
2194,5.281866225953936,25
2195,5.042008856698982,25
2196,5.2027338512000565,25
2197,5.175246764652277,25
2198,5.104495058175903,25
2199,5.0763340422848655,25
2200,5.393713751570262,25
2201,5.252264586863258,25
2202,5.037370277861945,25
2203,5.170956180398914,25
2204,5.31056080833023,25
2205,5.138269662171343,25
2206,5.230578712856305,25
2207,5.319396902307085,25
2208,5.364163719820833,25
2209,5.051590572049294,25
2210,5.129931895063472,25
2211,5.097097630829833,25
2212,5.289915367008786,25
2213,5.253444810913952,25
2214,5.238058624301097,25
2215,5.07094358896608,25
2216,5.255774515839712,25
2217,5.058702527163626,25
2218,5.147794120662872,25
2219,5.207758467922492,25
2220,5.346131588795957,25
2221,5.200670522916055,25
2222,5.212798821678581,25
2223,5.101816392082798,25
2224,5.04553351850654,25
2225,5.049987481631977,25
2226,5.218826694514251,25
2227,5.098638654539371,25
2228,5.013267950418468,25
2229,5.312932514886225,25
2230,5.315774620413309,25
2231,5.115228269218013,25
2232,5.214274033204599,25
2233,5.252267735555417,25
2234,5.131057403021613,25
2235,5.3048711352042845,25
2236,5.333194076538944,25
2237,5.234069058645982,25
2238,5.1584979404394,25
2239,5.103549167362068,25
2240,5.360373775829619,25
2241,5.181643914341063,25
2242,5.35587691800689,25
2243,5.229397287352212,25
2244,5.385492387721563,25
2245,5.327103503369403,25
2246,5.285759981222226,25
2247,5.418891832535016,25
2248,5.337650649056721,25
2249,5.282364742640142,25
2250,5.2728529921685094,25
2251,5.390316997383323,25
2252,5.221837700933084,25
2253,5.126827831666452,25
2254,5.270747525278883,25
2255,5.1767194760603275,25
2256,5.169564029373148,25
2257,5.474746123765042,25
2258,5.378490507230289,25
2259,5.220669069668223,25
2260,5.042661528454496,25
2261,5.216322825793251,25
2262,5.097333018451936,25
2263,5.180152009543497,25
2264,5.265634997030726,25
2265,5.307755433320402,25
2266,5.09934666588084,25
2267,5.132077824144457,25
2268,5.232408975185208,25
2269,5.402772855980299,25
2270,5.254905975880752,25
2271,5.430632101690113,25
2272,5.251040140013598,25
2273,5.366124347158198,25
2274,5.208059994052004,25
2275,5.216243636633319,25
2276,5.2613319536257945,25
2277,5.1684281647719805,25
2278,5.245341364242641,25
2279,5.192665108651296,25
2280,5.098929217952962,25
2281,5.4257195677744345,25
2282,5.470654645913563,25
2283,5.262942877606432,25
2284,5.378510292597413,25
2285,5.279914103410542,25
2286,5.251513707402148,25
2287,5.252146334630906,25
2288,5.397910215725659,25
2289,5.174497237151581,25
2290,5.101833838384345,25
2291,5.256086916558985,25
2292,5.256325504865124,25
2293,5.3254735122185055,25
2294,5.070500408786268,25
2295,5.3799218978182095,25
2296,5.313557624141823,25
2297,5.286170525998468,25
2298,5.224116978764872,25
2299,5.373291781531483,25
2300,5.234418620528803,25
2301,5.157080276793666,25
2302,5.278702933431041,25
2303,5.224747154582864,25
2304,5.2168688725483765,25
2305,5.2656555971817856,25
2306,4.990910443088419,25
2307,5.272954926487969,25
2308,5.102504577778868,25
2309,5.264473312112091,25
2310,5.276915576218675,25
2311,5.373770541574278,25
2312,5.2232357858957315,25
2313,5.207144704859137,25
2314,5.258498062164635,25
2315,5.273886869230989,25
2316,5.237807612064957,25
2317,5.183399177179901,25
2318,5.2100221678950085,25
2319,5.196917119055368,25
2320,5.182307330908367,25
2321,5.17392115885085,25
2322,5.257641581514286,25
2323,5.0824369092663,25
2324,5.410736953131722,25
2325,5.146387290298587,25
2326,5.234357912570694,25
2327,5.116451578155933,25
2328,5.311825895310217,25
2329,5.247784014374417,25
2330,5.229882418839744,25
2331,5.072840391810882,25
2332,5.1941797727083845,25
2333,5.1440108616061675,25
2334,5.212263741666464,25
2335,5.353243166678252,25
2336,5.222268695456901,25
2337,4.9547400850246,25
2338,5.175050466008639,25
2339,5.350889314908565,25
2340,5.382154118695007,25
2341,5.34456083946013,25
2342,5.122943735731219,25
2343,5.106401379410431,25
2344,5.19045392337329,25
2345,5.220421931088011,25
2346,5.050369178782085,25
2347,5.2108250681878685,25
2348,5.181314646723914,25
2349,5.211354188348246,25
2350,5.222284482064794,25
2351,5.295033731045126,25
2352,5.161450345295517,25
2353,5.21016474742525,25
2354,5.214523968792469,25
2355,5.144033801398178,25
2356,5.081691933874505,25
2357,5.254558003029255,25
2358,5.242353641679051,25
2359,5.262327001953836,25
2360,5.277513015758042,25
2361,5.269543342615969,25
2362,5.175475619268475,25
2363,5.27293196858382,25
2364,5.311590002097416,25
2365,5.177758516345563,25
2366,5.1734716851772,25
2367,5.125885215040157,25
2368,5.079652550148124,25
2369,5.185943783377212,25
2370,5.085955211069332,25
2371,5.275115619396758,25
2372,5.139774490345347,25
2373,5.1919028819284625,25
2374,5.280998806659557,25
2375,5.0993255181096835,25
2376,5.127458724327643,25
2377,5.179896148541029,25
2378,5.374087100718388,25
2379,5.091053953575376,25
2380,5.070340188697303,25
2381,5.120390647265029,25
2382,5.136484431301181,25
2383,5.368291659175957,25
2384,5.1518372461225335,25
2385,5.1197038523636795,25
2386,5.0388754571939405,25
2387,5.314399794570841,25
2388,5.268820746147636,25
2389,5.078548022286591,25
2390,5.434029497306497,25
2391,5.327634090478682,25
2392,5.1207740849486765,25
2393,5.388110552800654,25
2394,5.110642384444921,25
2395,5.184855215595266,25
2396,5.313175316178567,25
2397,5.255211595524111,25
2398,5.099566505374035,25
2399,5.102540672146485,25
2400,5.2297310887026,25
2401,5.209392757682135,25
2402,5.1887234683088,25
2403,5.091745143664999,25
2404,5.208827025842047,25
2405,5.125617076665131,25
2406,5.327559413761349,25
2407,5.114149644895074,25
2408,5.093751411101451,25
2409,5.268388001738567,25
2410,5.238994612438814,25
2411,5.304813769227728,25
2412,5.325212039647735,25
2413,5.22524850480462,25
2414,5.280084870313073,25
2415,5.197993169099903,25
2416,5.2902582585247,25
2417,5.351413343406402,25
2418,5.213574463052497,25
2419,5.132442023571955,25
2420,5.232289918708073,25
2421,5.100887968546662,25
2422,5.082402966312874,25
2423,5.021177838124014,25
2424,5.347524043360356,25
2425,5.362319111296849,25
2426,5.317559395862573,25
2427,5.323238997149138,25
2428,5.242180956705471,25
2429,5.322209042287666,25
2430,5.428719963309671,25
2431,5.109683900692242,25
2432,5.310229769792646,25
2433,5.470566456432556,25
2434,5.355744018871749,25
2435,5.089790533362989,25
2436,5.257670939353729,25
2437,5.282516336253406,25
2438,5.255648945430925,25
2439,5.351606061969565,25
2440,5.244691264395624,25
2441,5.10983963997458,25
2442,5.142099762404436,25
2443,5.2574663850875565,25
2444,5.3410435243109,25
2445,5.36211562693708,25
2446,5.267465615253285,25
2447,5.1959437173123915,25
2448,5.190965776357962,25
2449,5.332792313793132,25
2450,5.21778203310373,25
2451,5.040631677098919,25
2452,5.2179063889403885,25
2453,5.278794128664051,25
2454,5.215900562486889,25
2455,5.315283802130836,25
2456,5.151474472747057,25
2457,5.1606658842949225,25
2458,5.2449477893806975,25
2459,5.120638074614456,25
2460,5.128240547877279,25
2461,5.182684717834035,25
2462,5.314327442586471,25
2463,5.286368006524447,25
2464,5.140010195832844,25
2465,5.052647567762821,25
2466,5.281103336957865,25
2467,5.216290359450261,25
2468,5.088361578675712,25
2469,5.149732534311866,25
2470,5.239871273511156,25
2471,5.16823566534147,25
2472,5.222514297172267,25
2473,5.047838302067214,25
2474,5.293210268183074,25
2475,5.342925412817318,25
2476,5.084937725074609,25
2477,5.162940768821542,25
2478,5.2085205850273635,25
2479,5.2615915750888895,25
2480,4.997436841524518,25
2481,5.154414729559218,25
2482,5.165952054784496,25
2483,5.199260275078578,25
2484,5.223343851254466,25
2485,5.102348812279281,25
2486,5.2228939630173565,25
2487,5.192866080823177,25
2488,5.060610195382546,25
2489,5.068611522338852,25
2490,5.13584582402007,25
2491,5.352354704729878,25
2492,5.027370429445274,25
2493,5.062757225697472,25
2494,5.063833623463145,25
2495,5.269808023508582,25
2496,5.159739001749245,25
2497,4.921042239691578,25
2498,5.051424598566703,25
2499,5.146449180578168,25
2500,5.340561529166611,25
2501,5.072263935090255,25
2502,5.2769908166222885,25
2503,5.139675339714188,25
2504,5.147696681432671,25
2505,5.199674409424503,25
2506,5.165299108421769,25
2507,5.092466949501702,25
2508,5.184792626700572,25
2509,5.119996801498145,25
2510,5.113604908026781,25
2511,5.01085535985064,25
2512,5.0257919027147135,25
2513,5.125534947133993,25
2514,5.064550295456658,25
2515,5.195510003425295,25
2516,5.250807921745052,25
2517,5.140725079093378,25
2518,5.100799530544547,25
2519,5.267720913879026,25
2520,5.059528750639217,25
2521,5.153949726942658,25
2522,5.201105715729434,25
2523,5.186739476544388,25
2524,5.235859572840489,25
2525,5.138881932196063,25
2526,5.023065397634105,25
2527,5.203721552834236,25
2528,5.132652853356723,25
2529,5.105495662533861,25
2530,5.126014026198144,25
2531,5.262507597700228,25
2532,5.2676180112619635,25
2533,5.141932906348399,25
2534,5.277805915166115,25
2535,5.099185153908523,25
2536,5.134917369762539,25
2537,5.149009508435486,25
2538,5.167035952374645,25
2539,5.311053159185342,25
2540,5.215821397690126,25
2541,5.288390311089574,25
2542,5.3139504154053405,25
2543,5.134077117863072,25
2544,5.256697408093428,25
2545,5.092069247297415,25
2546,5.151564478406696,25
2547,5.27025068168153,25
2548,5.1267322453734225,25
2549,5.282091336903594,25
2550,5.281990922850872,25
2551,5.103987130434847,25
2552,5.225767210716417,25
2553,5.06377751948118,25
2554,5.277631188003069,25
2555,5.061453073537383,25
2556,5.03803630866871,25
2557,5.239641663248002,25
2558,5.169424790588637,25
2559,5.363223668563641,25
2560,4.978313670243799,25
2561,5.285704084397519,25
2562,5.249283585198598,25
2563,5.143079190241797,25
2564,5.308837440513975,25
2565,5.109241487084404,25
2566,5.105951859130504,25
2567,5.2917179696024,25
2568,5.168732845462903,25
2569,5.248352297943071,25
2570,4.955221037413057,25
2571,5.200811172757286,25
2572,5.111250845865564,25
2573,5.2905985190337415,25
2574,5.335946708771208,25
2575,5.005582021892332,25
2576,5.138681512981085,25
2577,5.050193274653901,25
2578,5.264852986515075,25
2579,5.1475240697056925,25
2580,5.2798442156902565,25
2581,5.2667125312611125,25
2582,5.309784386306075,25
2583,5.3054319394261,25
2584,5.1828257307281005,25
2585,5.179756751044466,25
2586,5.287759902869118,25
2587,5.095229665737606,25
2588,5.204041661941997,25
2589,5.146304479473871,25
2590,5.188380400120851,25
2591,5.271587591942427,25
2592,5.154006475569549,25
2593,5.019994485103076,25
2594,5.190635061845917,25
2595,4.984560139034617,25
2596,5.233023032489896,25
2597,5.227292796569237,25
2598,5.253718408992962,25
2599,5.039889803157369,25
2600,4.890783714432986,25
2601,5.296376317751249,25
2602,5.069302059620904,25
2603,5.055298152255197,25
2604,5.131324966235639,25
2605,5.281395448355246,25
2606,4.984090863865801,25
2607,5.163742130045814,25
2608,5.104688234957104,25
2609,5.25725333240813,25
2610,5.294009391050365,25
2611,5.168155408834991,25
2612,5.165312792103227,25
2613,5.209222854706557,25
2614,5.268904718965876,25
2615,5.162243954641959,25
2616,5.328868391054816,25
2617,5.11298426792509,25
2618,5.275902554986052,25
2619,5.271731392150202,25
2620,5.142874584713279,25
2621,5.058547858679114,25
2622,5.209944840522554,25
2623,5.245614710106038,25
2624,5.257223903316313,25
2625,5.157891492498642,25
2626,5.216440342682046,25
2627,5.080752673407849,25
2628,5.190371411240138,25
2629,5.15491427922218,25
2630,5.079351809289982,25
2631,5.049403862294916,25
2632,5.243304430803703,25
2633,5.107442076947215,25
2634,5.186725223575797,25
2635,5.065936808967819,25
2636,5.140600065665312,25
2637,4.943754196780479,25
2638,5.112763531692475,25
2639,4.961375679941496,25
2640,5.176760680551387,25
2641,5.084450253982089,25
2642,5.0208417191270325,25
2643,5.203086535967453,25
2644,5.206075406057811,25
2645,5.228332826188104,25
2646,5.153605296380556,25
2647,5.179829554665139,25
2648,5.366474936066258,25
2649,5.239618091018667,25
2650,5.063991285321744,25
2651,5.206544214245989,25
2652,5.17837799569903,25
2653,5.092538410463578,25
2654,5.12895506021388,25
2655,5.267577685125634,25
2656,5.114712483834897,25
2657,5.188139386236359,25
2658,5.109551444310497,25
2659,5.073186057726963,25
2660,5.224114653343304,25
2661,5.167816543164515,25
2662,5.083033100299874,25
2663,5.213866614818702,25
2664,5.189028396323448,25
2665,5.207847036431332,25
2666,5.0480640358850515,25
2667,5.236806095032029,25
2668,5.166800485320401,25
2669,5.138665230438347,25
2670,5.341266784006706,25
2671,5.078278271439917,25
2672,5.1927051280196315,25
2673,5.233624573618752,25
2674,5.130247947618578,25
2675,5.1440019130792205,25
2676,5.127352243993839,25
2677,5.1653449470639385,25
2678,5.153488830064284,25
2679,5.077387739795533,25
2680,5.194506474195589,25
2681,5.138432285574529,25
2682,5.0003266300893605,25
2683,4.996078273811525,25
2684,5.1390291715108125,25
2685,5.000809899542265,25
2686,5.086768590742647,25
2687,5.170069645993869,25
2688,5.064409575585211,25
2689,5.095808399894003,25
2690,5.09358242019856,25
2691,4.992168219451408,25
2692,5.132131532809705,25
2693,5.1635364925268314,25
2694,5.107638708285194,25
2695,5.095311686374409,25
2696,5.304140699108654,25
2697,5.062226793285278,25
2698,5.142027628749418,25
2699,5.148187501821469,25
2700,5.196354855387163,25
2701,5.131388894828557,25
2702,5.0825642862964875,25
2703,5.069179077101034,25
2704,5.120331153219403,25
2705,4.944806884182711,25
2706,5.0591935955834595,25
2707,5.1459571796414645,25
2708,5.127177970443144,25
2709,5.1790738586351415,25
2710,5.105959810359791,25
2711,5.21935974168824,25
2712,5.275660384055915,25
2713,5.135329892771033,25
2714,5.15767531001741,25
2715,5.151068864666661,25
2716,5.2596344217665205,25
2717,5.07225917784028,25
2718,5.281143660516947,25
2719,5.169735891992181,25
2720,5.255658622134209,25
2721,5.2225776634094405,25
2722,5.149037203855063,25
2723,5.113732217067572,25
2724,5.260169682847139,25
2725,5.1701958887529464,25
2726,5.053862508536261,25
2727,5.2315481802891775,25
2728,5.188860629238533,25
2729,5.22582026110489,25
2730,5.1686587809175695,25
2731,5.177733768595272,25
2732,5.208385539000989,25
2733,5.22603416781723,25
2734,5.270407946260886,25
2735,5.25675610381547,25
2736,5.103191183528298,25
2737,5.065959393510177,25
2738,5.170984078844676,25
2739,5.191971428985001,25
2740,5.280708703596151,25
2741,5.259661564503543,25
2742,5.190378932867349,25
2743,5.055086225233007,25
2744,5.170004035818894,25
2745,5.204746953599095,25
2746,5.04975820263096,25
2747,5.27454778915785,25
2748,5.0813745924936695,25
2749,5.1983315885495225,25
2750,5.227047016179445,25
2751,5.214110133760342,25
2752,5.191366890480087,25
2753,5.195719526687643,25
2754,5.139611550354616,25
2755,5.045457886578851,25
2756,5.130275423691551,25
2757,5.049121116173958,25
2758,5.189865863170058,25
2759,5.205098775313319,25
2760,5.13250907389506,25
2761,5.082134538552864,25
2762,5.059778959732472,25
2763,5.180993654368236,25
2764,5.110386630474926,25
2765,5.239545980385603,25
2766,5.116159013850666,25
2767,5.055897614444409,25
2768,5.26444019464694,25
2769,5.13033101963334,25
2770,5.044357229343624,25
2771,5.1850643411771475,25
2772,5.115050121280449,25
2773,5.158961311849231,25
2774,5.2771447920218515,25
2775,5.107499029832149,25
2776,5.133392077982209,25
2777,5.217863817171757,25
2778,5.136091332705088,25
2779,5.155171845133968,25
2780,5.225336815316497,25
2781,5.148531037184493,25
2782,5.1537342329804225,25
2783,5.028729733410237,25
2784,5.003222662541712,25
2785,5.23106143083986,25
2786,5.103420240644858,25
2787,5.111413819244978,25
2788,5.201225442808674,25
2789,5.041691508738633,25
2790,5.173728091208272,25
2791,5.147479934263123,25
2792,5.051501595975363,25
2793,5.09762100493151,25
2794,4.893906959499068,25
2795,5.228931011909717,25
2796,5.2351804524826,25
2797,5.201858760658963,25
2798,5.050440610070084,25
2799,5.13650801120156,25
2800,5.13742631958827,25
2801,5.155104268809044,25
2802,4.937594918958455,25
2803,5.237247498211076,25
2804,5.2212475328729475,25
2805,5.107265675202915,25
2806,5.270860498927481,25
2807,5.191772372114024,25
2808,5.2184747641311855,25
2809,5.046452342257658,25
2810,5.1259897144011894,25
2811,5.14415018632956,25
2812,5.083567329069446,25
2813,5.120910377776298,25
2814,5.1394231339842165,25
2815,5.168525861504783,25
2816,5.004104121607322,25
2817,5.003041785126114,25
2818,5.195001077342155,25
2819,5.215091324165647,25
2820,5.029719000360886,25
2821,5.184886143364737,25
2822,5.152146788121811,25
2823,5.038096305195521,25
2824,5.019618072025354,25
2825,5.1699627301589635,25
2826,5.159027053967891,25
2827,5.03723502069631,25
2828,5.161624639110031,25
2829,5.020070571998796,25
2830,5.134135952570643,25
2831,4.990668066667215,25
2832,5.0211365269622625,25
2833,5.1982370664248405,25
2834,5.303820858202507,25
2835,5.022391535137744,25
2836,5.121439409070217,25
2837,5.196385548698486,25
2838,5.044117769226174,25
2839,4.962925462388525,25
2840,5.195629141342976,25
2841,5.1451054707427115,25
2842,5.204596514766304,25
2843,5.2273619270123985,25
2844,5.101346430871929,25
2845,4.969169676705393,25
2846,5.055962011188617,25
2847,5.151335032820117,25
2848,5.068885159602606,25
2849,5.058003544924828,25
2850,5.2225132354683135,25
2851,5.173809030735207,25
2852,4.9499482624544955,25
2853,5.123484026106587,25
2854,5.141742778167519,25
2855,5.041006103029444,25
2856,5.162006442503061,25
2857,5.035048348863403,25
2858,5.238635920880172,25
2859,5.161366292750895,25
2860,5.155598006095505,25
2861,4.910969445085412,25
2862,5.174522253924568,25
2863,4.962525259232714,25
2864,5.088229080188634,25
2865,4.995272954412242,25
2866,5.123249152343486,25
2867,5.144040774056396,25
2868,5.158263745942361,25
2869,5.027506279004334,25
2870,5.123004328236888,25
2871,5.067845149146128,25
2872,5.206084503078718,25
2873,5.142648782645842,25
2874,5.135948187016558,25
2875,5.028443035422165,25
2876,5.033239218613959,25
2877,5.040279762756339,25
2878,5.190764816937089,25
2879,5.009442393663531,25
2880,5.106592295071554,25
2881,5.096551019927018,25
2882,5.208181421046591,25
2883,5.125611593906497,25
2884,5.144397981193458,25
2885,4.972631686935485,25
2886,4.983721031300369,25
2887,5.293541374649785,25
2888,5.181646324468146,25
2889,4.99859090188196,25
2890,5.216670046701123,25
2891,5.125104436949248,25
2892,5.070232583297271,25
2893,5.199901420291528,25
2894,5.072734803068081,25
2895,5.0357690697758475,25
2896,5.119228740743765,25
2897,5.172942048128548,25
2898,5.192398041428264,25
2899,5.069918069877778,25
2900,5.142809772284415,25
2901,5.156218725767625,25
2902,5.111980013470721,25
2903,5.192129969585736,25
2904,5.099417172762501,25
2905,5.207145912817337,25
2906,5.233589281676838,25
2907,5.05880613856355,25
2908,5.140724797625131,25
2909,5.227906163698794,25
2910,5.132078518092359,25
2911,5.1488533154145575,25
2912,5.096145426216038,25
2913,5.201467980853391,25
2914,5.168955666688735,25
2915,4.910252792213402,25
2916,4.939895480400337,25
2917,5.129703479099953,25
2918,4.989283561210306,25
2919,5.1125732041106335,25
2920,5.06780058836972,25
2921,5.024727440239566,25
2922,5.11144068996507,25
2923,5.0830703176890015,25
2924,5.191816642059003,25
2925,5.086435508894256,25
2926,5.263263925780279,25
2927,5.09543319009139,25
2928,5.1563042832749835,25
2929,5.260396020104513,25
2930,5.285923627241925,25
2931,5.024689953933033,25
2932,5.155321917656419,25
2933,5.131102561445873,25
2934,5.254014605660373,25
2935,5.102578451777774,25
2936,5.090763146843177,25
2937,5.033632026642989,25
2938,5.121087563787741,25
2939,5.159133790659308,25
2940,5.111947351176898,25
2941,5.033710044873004,25
2942,5.028993763330279,25
2943,5.1782179974507505,25
2944,5.095431276034442,25
2945,5.2923263476140905,25
2946,5.021434047116447,25
2947,5.074245814761508,25
2948,5.118514958175497,25
2949,5.007424442283435,25
2950,5.204743601339185,25
2951,5.141677127234613,25
2952,5.026815864982948,25
2953,4.998420344603104,25
2954,4.934591442401289,25
2955,5.026816492972669,25
2956,5.244243127858868,25
2957,5.152459943584351,25
2958,5.099185572236382,25
2959,5.220617252903171,25
2960,5.149109334835151,25
2961,5.225955427968044,25
2962,5.0896357288463285,25
2963,5.046082359996491,25
2964,5.137620559613912,25
2965,5.114495197296881,25
2966,5.128787691450522,25
2967,5.1452318172567,25
2968,4.92891613714388,25
2969,5.047062771581703,25
2970,5.250825455571114,25
2971,5.174699623735042,25
2972,4.970934342811772,25
2973,5.121762146360767,25
2974,5.000182542436833,25
2975,5.051376741290808,25
2976,5.088718609923923,25
2977,5.143544432745933,25
2978,5.103554524404959,25
2979,5.163740273487783,25
2980,5.1365832872170305,25
2981,5.040791102286569,25
2982,5.061682238766265,25
2983,5.19586318317797,25
2984,5.0659318471192485,25
2985,5.195036962070797,25
2986,4.945012685413548,25
2987,5.064844661927434,25
2988,5.221386851150661,25
2989,5.088085522401372,25
2990,5.069109939594386,25
2991,5.2135149979773034,25
2992,5.028545416053876,25
2993,4.976356864114514,25
2994,5.046942900967349,25
2995,5.0717940696645325,25
2996,5.020759319055447,25
2997,5.07529825174466,25
2998,5.1052967356047425,25
2999,4.936275973292744,25
3000,5.008693259423799,25
3001,5.13824812662388,25
3002,5.147567838183407,25
3003,4.9314615540907125,25
3004,5.032810018712271,25
3005,5.026918815495111,25
3006,4.985181447145559,25
3007,5.1249034074463395,25
3008,5.042000702957794,25
3009,5.020902598557073,25
3010,5.04162805396759,25
3011,5.00604959203411,25
3012,5.061749890821501,25
3013,5.133504874714785,25
3014,5.18833954782184,25
3015,5.211466010453663,25
3016,5.011896917303636,25
3017,5.123280735693702,25
3018,5.151240975571387,25
3019,5.027041533739398,25
3020,5.064048565009151,25
3021,5.206182375277236,25
3022,5.062378752951209,25
3023,5.124510462691482,25
3024,4.980523330498761,25
3025,5.113971768412248,25
3026,4.877812994543625,25
3027,5.058959816627464,25
3028,5.027865338437741,25
3029,5.177109882460506,25
3030,5.060995704273185,25
3031,5.004207757583745,25
3032,5.22052791578023,25
3033,4.921226870294212,25
3034,5.002012791746952,25
3035,4.936179359919508,25
3036,5.172151845110549,25
3037,5.160258878068655,25
3038,5.000882354359958,25
3039,5.1237770812682415,25
3040,5.086658284039391,25
3041,5.171135230060115,25
3042,5.128257129515691,25
3043,5.132771256679492,25
3044,5.104196618814937,25
3045,5.075373886082547,25
3046,5.0951650878936166,25
3047,5.162880104102549,25
3048,5.040639572283068,25
3049,5.074192844728215,25
3050,4.970635233699185,25
3051,5.079375771559974,25
3052,5.106806399423711,25
3053,5.128440408528058,25
3054,5.119391513706043,25
3055,5.120675137902728,25
3056,5.076101468302971,25
3057,5.065716264825715,25
3058,5.063500972237011,25
3059,4.890792360853486,25
3060,5.029494015664088,25
3061,5.028124940011183,25
3062,5.104084919127221,25
3063,5.160871207638903,25
3064,5.04642087460401,25
3065,5.14891478780704,25
3066,5.182042819107971,25
3067,5.094827644301137,25
3068,5.000230283186419,25
3069,5.130769527084494,25
3070,5.154363758671119,25
3071,5.187058374753546,25
3072,5.0505881725524935,25
3073,5.117412688668549,25
3074,5.049557873440874,25
3075,5.081222691954379,25
3076,5.290645035327958,25
3077,5.069365320596906,25
3078,4.975486427704132,25
3079,5.178929480415088,25
3080,5.068409641656371,25
3081,5.131818245995699,25
3082,4.966230446074686,25
3083,5.023771302365575,25
3084,5.1075503065549395,25
3085,5.005684023497863,25
3086,5.035030520196574,25
3087,5.160615218909807,25
3088,5.1144991222752845,25
3089,4.991184946634417,25
3090,5.20990992114876,25
3091,5.047925099879805,25
3092,5.111813493651989,25
3093,5.02901252571663,25
3094,5.152210906064761,25
3095,4.960006764496882,25
3096,4.938967407916507,25
3097,5.196285396061373,25
3098,4.993638357057311,25
3099,5.1215200676234325,25
3100,5.085770506560846,25
3101,4.940330836413472,25
3102,4.972602848414149,25
3103,5.1105548113750965,25
3104,5.094675407197032,25
3105,5.123672750170312,25
3106,5.1104172997403525,25
3107,5.096123512139471,25
3108,5.0308602863268295,25
3109,5.1574561132489976,25
3110,5.0331208390296025,25
3111,4.865544832727689,25
3112,5.121976588570245,25
3113,5.099461720558418,25
3114,5.127944717863632,25
3115,5.124028648586491,25
3116,4.9566262943698405,25
3117,5.0944863872471835,25
3118,4.962879589939858,25
3119,4.956482753006693,25
3120,5.088831903967291,25
3121,5.133286614171701,25
3122,5.018880896524105,25
3123,4.859392420842147,25
3124,4.976305773730555,25
3125,5.065514610237838,25
3126,5.0495396121001175,25
3127,5.0913267023727595,25
3128,5.168721595425593,25
3129,5.161144121897282,25
3130,5.165795448217959,25
3131,4.9978446916303545,25
3132,5.010310272009869,25
3133,5.00467749561319,25
3134,4.95089238465667,25
3135,5.102825099455552,25
3136,5.114540330470091,25
3137,5.049274041441201,25
3138,5.033588544063008,25
3139,5.091620447598951,25
3140,5.071403740400545,25
3141,5.114794389988878,25
3142,5.020907792557103,25
3143,4.877458490354632,25
3144,5.013711734324014,25
3145,5.097844587697006,25
3146,4.951609203859525,25
3147,4.981894345901992,25
3148,5.09119851271546,25
3149,4.992882597971434,25
3150,5.067210435561545,25
3151,5.03404829947351,25
3152,4.98310319400725,25
3153,5.115979703269414,25
3154,4.955833976233326,25
3155,5.078005830650762,25
3156,5.047789665499925,25
3157,5.112430487503203,25
3158,4.993087674893965,25
3159,5.046023971405648,25
3160,5.1033042674790705,25
3161,5.132038884736258,25
3162,5.0901980451842235,25
3163,5.101739359277665,25
3164,5.043623273763985,25
3165,4.987732042647068,25
3166,5.090935611655788,25
3167,4.983434740206649,25
3168,5.046333953031992,25
3169,4.964330815159211,25
3170,5.039878229444013,25
3171,5.004675910513064,25
3172,4.98554015590173,25
3173,5.198322021704106,25
3174,5.135781937733682,25
3175,4.984541879131689,25
3176,5.022633863839161,25
3177,5.103080512108527,25
3178,5.047217932663778,25
3179,5.038129991092947,25
3180,5.154008270957143,25
3181,4.863116581609802,25
3182,4.9808721087536565,25
3183,4.997511542224276,25
3184,5.1201003912442165,25
3185,5.167761261658662,25
3186,5.054323800949352,25
3187,5.029017590470563,25
3188,5.153891402057475,25
3189,5.1143916221383305,25
3190,5.0607152670040385,25
3191,5.239545798684632,25
3192,5.10397995947077,25
3193,5.01027881010197,25
3194,5.208235331334278,25
3195,5.0854251525786625,25
3196,5.12139604700281,25
3197,4.997673062783837,25
3198,5.08103269944234,25
3199,5.129039209566512,25
3200,5.091722676620662,25
3201,5.039227380167623,25
3202,5.139975728629213,25
3203,4.942780818405106,25
3204,5.085781018647008,25
3205,5.000277422372175,25
3206,4.98149436428522,25
3207,5.054534271252834,25
3208,4.894285081349152,25
3209,4.981208689491267,25
3210,5.0274959241891075,25
3211,5.1519562643022505,25
3212,5.0820662846708,25
3213,5.083295464931605,25
3214,5.099900703824261,25
3215,5.13111486142386,25
3216,5.046976582296867,25
3217,5.053382163232625,25
3218,5.131007674400843,25
3219,5.080563802938481,25
3220,5.021206331149568,25
3221,4.952347450313098,25
3222,5.015394095571833,25
3223,4.9701044353736235,25
3224,4.987467006568808,25
3225,5.049983759138448,25
3226,5.025428576896091,25
3227,5.049105338071557,25
3228,5.035516315239104,25
3229,5.08774338218658,25
3230,5.085039396791659,25
3231,5.176289960207347,25
3232,5.045738909389446,25
3233,5.0284275985152265,25
3234,4.993163417112406,25
3235,5.09123350447078,25
3236,5.04225046709655,25
3237,4.948222328774003,25
3238,5.050406156991211,25
3239,4.941070255849817,25
3240,5.050285799547533,25
3241,4.976057072130109,25
3242,5.008448315636436,25
3243,4.955261950232067,25
3244,5.099272435243057,25
3245,4.97650239360653,25
3246,5.013261906881571,25
3247,4.94210426113664,25
3248,5.023908252336232,25
3249,5.042468599197333,25
3250,5.041277370017129,25
3251,5.113827741037923,25
3252,5.037312008234734,25
3253,4.904207662765102,25
3254,5.031237588406323,25
3255,5.113758033721542,25
3256,5.107182939927846,25
3257,5.024749177916485,25
3258,5.061897188533825,25
3259,5.015575631316034,25
3260,4.975907231614739,25
3261,5.078146799249399,25
3262,5.103818141160956,25
3263,5.057685193064212,25
3264,5.109541649861109,25
3265,5.052505302099074,25
3266,5.014514198457281,25
3267,4.917073267596499,25
3268,5.071085758134139,25
3269,4.982096719952093,25
3270,5.113791961780899,25
3271,5.090996755412322,25
3272,4.9561677044574495,25
3273,5.123944763381258,25
3274,4.821293434423554,25
3275,5.020667855961959,25
3276,5.13370970579631,25
3277,5.039913568736356,25
3278,5.06206770887473,25
3279,4.987845482957245,25
3280,5.051010856688781,25
3281,5.099083105096298,25
3282,5.070905106041526,25
3283,5.048721476373515,25
3284,5.133361393723509,25
3285,5.127751570649797,25
3286,4.924501204111653,25
3287,5.0737994247999225,25
3288,5.051676648930278,25
3289,5.091853738916635,25
3290,5.126572638760593,25
3291,4.994396343293001,25
3292,4.9837042061668395,25
3293,4.878569082060961,25
3294,5.099609652786089,25
3295,5.016920745304873,25
3296,5.049616626468051,25
3297,5.13114359149044,25
3298,5.094914709664845,25
3299,5.075555169773552,25
3300,5.054315090794547,25
3301,5.101176143128193,25
3302,5.006852009131781,25
3303,5.058039246764264,25
3304,5.033871965555741,25
3305,5.0252532551912275,25
3306,5.021139537288369,25
3307,4.9737736079481305,25
3308,5.010227496651077,25
3309,5.090910049913248,25
3310,5.044242245144156,25
3311,5.030650597940548,25
3312,4.93010418417827,25
3313,5.008561390551466,25
3314,4.865913502334411,25
3315,4.9823775534997585,25
3316,5.16017450753169,25
3317,5.099116323467271,25
3318,5.13670520022199,25
3319,4.9910164996392545,25
3320,5.129033501287795,25
3321,5.06537077073508,25
3322,4.995267303031198,25
3323,5.002188070422378,25
3324,4.973073474514936,25
3325,5.001550648855777,25
3326,4.934499260619522,25
3327,5.094557746256211,25
3328,5.024648841376197,25
3329,5.053513009690206,25
3330,5.078810911536059,25
3331,4.956482498481893,25
3332,5.076963592215982,25
3333,4.922169091717285,25
3334,5.024188246982513,25
3335,5.037418218458624,25
3336,4.993456939216675,25
3337,4.97356320213072,25
3338,5.002086134675122,25
3339,4.956722880118411,25
3340,5.079140295442544,25
3341,4.8936281419819885,25
3342,5.027275570564899,25
3343,4.937333223489622,25
3344,4.932351988333437,25
3345,4.8480181580835655,25
3346,5.107272396004098,25
3347,4.988951984633544,25
3348,4.9467842207577,25
3349,4.986388811721774,25
3350,5.080826633925054,25
3351,5.071824834814186,25
3352,4.83383917446192,25
3353,5.021627596321838,25
3354,5.010710730451556,25
3355,4.990910606784159,25
3356,5.08763469255372,25
3357,5.025969204377912,25
3358,4.911611193376261,25
3359,5.041238275013503,25
3360,4.999047454327633,25
3361,4.997363479930339,25
3362,5.065886675199878,25
3363,4.917460589449,25
3364,4.869106216757775,25
3365,4.968102260085297,25
3366,5.141255001074561,25
3367,4.984218867218633,25
3368,4.97226918687559,25
3369,5.024133383470728,25
3370,4.983952091900504,25
3371,4.927435636567756,25
3372,5.097915482914575,25
3373,5.024026117633769,25
3374,5.046977067075509,25
3375,5.03323920014571,25
3376,5.051362690451287,25
3377,5.086613180492265,25
3378,4.882668173851049,25
3379,5.041784197362124,25
3380,5.038971475454633,25
3381,4.952409689952145,25
3382,4.984292418733409,25
3383,5.1517550106503585,25
3384,4.916684201072748,25
3385,4.939657696451382,25
3386,5.009841812244948,25
3387,4.983622426645964,25
3388,5.093020296278147,25
3389,4.906742746138161,25
3390,5.027083024917665,25
3391,5.061966900376691,25
3392,5.035649625675222,25
3393,4.933526208758108,25
3394,4.8687783246557785,25
3395,5.057758552212214,25
3396,5.134347280960513,25
3397,4.982304012380308,25
3398,5.064116879452604,25
3399,4.995976598075906,25
3400,4.997405809433739,25
3401,5.017635468188105,25
3402,4.927010350115963,25
3403,4.937856410402578,25
3404,4.940965317264987,25
3405,4.996172048272241,25
3406,5.141210947650834,25
3407,5.086532580592715,25
3408,4.917457073793724,25
3409,5.0053191311186325,25
3410,5.05394664450812,25
3411,4.963713180788327,25
3412,4.834264644491548,25
3413,5.047433990333689,25
3414,5.009060332291258,25
3415,4.897323105506998,25
3416,4.946698307195044,25
3417,5.0654899650661305,25
3418,5.030502900187342,25
3419,5.079842006868724,25
3420,5.126507267388247,25
3421,4.968390483771386,25
3422,5.057538465791287,25
3423,4.98633321484546,25
3424,4.882046263143952,25
3425,5.017112638411513,25
3426,4.956704533649678,25
3427,5.012750935005482,25
3428,4.9912442096188245,25
3429,5.114694828453185,25
3430,4.971574612115713,25
3431,5.0310104056587805,25
3432,4.999044691226743,25
3433,4.927222233377154,25
3434,5.090436960355477,25
3435,4.866655473345642,25
3436,4.983047851925777,25
3437,4.983608590253562,25
3438,4.898806360391158,25
3439,4.948010599285568,25
3440,5.1430121379958145,25
3441,5.089928412225302,25
3442,4.907270570619481,25
3443,4.840361405200716,25
3444,4.794993753209024,25
3445,4.9819483647137535,25
3446,4.9698917565991225,25
3447,4.893967015624485,25
3448,4.884780591422749,25
3449,4.941662708528218,25
3450,4.943924261183452,25
3451,4.907457023567823,25
3452,5.06691695335311,25
3453,4.970406460697876,25
3454,4.927635569240378,25
3455,5.01391769579932,25
3456,4.894890643376092,25
3457,4.8629774187523465,25
3458,5.009389435515185,25
3459,4.935003197199925,25
3460,5.017595429560203,25
3461,5.04869028114659,25
3462,4.973279285557886,25
3463,5.027943575152407,25
3464,4.832798605664529,25
3465,4.963316327705351,25
3466,5.037087178302565,25
3467,4.941180143423049,25
3468,5.048919662983833,25
3469,4.937409397215046,25
3470,4.929638990496947,25
3471,4.933779977279676,25
3472,4.9391230721956045,25
3473,4.870878961991855,25
3474,5.0417478664011135,25
3475,4.965033189532058,25
3476,4.9299371481374274,25
3477,5.072579532020668,25
3478,4.999698003890805,25
3479,4.992243027584313,25
3480,4.967416373666311,25
3481,4.993007937767661,25
3482,5.119668003445836,25
3483,5.046129987727224,25
3484,5.084765942718471,25
3485,4.997278099004377,25
3486,4.995789220800668,25
3487,4.86765283957541,25
3488,5.068055980777094,25
3489,4.908040372598317,25
3490,5.0247626560230305,25
3491,4.967385219324524,25
3492,5.115458478705934,25
3493,4.99868661767113,25
3494,4.9829312270556265,25
3495,5.042279010687932,25
3496,4.929671360166322,25
3497,4.862325786339542,25
3498,5.006959357096216,25
3499,5.009264699334029,25
3500,5.002149347738853,25
3501,5.002951928835199,25
3502,5.110459362016776,25
3503,5.001286304987628,25
3504,5.03345803337539,25
3505,4.960046122378706,25
3506,5.098865400856245,25
3507,5.080258683089598,25
3508,4.890797547807333,25
3509,4.912931113200815,25
3510,4.969713743682396,25
3511,4.7636381249669,25
3512,4.980477705293438,25
3513,4.965577251215685,25
3514,4.985098115337712,25
3515,5.018988295824201,25
3516,5.068050911093534,25
3517,4.98168375612741,25
3518,4.953302200183938,25
3519,4.879979652836443,25
3520,4.88097202728117,25
3521,4.994485515536331,25
3522,5.1028521538411775,25
3523,4.994221074297431,25
3524,4.993910601729229,25
3525,5.0597183362766724,25
3526,5.041358440941697,25
3527,4.946175269895822,25
3528,4.993065881659252,25
3529,4.992250884478155,25
3530,5.042031963563829,25
3531,4.874274346105631,25
3532,4.989114193256873,25
3533,5.0158247949937484,25
3534,4.941566729452566,25
3535,4.911390034369382,25
3536,5.018732975480988,25
3537,4.9189021902670635,25
3538,5.005184876399884,25
3539,5.057983556693767,25
3540,4.928014884624912,25
3541,4.909641043286296,25
3542,4.921404802199891,25
3543,5.032479169098486,25
3544,4.848427165280224,25
3545,5.115779597568082,25
3546,4.903620224644317,25
3547,4.844152414675694,25
3548,5.058456584682557,25
3549,5.060810706255872,25
3550,4.824458736263566,25
3551,4.834170763268104,25
3552,5.0301876662174845,25
3553,4.976925089700085,25
3554,5.057466506015306,25
3555,4.89362138169443,25
3556,5.024730644131848,25
3557,4.983521629052288,25
3558,4.919545757685363,25
3559,4.958002173793534,25
3560,4.865477796066437,25
3561,4.936513368975112,25
3562,4.956863651375968,25
3563,4.97599428735946,25
3564,4.960002094623258,25
3565,5.048547456362237,25
3566,5.044698803688566,25
3567,5.0976111201666106,25
3568,4.8861020891527005,25
3569,4.922672972159136,25
3570,4.870019763609453,25
3571,4.869982576341686,25
3572,4.872135435728827,25
3573,5.080224560436095,25
3574,4.951300853839958,25
3575,4.970641898467718,25
3576,5.063483056456227,25
3577,4.915554839581604,25
3578,4.94237083448901,25
3579,4.868198916187554,25
3580,4.969728142601341,25
3581,4.972568732743723,25
3582,4.968244608038775,25
3583,4.891529156455058,25
3584,4.896548610739699,25
3585,4.876644109612014,25
3586,4.911701784369755,25
3587,4.8710543840884455,25
3588,4.812305934385058,25
3589,4.9047928675138035,25
3590,4.981355492613661,25
3591,4.850535302150873,25
3592,5.017213538432096,25
3593,4.898976950400549,25
3594,4.9331874367587085,25
3595,4.955032859466234,25
3596,4.899524937857625,25
3597,5.040544736655585,25
3598,4.97582602018369,25
3599,4.93824294324607,25
3600,4.977337332258496,25
3601,4.962390430739055,25
3602,4.909265210761118,25
3603,4.866737458697501,25
3604,5.054111357907396,25
3605,4.91759081499371,25
3606,4.847707246350974,25
3607,4.995518903664167,25
3608,4.9805100169181244,25
3609,4.931145458636764,25
3610,4.919823734157418,25
3611,4.969353389884535,25
3612,4.940575097141906,25
3613,4.957188184862373,25
3614,5.039847185661834,25
3615,4.898803184010183,25
3616,5.031388645001394,25
3617,4.937819880215752,25
3618,5.060116276807505,25
3619,4.858107350754141,25
3620,4.948257791256994,25
3621,5.018276557662953,25
3622,4.946069644543129,25
3623,4.934262153538458,25
3624,4.977964564207221,25
3625,4.8303315094631225,25
3626,4.80359885390644,25
3627,4.9578278107352896,25
3628,4.89299901377048,25
3629,4.812172406697285,25
3630,4.895331529443435,25
3631,4.936111716875462,25
3632,4.888826078705466,25
3633,5.036186449674131,25
3634,5.018340105940145,25
3635,4.970862346748023,25
3636,5.04985519908596,25
3637,5.0158044790551815,25
3638,5.067957285655726,25
3639,4.995126988745681,25
3640,5.035079404966059,25
3641,4.892584467390343,25
3642,4.856827724634945,25
3643,4.851777847772639,25
3644,5.035979398679155,25
3645,4.893639880198686,25
3646,4.890719737433816,25
3647,5.098988749710823,25
3648,4.864248066012816,25
3649,4.991758728662342,25
3650,4.9492824432299,25
3651,5.089207344912999,25
3652,5.0037995950681005,25
3653,4.9848595671071205,25
3654,4.943988649174551,25
3655,4.966226557810302,25
3656,4.84049679815249,25
3657,4.962474601180123,25
3658,4.974720785565764,25
3659,4.894470453974421,25
3660,5.035681372736167,25
3661,4.970049606159308,25
3662,4.939316278001061,25
3663,4.949642351986808,25
3664,4.947830755634569,25
3665,4.987159969786004,25
3666,4.92849107388757,25
3667,4.918421584472641,25
3668,4.946537802009243,25
3669,5.082801382559469,25
3670,4.956541831111736,25
3671,5.102260942069986,25
3672,4.840181000952708,25
3673,4.962355658434741,25
3674,4.891920995930174,25
3675,5.0157692219967975,25
3676,4.763733343506844,25
3677,4.97217764426229,25
3678,4.949844681079617,25
3679,4.938022954826895,25
3680,4.88044691839103,25
3681,4.86240788038064,25
3682,5.079290064012221,25
3683,4.895319383072965,25
3684,4.889213525045773,25
3685,4.926518038846673,25
3686,4.824209387818329,25
3687,5.061607658456146,25
3688,4.8711704803640306,25
3689,4.949039562888652,25
3690,4.883672913775938,25
3691,4.925898720688023,25
3692,4.851136582208315,25
3693,4.854085861065209,25
3694,4.912720468383196,25
3695,4.9010233615377885,25
3696,4.8749752734686815,25
3697,4.927082979738829,25
3698,4.767621566452675,25
3699,4.994417797688929,25
3700,4.887309351210359,25
3701,4.892549029382964,25
3702,4.957536250720623,25
3703,5.031336645003945,25
3704,4.9890327442584095,25
3705,5.057879766780492,25
3706,5.053666974775461,25
3707,4.9593498623322585,25
3708,4.910294907245998,25
3709,4.9064629784665525,25
3710,4.966205959503212,25
3711,5.025967702100541,25
3712,4.807467729373146,25
3713,4.997457330471602,25
3714,5.0275261238241855,25
3715,4.972468113623571,25
3716,4.935644093742246,25
3717,5.019452378578959,25
3718,4.937897071894418,25
3719,4.935652621184262,25
3720,4.996555815321413,25
3721,5.042203635628286,25
3722,5.06278067754025,25
3723,4.808214265827594,25
3724,4.8545800994597315,25
3725,4.9141578494484515,25
3726,4.907193759008253,25
3727,4.8262912484390865,25
3728,4.928695144859965,25
3729,5.0207065241896665,25
3730,5.034870993017259,25
3731,4.921290106719673,25
3732,4.9601959491367404,25
3733,5.01093487985961,25
3734,4.91147311817411,25
3735,5.038263382122191,25
3736,4.832149376586865,25
3737,4.842728998839608,25
3738,4.92498303314411,25
3739,5.016552107598869,25
3740,4.889986531239267,25
3741,4.890192483248654,25
3742,4.95718565618301,25
3743,4.906965251554652,25
3744,4.979449869508927,25
3745,4.904331622227949,25
3746,4.947368239591392,25
3747,4.840389439275075,25
3748,4.906751419354328,25
3749,5.028482335758289,25
3750,4.896828344841244,25
3751,4.9515137749561555,25
3752,4.845501825230622,25
3753,4.917673274474949,25
3754,4.841948551569048,25
3755,4.963086590241704,25
3756,4.927162478745178,25
3757,4.910343213745262,25
3758,5.058792737405009,25
3759,5.061867150507473,25
3760,5.028266062557388,25
3761,4.908154525440569,25
3762,4.977454839727228,25
3763,4.831049854427417,25
3764,4.826271438793458,25
3765,4.947460196408808,25
3766,4.9568837880993,25
3767,4.9317544349171625,25
3768,4.934909518492378,25
3769,5.000841433940547,25
3770,4.946840982698848,25
3771,4.971183599735422,25
3772,4.8644087570597385,25
3773,4.883511856744645,25
3774,5.0742578052259715,25
3775,4.932973640226332,25
3776,4.92128885764379,25
3777,5.106843831655167,25
3778,4.910986887968059,25
3779,4.950861404523635,25
3780,5.079018479486718,25
3781,4.823046744561611,25
3782,4.967976681742643,25
3783,4.83778338049323,25
3784,5.022942148625505,25
3785,4.864879555569988,25
3786,4.930072941982989,25
3787,4.8304468779029675,25
3788,4.9306295299175895,25
3789,4.954592018489786,25
3790,4.825293682264281,25
3791,4.976367284132356,25
3792,4.985689172255181,25
3793,4.9188917434359345,25
3794,4.972933632249271,25
3795,4.865765485931386,25
3796,5.008358654491722,25
3797,4.981724492017192,25
3798,4.895310025399094,25
3799,4.834179737322498,25
3800,4.824570813574917,25
3801,4.9230107253783615,25
3802,5.031025578209868,25
3803,4.798264702165268,25
3804,4.916149297072329,25
3805,4.844810653213383,25
3806,4.958876649615675,25
3807,4.994991869537178,25
3808,5.024409938610335,25
3809,4.881701929727198,25
3810,4.958041226043396,25
3811,4.821451129212277,25
3812,4.933295772222351,25
3813,5.004107743396877,25
3814,4.9925417566387145,25
3815,4.97166193392689,25
3816,5.030471701282196,25
3817,4.804578028952055,25
3818,4.954899006343792,25
3819,4.973679827281153,25
3820,4.889809035344377,25
3821,4.935049775473071,25
3822,4.925762886817414,25
3823,4.979389561356954,25
3824,5.084484017443852,25
3825,4.893573126904778,25
3826,4.8421380990110245,25
3827,4.959541034325496,25
3828,4.7723513117085865,25
3829,4.8626234571875635,25
3830,4.878655937457777,25
3831,4.731400792383957,25
3832,4.91817535946301,25
3833,4.888979576064543,25
3834,4.868604922747907,25
3835,4.933191480680771,25
3836,4.916815849663812,25
3837,4.803410760314327,25
3838,4.825016959399531,25
3839,4.902329460769066,25
3840,4.889446937362104,25
3841,4.898017514691617,25
3842,4.935702821135451,25
3843,4.853519008022593,25
3844,4.91503131136644,25
3845,5.051299148267465,25
3846,4.937173376149607,25
3847,4.8645385650348025,25
3848,4.757835772465627,25
3849,5.023467245848757,25
3850,4.927285220002822,25
3851,5.0227181406329375,25
3852,4.947023626906721,25
3853,4.818765796684168,25
3854,4.932860880842497,25
3855,4.923256581612066,25
3856,4.839361640259743,25
3857,4.958328659997033,25
3858,4.895009688492233,25
3859,4.928881016233493,25
3860,4.875841112606318,25
3861,5.0184679394461815,25
3862,5.010298414456743,25
3863,5.03337454248993,25
3864,5.035129471588177,25
3865,4.929884169927091,25
3866,4.964183281564755,25
3867,5.02420216495677,25
3868,5.016950354427772,25
3869,4.867280024363879,25
3870,4.984297767901827,25
3871,4.795724900480548,25
3872,4.980230485814015,25
3873,4.959457246912983,25
3874,5.014644161889878,25
3875,4.762265739375211,25
3876,4.965028929491967,25
3877,4.842453926117649,25
3878,4.900455909530919,25
3879,4.950155918038081,25
3880,4.771000397926567,25
3881,4.914063888284115,25
3882,4.899722589110241,25
3883,4.968062476396298,25
3884,4.904410658910863,25
3885,4.784172283578815,25
3886,4.830265743125046,25
3887,4.983881630538721,25
3888,4.792600749920458,25
3889,4.829840534806582,25
3890,4.863599671247431,25
3891,4.907841833549911,25
3892,4.943837963526327,25
3893,5.00209868478699,25
3894,4.877169095970558,25
3895,4.850342728159842,25
3896,4.867166425777375,25
3897,4.859950193614745,25
3898,4.937347096213496,25
3899,4.7326607939063745,25
3900,4.776686143309931,25
3901,4.761968098240182,25
3902,4.8009711129027295,25
3903,4.825693983334433,25
3904,4.877490374985572,25
3905,4.887808009500954,25
3906,4.897415601358075,25
3907,4.982844266163278,25
3908,4.934823104344283,25
3909,4.976630721729556,25
3910,4.910969302262656,25
3911,4.873248363285368,25
3912,4.8602214951403395,25
3913,4.985702705641795,25
3914,4.98259703289608,25
3915,4.976622739119226,25
3916,4.939402452246278,25
3917,4.860671604634933,25
3918,4.914912768249348,25
3919,4.897249432904155,25
3920,4.876900323126307,25
3921,4.836715792786318,25
3922,4.8721735892071205,25
3923,4.867206331963101,25
3924,4.903330647091059,25
3925,4.8067573905050285,25
3926,4.91643739901328,25
3927,4.972371436047605,25
3928,4.850995368369594,25
3929,4.889817185470101,25
3930,4.840958792229415,25
3931,4.94066881267579,25
3932,5.02080659680164,25
3933,4.926546228235644,25
3934,4.987552882931894,25
3935,4.890380059388144,25
3936,4.981974696028411,25
3937,4.784092504936467,25
3938,4.839880876773932,25
3939,4.939758947821399,25
3940,4.856560436698854,25
3941,4.923578773336245,25
3942,4.7940121800911975,25
3943,4.655794444577,25
3944,4.853675102424972,25
3945,4.9297998570239425,25
3946,4.836723422187369,25
3947,4.829120249574592,25
3948,4.944512481309762,25
3949,4.929361624273898,25
3950,4.8986812219278475,25
3951,4.91805585112227,25
3952,4.812890349991365,25
3953,4.886781724776414,25
3954,4.943103186936045,25
3955,4.881063876370991,25
3956,4.942091460380155,25
3957,4.908496820482873,25
3958,4.912700467859419,25
3959,4.811779328708712,25
3960,4.960935785446209,25
3961,4.959309584215611,25
3962,4.934552910821771,25
3963,4.765659493212359,25
3964,4.941517317906817,25
3965,4.872831239680223,25
3966,4.906337860957359,25
3967,4.8803225600399065,25
3968,4.8290584844085815,25
3969,5.005365071366388,25
3970,4.852169574902716,25
3971,4.848661918188927,25
3972,4.922898608593288,25
3973,4.7966453692974245,25
3974,4.778845468422954,25
3975,4.967304130164082,25
3976,4.991000786931589,25
3977,4.864319591212191,25
3978,4.956104063359772,25
3979,4.807517506635831,25
3980,4.894386526990062,25
3981,4.89068815343785,25
3982,4.828923754874157,25
3983,5.012610428640197,25
3984,4.761962843098891,25
3985,4.904894385999636,25
3986,5.003424984111473,25
3987,4.971206539453383,25
3988,4.916971217367772,25
3989,4.872425616965593,25
3990,4.950742008082686,25
3991,4.704190126688451,25
3992,4.890479250865906,25
3993,4.7609691096687525,25
3994,5.024358389577583,25
3995,5.028822069445524,25
3996,4.8561571426268415,25
3997,4.816723349276785,25
3998,4.696412322670369,25
3999,4.971441674510931,25
4000,4.784625198497346,25
4001,5.028842340727919,25
4002,5.070444832422445,25
4003,4.867428634146473,25
4004,4.973244090149075,25
4005,4.915199535609579,25
4006,4.934420096129657,25
4007,4.969776624616118,25
4008,4.8598428466614845,25
4009,4.6777180270309096,25
4010,4.893880937573446,25
4011,4.869072367589981,25
4012,4.864867256538285,25
4013,4.880268274136091,25
4014,4.884191560543263,25
4015,4.92717004725947,25
4016,4.831561801335683,25
4017,4.866405825659946,25
4018,4.8245780810002135,25
4019,4.859884211180061,25
4020,4.768069149770895,25
4021,4.7811604516135,25
4022,4.881111457060455,25
4023,4.925319173477606,25
4024,4.856394947784223,25
4025,4.857407684419398,25
4026,4.9593937238574,25
4027,4.897239814524747,25
4028,4.82946054522357,25
4029,4.838303420796114,25
4030,4.921076271325082,25
4031,4.853762555171878,25
4032,4.823302092299914,25
4033,4.665500726318488,25
4034,4.9724939357737865,25
4035,4.850518875704643,25
4036,4.801204169852669,25
4037,4.777565952771864,25
4038,4.826041763231288,25
4039,4.9109134826802,25
4040,4.950087769046833,25
4041,4.854518868249268,25
4042,4.9069580419957,25
4043,4.814101499949977,25
4044,4.958623148113065,25
4045,4.922398383564974,25
4046,4.852828358146153,25
4047,5.003189764860861,25
4048,4.836155824002566,25
4049,4.911171525572958,25
4050,4.874305279406379,25
4051,4.846967557690472,25
4052,4.977305191023603,25
4053,4.909380609378697,25
4054,4.866136676165611,25
4055,4.8908693493152935,25
4056,4.793960277969282,25
4057,4.9105181320187405,25
4058,5.093071442398145,25
4059,4.981083797076432,25
4060,4.904921080522086,25
4061,4.861263762903098,25
4062,4.926530323339695,25
4063,4.884362595622584,25
4064,4.79859204120692,25
4065,4.871268757822577,25
4066,4.8758277989513035,25
4067,4.940948148342732,25
4068,4.881387605944605,25
4069,4.771578055129644,25
4070,4.918120831831989,25
4071,5.01096566469901,25
4072,4.907330963874212,25
4073,4.8709988640203035,25
4074,4.914721113899052,25
4075,4.932536998939636,25
4076,4.8372870832615575,25
4077,4.85175008109054,25
4078,4.711780663294201,25
4079,4.960243720213348,25
4080,4.870878308753211,25
4081,4.792679531604815,25
4082,4.739053436536525,25
4083,4.967082846911501,25
4084,4.892664712278124,25
4085,4.986266816441451,25
4086,4.877344461635559,25
4087,4.959964180256544,25
4088,4.783418124995221,25
4089,4.86124476290687,25
4090,4.923514703710035,25
4091,4.893223571466843,25
4092,4.870688394594287,25
4093,4.76581086071093,25
4094,4.915208056733613,25
4095,4.895156820592848,25
4096,4.953090518879448,25
4097,4.966661494614319,25
4098,4.851917425923099,25
4099,4.73139340680957,25
4100,4.894683606741111,25
4101,4.923841547247406,25
4102,4.872793098401873,25
4103,4.760920854475647,25
4104,4.927512206116241,25
4105,4.9349581769649555,25
4106,4.859326270097782,25
4107,4.94129342899125,25
4108,4.772153365009672,25
4109,4.857689640167769,25
4110,4.782512977640797,25
4111,4.9303476882178305,25
4112,4.841588770982952,25
4113,4.836601533209779,25
4114,4.82140938665303,25
4115,4.901960249013029,25
4116,4.939141198171595,25
4117,4.91600200676881,25
4118,4.9543261859771945,25
4119,4.792648343403133,25
4120,4.812879214093086,25
4121,4.920294388061392,25
4122,4.760172247905757,25
4123,4.847858224947296,25
4124,4.864458516763196,25
4125,4.899166781103293,25
4126,4.922184705610734,25
4127,4.969096530412124,25
4128,4.857561631534983,25
4129,4.916502570924502,25
4130,4.893536065510502,25
4131,4.869600451274345,25
4132,4.741655680213261,25
4133,4.902634904973643,25
4134,4.860358139899155,25
4135,4.854375249384243,25
4136,4.747878868680552,25
4137,4.8730545511505206,25
4138,4.930233869948343,25
4139,4.894455397255251,25
4140,4.938980233993093,25
4141,4.946820043626301,25
4142,4.925760650116756,25
4143,4.843849935975494,25
4144,4.982714059404545,25
4145,4.890624647675555,25
4146,4.968890881468675,25
4147,4.876452425637784,25
4148,4.983305152427422,25
4149,4.8150878032047775,25
4150,4.86742568792566,25
4151,4.825259272227979,25
4152,4.963628976951093,25
4153,4.737382729171371,25
4154,5.003826557905203,25
4155,4.876013306591191,25
4156,4.764065119534478,25
4157,4.794429260286651,25
4158,4.863377413757048,25
4159,4.8986127168363005,25
4160,4.825172183574674,25
4161,4.830215225218229,25
4162,4.809665950607724,25
4163,4.968016530029958,25
4164,4.840837349841346,25
4165,4.8916894509596744,25
4166,4.824019793918715,25
4167,4.932594614027169,25
4168,4.869622491843663,25
4169,4.83096766805232,25
4170,4.943539990910155,25
4171,4.788941846360807,25
4172,4.75821841491971,25
4173,4.982005211285711,25
4174,4.871525683061129,25
4175,4.937492660850162,25
4176,4.851435517626364,25
4177,4.957907472875116,25
4178,4.813913281801334,25
4179,4.893363324116851,25
4180,4.91695559062045,25
4181,4.861313447409194,25
4182,4.8657187165119975,25
4183,4.879976463805833,25
4184,4.830800991147289,25
4185,4.761587661266005,25
4186,4.8159472096100515,25
4187,4.85497124415319,25
4188,4.934034107575994,25
4189,4.887766395829175,25
4190,4.678015979447455,25
4191,4.9412416703887585,25
4192,4.8060425329148,25
4193,4.899740097470085,25
4194,4.820857321597692,25
4195,4.813163547947122,25
4196,4.856182813198115,25
4197,4.752703320632741,25
4198,4.795114027261903,25
4199,4.86962418566126,25
4200,4.827730341476324,25
4201,4.758737548447062,25
4202,4.846919222477375,25
4203,4.869415144230149,25
4204,4.7714965682104955,25
4205,4.911839719116038,25
4206,4.910505452116177,25
4207,4.8613439579544035,25
4208,4.858080783947784,25
4209,4.766982088135667,25
4210,4.934143667293475,25
4211,4.867846032213481,25
4212,4.884421479533461,25
4213,4.9671441496100694,25
4214,4.817070431897329,25
4215,4.903693549085799,25
4216,4.905537595539878,25
4217,4.948726979213269,25
4218,4.939391816788234,25
4219,4.785277262206484,25
4220,4.782449671462404,25
4221,4.898957145543928,25
4222,4.775092806039401,25
4223,5.034306658177021,25
4224,4.814257671357849,25
4225,4.79054399284808,25
4226,4.7636013466584926,25
4227,4.8558822534856185,25
4228,4.799662263535897,25
4229,4.818275734452939,25
4230,4.934430762989878,25
4231,4.949368973089839,25
4232,4.887387649676283,25
4233,4.83072031392449,25
4234,4.952223508518609,25
4235,4.962365261011859,25
4236,4.813100079568564,25
4237,4.88002881629709,25
4238,4.7708113587824785,25
4239,4.77535259094582,25
4240,4.818133449932348,25
4241,4.815692969078295,25
4242,4.964656790637377,25
4243,4.883577380831906,25
4244,4.860633707120645,25
4245,4.83352156955069,25
4246,4.776370822054152,25
4247,5.037220805773832,25
4248,4.830829035726454,25
4249,4.989875022696663,25
4250,4.887166554968335,25
4251,4.920291220500672,25
4252,4.8279713027438325,25
4253,4.88164786435463,25
4254,4.94175419766197,25
4255,4.894455918287768,25
4256,4.8809260807160095,25
4257,4.861824080870987,25
4258,4.841473150684877,25
4259,4.861802980030562,25
4260,4.748040569128527,25
4261,4.886571192613574,25
4262,4.806130696197295,25
4263,4.783996107369216,25
4264,4.8904077008836015,25
4265,4.7995054345011345,25
4266,4.96427662571778,25
4267,4.9895055011063105,25
4268,4.851723982662729,25
4269,4.795808528400001,25
4270,4.790708167025731,25
4271,4.928380539236003,25
4272,4.884582903213978,25
4273,4.802126042055672,25
4274,4.826937210879048,25
4275,4.911381361897067,25
4276,4.834916851219394,25
4277,4.734225310289789,25
4278,4.839648226895709,25
4279,4.795822674907221,25
4280,4.854075911172916,25
4281,4.884150068992356,25
4282,4.7404569182329634,25
4283,4.81081659431215,25
4284,4.906253204873599,25
4285,4.9149004454826635,25
4286,4.934521493832001,25
4287,4.786873690683099,25
4288,4.812125447748878,25
4289,4.788315609868015,25
4290,4.874192101360435,25
4291,4.902020113758677,25
4292,4.8166186456973215,25
4293,4.876986319211999,25
4294,4.85521546798344,25
4295,4.925484359498008,25
4296,4.968282923215221,25
4297,4.832314022916009,25
4298,4.682481981852469,25
4299,4.879243114327041,25
4300,4.808252245879822,25
4301,4.901722797039796,25
4302,4.885957178476166,25
4303,4.864834053181385,25
4304,4.719562286449461,25
4305,4.815203422642865,25
4306,4.887807670385345,25
4307,4.900312675631027,25
4308,4.925584952237005,25
4309,4.84303828212806,25
4310,4.826984279062692,25
4311,4.695515246821415,25
4312,4.801868313844073,25
4313,4.804045701447594,25
4314,4.909194817891617,25
4315,4.830911048100642,25
4316,4.883276182818948,25
4317,4.844081603591628,25
4318,4.929784063839313,25
4319,4.78489346889976,25
4320,4.7098377405452085,25
4321,4.848408968885464,25
4322,4.8065530599935915,25
4323,4.938850210200981,25
4324,4.932050765645334,25
4325,4.905437757512882,25
4326,4.838136458652193,25
4327,4.956395135238842,25
4328,4.811131797860794,25
4329,4.849545296641607,25
4330,4.922056371766369,25
4331,4.704421871862703,25
4332,4.7762731385125505,25
4333,4.889596256759546,25
4334,4.865638552517085,25
4335,4.9026397366905865,25
4336,4.821441125219851,25
4337,4.952750747635658,25
4338,4.711618882727616,25
4339,4.838695465694286,25
4340,4.920977146428224,25
4341,4.93275805036587,25
4342,4.850974082525415,25
4343,4.785555974116995,25
4344,5.001199018625067,25
4345,4.684625690455984,25
4346,4.779895282838824,25
4347,4.642045393968598,25
4348,4.840551744245475,25
4349,4.928216921870225,25
4350,4.944487684552024,25
4351,4.788568114075513,25
4352,4.930519667972027,25
4353,4.941111632059447,25
4354,4.7761768299185,25
4355,4.699554895457089,25
4356,4.835932051663418,25
4357,4.783309688239992,25
4358,4.80215703068671,25
4359,4.755715950767955,25
4360,4.820413898669809,25
4361,4.868905584943039,25
4362,4.854614109711993,25
4363,4.863963317930225,25
4364,4.905495934834452,25
4365,4.846866300944602,25
4366,4.785580970530945,25
4367,4.858439365772654,25
4368,4.89945899293801,25
4369,4.826479037172553,25
4370,4.866991116507905,25
4371,4.877871750913806,25
4372,4.6804247971577375,25
4373,4.8023200607679835,25
4374,4.898900095719923,25
4375,4.864793006804151,25
4376,4.886511077182698,25
4377,4.843150198866886,25
4378,4.8900203267715305,25
4379,4.797577573637472,25
4380,4.865015780180493,25
4381,4.879750930133641,25
4382,4.8264675188501105,25
4383,4.9171496815463875,25
4384,4.9109513507919695,25
4385,4.85725532180463,25
4386,4.771351890772873,25
4387,4.718567092986,25
4388,4.804474708270806,25
4389,4.6790600920409355,25
4390,4.887302739297734,25
4391,4.747658264408456,25
4392,4.8293228192576665,25
4393,4.756799551229061,25
4394,4.83425822135821,25
4395,4.804508377392277,25
4396,4.879899697450405,25
4397,4.853983855651931,25
4398,4.859974580239024,25
4399,4.814454665282229,25
4400,4.834558198272044,25
4401,4.9323964514285965,25
4402,4.911531402181631,25
4403,4.797528713155296,25
4404,4.877902908383975,25
4405,4.876206917267209,25
4406,4.7592772810180435,25
4407,4.878789739487659,25
4408,4.706971916591134,25
4409,4.812868213887982,25
4410,4.806330245936985,25
4411,4.781313425138511,25
4412,4.890594282887191,25
4413,4.833641930661788,25
4414,4.869199674311062,25
4415,4.863529110458176,25
4416,4.795842673146566,25
4417,5.003221266345987,25
4418,4.80290897534363,25
4419,4.862888365973417,25
4420,4.914210591637331,25
4421,4.874536653812274,25
4422,4.687620997330765,25
4423,4.921110716079477,25
4424,4.861853317195622,25
4425,4.808549690231534,25
4426,4.825995136276824,25
4427,4.745207538537386,25
4428,4.903930696289332,25
4429,4.929988105235895,25
4430,4.868430297754936,25
4431,4.798061262658887,25
4432,4.8078169405523985,25
4433,4.8542411991497945,25
4434,4.86177043724949,25
4435,4.847743479747967,25
4436,4.8168316327446234,25
4437,4.84763859790153,25
4438,4.8940320469696665,25
4439,4.894601945453821,25
4440,4.862140718157663,25
4441,4.78373502868514,25
4442,4.898990596586568,25
4443,4.768027452018657,25
4444,4.909025587180501,25
4445,4.9093457122609765,25
4446,4.9384346824859655,25
4447,4.741340507534203,25
4448,4.721361752175132,25
4449,4.702691555799237,25
4450,4.871978248330438,25
4451,4.812196792389385,25
4452,4.769075025080732,25
4453,4.829765719226313,25
4454,4.781100969936176,25
4455,4.8565626349593725,25
4456,4.8141025504285615,25
4457,4.775327034438716,25
4458,4.759691788748365,25
4459,4.747937569506642,25
4460,4.887443576615531,25
4461,4.922988958485567,25
4462,4.777777824097941,25
4463,4.738831999237404,25
4464,4.83121935991923,25
4465,4.797227554832774,25
4466,4.80835500286715,25
4467,4.896848792826144,25
4468,4.893535727012505,25
4469,4.941882207619859,25
4470,4.765653860551674,25
4471,4.735511399389054,25
4472,4.743827306755983,25
4473,4.728468787977577,25
4474,4.853988724780808,25
4475,4.870003490281392,25
4476,4.84978835458682,25
4477,4.935206281369819,25
4478,4.791661810794721,25
4479,4.930676566769799,25
4480,4.821179768025429,25
4481,4.7980812301319835,25
4482,4.825291139635273,25
4483,4.869548674078909,25
4484,4.9315898602671,25
4485,4.894920779980891,25
4486,4.856161582570585,25
4487,4.815245227160693,25
4488,4.8799654748372845,25
4489,4.917997005777286,25
4490,4.892908042991267,25
4491,4.947150862434595,25
4492,4.863946968582759,25
4493,4.740558633224146,25
4494,4.842548622747132,25
4495,4.719561023035556,25
4496,4.82687135872671,25
4497,4.730820232483544,25
4498,4.792179992856288,25
4499,4.776379715577387,25
4500,4.872511473609191,25
4501,4.754050275800312,25
4502,4.7945946968326885,25
4503,4.830977193549612,25
4504,4.778663402989468,25
4505,4.823199411600452,25
4506,4.866784264030047,25
4507,4.843137085839976,25
4508,4.82877990417853,25
4509,4.782106708409113,25
4510,4.690830710267308,25
4511,4.842455044529835,25
4512,4.763386020495532,25
4513,4.940596591178543,25
4514,4.834419273299238,25
4515,4.731038546616418,25
4516,4.723046639817214,25
4517,4.867001372018429,25
4518,4.890241796766196,25
4519,4.854828728715861,25
4520,4.960163748237758,25
4521,4.790436037510897,25
4522,4.767328281078338,25
4523,4.845302334342592,25
4524,4.766343391877025,25
4525,4.84432742826583,25
4526,4.905147394080949,25
4527,4.760423804121018,25
4528,4.807821992796118,25
4529,4.94849980788739,25
4530,4.927260093434924,25
4531,4.834974682520872,25
4532,4.741734815469342,25
4533,4.724959504874836,25
4534,4.8077054362974225,25
4535,4.858416263035683,25
4536,4.825122136172602,25
4537,4.864854985393164,25
4538,4.854898648160976,25
4539,4.850225037668665,25
4540,4.713584215081178,25
4541,4.762603401684211,25
4542,4.761695601437372,25
4543,4.870394597319668,25
4544,4.811753698055758,25
4545,4.75938393892671,25
4546,4.919999177469315,25
4547,4.82932486875322,25
4548,4.938780207487392,25
4549,4.806036545131719,25
4550,4.867379614026834,25
4551,4.854186465352337,25
4552,4.755055430300379,25
4553,4.862308774193508,25
4554,4.925677105760135,25
4555,4.7626879597065175,25
4556,4.9006493311537405,25
4557,4.830073941648521,25
4558,4.867149618290537,25
4559,4.896834404394697,25
4560,4.768380930431894,25
4561,4.852114126296591,25
4562,4.9301191815221275,25
4563,4.814254448510601,25
4564,4.8961248218559525,25
4565,4.91284404494625,25
4566,4.648519142111061,25
4567,4.910642855082102,25
4568,4.804040233470518,25
4569,4.768470201121586,25
4570,4.809218525358493,25
4571,4.866467914803808,25
4572,4.798698273986922,25
4573,4.761907862835775,25
4574,4.853912814681957,25
4575,4.881326737848937,25
4576,4.777366638306356,25
4577,4.8889312719977465,25
4578,4.855250810094218,25
4579,4.792250347780913,25
4580,4.7834370066099146,25
4581,4.756126746745396,25
4582,4.798324424457512,25
4583,4.901246370991594,25
4584,4.767108133341711,25
4585,4.809786759574428,25
4586,4.919767523732513,25
4587,4.856958078706769,25
4588,4.7681756841106875,25
4589,4.842332057614393,25
4590,4.842553640065264,25
4591,4.809853477135601,25
4592,4.761818338360482,25
4593,4.762281235059345,25
4594,4.866730924155325,25
4595,4.820979217440002,25
4596,4.654023128383261,25
4597,4.770689521753613,25
4598,4.7925060947666545,25
4599,4.7678753502547,25
4600,4.784840587664074,25
4601,4.688520429326127,25
4602,4.768602152502629,25
4603,4.937863993849213,25
4604,4.899730815383396,25
4605,4.850982298230451,25
4606,4.888055837516145,25
4607,4.875481288941951,25
4608,4.801722097250915,25
4609,4.862141479643502,25
4610,4.825265299995644,25
4611,4.845744433675173,25
4612,4.863451831271066,25
4613,4.872322736284374,25
4614,4.827984623037515,25
4615,4.864681979116916,25
4616,4.741734620802482,25
4617,4.836558525932344,25
4618,4.841633425043409,25
4619,4.830892105016952,25
4620,4.742598773599211,25
4621,4.722678459526113,25
4622,4.869185977425464,25
4623,4.869222995167181,25
4624,4.908593271314636,25
4625,4.902762702623651,25
4626,4.765429326806251,25
4627,4.768881230008827,25
4628,4.7672066631349335,25
4629,4.861496486251201,25
4630,4.797081444340532,25
4631,4.785967630434614,25
4632,4.842034344141068,25
4633,4.766241570060019,25
4634,4.867163973162815,25
4635,4.810421098467908,25
4636,4.862922808645045,25
4637,4.863174855445114,25
4638,4.8933353772461,25
4639,4.830649661128857,25
4640,4.844334147512461,25
4641,4.872415123262248,25
4642,4.862038527592613,25
4643,4.843010438884738,25
4644,4.827350410587312,25
4645,4.9122780715580925,25
4646,4.844581759486145,25
4647,4.718744531216384,25
4648,4.8316502699538395,25
4649,4.964471591768961,25
4650,4.912781656615319,25
4651,4.803617135006806,25
4652,4.82466887884948,25
4653,4.853439217348765,25
4654,4.822901256847996,25
4655,4.84179454382048,25
4656,4.819560155952956,25
4657,4.8721535390167485,25
4658,4.734406703518819,25
4659,4.812708885242273,25
4660,4.8164550891649105,25
4661,4.725008045697559,25
4662,4.7675023410974715,25
4663,4.773426813419038,25
4664,4.795177102762491,25
4665,4.779678740185032,25
4666,4.8118633001245925,25
4667,4.863539055761364,25
4668,4.702064551995829,25
4669,4.8580497720658755,25
4670,4.88221167245404,25
4671,4.764103660878117,25
4672,4.836689274248689,25
4673,4.780886354490779,25
4674,4.888011368626042,25
4675,4.816906631453248,25
4676,4.677115750892539,25
4677,4.802858699001205,25
4678,4.721148505562,25
4679,4.9751413861961975,25
4680,4.844885264867574,25
4681,4.744911918731042,25
4682,4.813986395431019,25
4683,4.899781006649717,25
4684,4.741555115140951,25
4685,4.73806601061056,25
4686,4.838004361288918,25
4687,4.7542750197695085,25
4688,4.828968360971713,25
4689,4.882361117797108,25
4690,4.910249992746385,25
4691,4.885338553484632,25
4692,4.798170011216001,25
4693,4.709562950057382,25
4694,4.765937067160549,25
4695,4.772903880521298,25
4696,4.821618171477227,25
4697,4.834181474705604,25
4698,4.830866785130142,25
4699,4.759377747137177,25
4700,4.720637895459503,25
4701,4.936531786938505,25
4702,4.745631589731187,25
4703,4.850415978902387,25
4704,4.81919788837041,25
4705,4.810144906664842,25
4706,4.89252116691967,25
4707,4.838662992180575,25
4708,4.851812293387489,25
4709,4.8127521965565405,25
4710,4.786770816824913,25
4711,4.906049804699419,25
4712,4.8525239102371325,25
4713,4.791932379320311,25
4714,4.854825662546644,25
4715,4.724678441074835,25
4716,4.888534882848995,25
4717,4.84321232276671,25
4718,4.802599099276382,25
4719,4.689063752854404,25
4720,4.837596515115274,25
4721,4.872082789594293,25
4722,4.9136954763468506,25
4723,4.860459078666922,25
4724,4.7131126563357615,25
4725,4.894782257951286,25
4726,4.812103004689211,25
4727,4.9442125992200365,25
4728,4.841149466147366,25
4729,4.787998709465996,25
4730,4.890046683176593,25
4731,4.778234299641975,25
4732,4.773200636196889,25
4733,4.889219265549343,25
4734,4.778233476017246,25
4735,4.826288189149358,25
4736,4.747421877604053,25
4737,4.862676088219724,25
4738,4.793949187094791,25
4739,4.7137652150794205,25
4740,4.996049288687204,25
4741,4.744932622332707,25
4742,4.823370223860691,25
4743,4.774176775082812,25
4744,4.752417145931125,25
4745,4.96001082340833,25
4746,4.820872946521524,25
4747,4.797595571830943,25
4748,4.863614069010355,25
4749,4.819528482750382,25
4750,4.823954056054529,25
4751,4.834618578778373,25
4752,4.8386540884096165,25
4753,4.792880868497231,25
4754,4.7757118515322645,25
4755,4.844024441658297,25
4756,4.915625802852518,25
4757,4.833170032608481,25
4758,5.081142835393168,25
4759,4.864842744700291,25
4760,4.801004485759041,25
4761,4.869186462250702,25
4762,4.758656691523969,25
4763,4.756945351204054,25
4764,4.76779434786357,25
4765,4.800130486290775,25
4766,4.913936498967026,25
4767,4.792451586247061,25
4768,4.831081318714953,25
4769,4.856132159376012,25
4770,4.838233735216498,25
4771,4.968651220802136,25
4772,4.825406873336607,25
4773,4.921109105838733,25
4774,4.76752464431382,25
4775,4.871917753909504,25
4776,4.952072863408002,25
4777,4.812081147405823,25
4778,4.679351959749387,25
4779,4.786512521026295,25
4780,4.6737015717191,25
4781,4.709471179170681,25
4782,4.763813457888938,25
4783,4.834334639895502,25
4784,4.82068106545094,25
4785,4.838946981346957,25
4786,4.68299160509654,25
4787,4.882040658940971,25
4788,4.883805343365049,25
4789,4.773722716056399,25
4790,4.763494850131225,25
4791,4.740337108302575,25
4792,4.866433157846034,25
4793,4.786187483903395,25
4794,4.762630930834314,25
4795,4.7889583767257236,25
4796,4.829569379375947,25
4797,4.7593785395891866,25
4798,4.879058362870392,25
4799,4.872620916390166,25
4800,4.776037826829655,25
4801,4.775238841129041,25
4802,4.770695204181741,25
4803,4.6602685506373005,25
4804,4.840951187153228,25
4805,4.749257371719492,25
4806,4.828139501358305,25
4807,4.7314481247166285,25
4808,4.899395452360543,25
4809,4.902007673525371,25
4810,4.8385545479088155,25
4811,4.9138633056659415,25
4812,4.846234653836567,25
4813,4.817274490795498,25
4814,4.823633671682544,25
4815,4.810632176277935,25
4816,4.867162231978288,25
4817,4.785236555239138,25
4818,4.727269063254236,25
4819,4.788972318865923,25
4820,4.770553271948855,25
4821,4.819187792707305,25
4822,4.731064801924681,25
4823,4.863716523476054,25
4824,4.862870627175591,25
4825,4.832431481453622,25
4826,4.925380125717989,25
4827,4.757543578323032,25
4828,4.8869311605461245,25
4829,4.670665826528837,25
4830,4.7426770504074796,25
4831,4.820416034999669,25
4832,4.770628698396149,25
4833,4.780801019091356,25
4834,4.787032713294799,25
4835,4.761981048242375,25
4836,4.760267368940656,25
4837,4.797486901486482,25
4838,4.743995154553951,25
4839,4.67514569052124,25
4840,4.878620508530048,25
4841,4.845186150244014,25
4842,4.851536152780147,25
4843,4.886487231379073,25
4844,4.749484567577992,25
4845,4.910326404917313,25
4846,4.857387161933635,25
4847,4.722096577492724,25
4848,4.895717184861085,25
4849,4.87258163999825,25
4850,4.744896300531558,25
4851,4.72397826521108,25
4852,4.736860284654667,25
4853,4.848663882704554,25
4854,4.750553307759853,25
4855,4.884465116833494,25
4856,4.729958992923433,25
4857,4.815655482496057,25
4858,4.786193097427308,25
4859,4.828776743627617,25
4860,4.740367443062311,25
4861,4.858882494436694,25
4862,4.807466048675652,25
4863,4.7868929862036,25
4864,4.782430702741266,25
4865,4.841779810999727,25
4866,4.815057434450385,25
4867,4.9086237938078545,25
4868,4.815829879912677,25
4869,4.842127849496865,25
4870,4.875323447204363,25
4871,4.807228830658123,25
4872,4.699318224721908,25
4873,4.808643129799152,25
4874,4.872369190118257,25
4875,4.647357418606459,25
4876,4.830508655574863,25
4877,4.746730815709546,25
4878,4.770219024226354,25
4879,4.704698583043494,25
4880,4.749610307697361,25
4881,4.786123717108545,25
4882,4.80112715651472,25
4883,4.712679219604616,25
4884,4.827573097675125,25
4885,4.76372513339637,25
4886,4.876096600564131,25
4887,4.822250725907684,25
4888,4.661236859140557,25
4889,4.728748920158808,25
4890,4.882145991411796,25
4891,4.720328889574926,25
4892,4.569426424201709,25
4893,4.720852890621064,25
4894,4.724404335428692,25
4895,4.817302771599413,25
4896,4.722913449791027,25
4897,4.9263204599886885,25
4898,4.863051043976992,25
4899,4.754884101714074,25
4900,4.892074029930778,25
4901,4.833042438350416,25
4902,4.855034567811449,25
4903,4.760021701381668,25
4904,4.71899903771284,25
4905,4.848557926049086,25
4906,4.833809805510629,25
4907,4.701674292936975,25
4908,4.814798599477806,25
4909,4.827963282692705,25
4910,4.8673146589290415,25
4911,4.892393375148275,25
4912,4.861592150685908,25
4913,4.80006490854051,25
4914,4.780928230859329,25
4915,4.792147616090138,25
4916,4.9299775622557,25
4917,4.814767115949128,25
4918,4.817881929362114,25
4919,4.836890905499444,25
4920,4.788809366304531,25
4921,4.791319214332414,25
4922,4.731846360589547,25
4923,4.70018797979594,25
4924,4.78798068582216,25
4925,4.7312194215162995,25
4926,4.869183412234117,25
4927,4.659173223327826,25
4928,4.706674944571038,25
4929,4.737508389760979,25
4930,4.6917890630404395,25
4931,4.71717815933576,25
4932,4.7458712537126395,25
4933,4.782228836237522,25
4934,4.779753857482102,25
4935,4.776080138882301,25
4936,4.802751144745536,25
4937,4.736965256647295,25
4938,4.771579885613636,25
4939,4.9358620155831225,25
4940,4.69641313457471,25
4941,4.776540442720091,25
4942,4.790481190088071,25
4943,4.74135201738148,25
4944,4.876689318782304,25
4945,4.736508200762864,25
4946,4.835363365150972,25
4947,4.675577961904806,25
4948,4.729650736950933,25
4949,4.840136147961092,25
4950,4.749151541061598,25
4951,4.853079914971957,25
4952,4.798819364133904,25
4953,4.686820966306642,25
4954,4.7962051395961005,25
4955,4.87498693929561,25
4956,4.852967136899354,25
4957,4.768631136176699,25
4958,4.796330240150058,25
4959,4.7205061715328025,25
4960,4.866576983812961,25
4961,4.750304040690106,25
4962,4.705872913328898,25
4963,4.79560353330748,25
4964,4.778880621653109,25
4965,4.81937815844039,25
4966,4.69912070930209,25
4967,4.782471660576254,25
4968,4.847498527855955,25
4969,4.784490921212744,25
4970,4.8246282146366815,25
4971,4.84936306623557,25
4972,4.778987749719494,25
4973,4.83610296540989,25
4974,4.7810941705171714,25
4975,4.733904838158302,25
4976,4.753895228122815,25
4977,4.756408273478341,25
4978,4.714000551930992,25
4979,4.772237517418264,25
4980,4.747197325138868,25
4981,4.734182021229241,25
4982,4.722319985434293,25
4983,4.773308471905692,25
4984,4.759273380389348,25
4985,4.726795833092503,25
4986,4.730275339380114,25
4987,4.706970113896084,25
4988,4.821025223982184,25
4989,4.755547892366917,25
4990,4.866587148481142,25
4991,4.78804953150313,25
4992,4.861122988514304,25
4993,4.770971077574963,25
4994,4.663127919425267,25
4995,4.784014018578976,25
4996,4.84273250639201,25
4997,4.845842570252232,25
4998,4.903594553090436,25
4999,4.790159274774992,25
5000,4.8261763685164105,25
