episode,total_reward,steps
1,74060.00952148438,25
2,72312.66186523438,25
3,73852.52026367188,25
4,73030.54028320312,25
5,71963.80493164062,25
6,72566.36181640625,25
7,71939.83618164062,25
8,74054.91137695312,25
9,74706.43994140625,25
10,75077.00341796875,25
11,73845.99462890625,25
12,72590.19482421875,25
13,72438.66235351562,25
14,70879.28588867188,25
15,72786.54541015625,25
16,73532.40869140625,25
17,75259.17138671875,25
18,73921.50439453125,25
19,74456.8740234375,25
20,73106.93237304688,25
21,71252.67333984375,25
22,69532.134765625,25
23,75479.271484375,25
24,69717.57446289062,25
25,72524.06005859375,25
26,75987.27856445312,25
27,72242.359375,25
28,74130.4482421875,25
29,74250.00244140625,25
30,72459.67724609375,25
31,72296.71215820312,25
32,74294.35034179688,25
33,73874.44165039062,25
34,75140.62951660156,25
35,71705.05346679688,25
36,73763.47119140625,25
37,74774.13525390625,25
38,73209.62280273438,25
39,72213.11328125,25
40,75171.12109375,25
41,69620.1572265625,25
42,72821.54345703125,25
43,81850.52465820312,25
44,96605.71337890625,25
45,108677.11499023438,25
46,113227.99829101562,25
47,114284.923828125,25
48,114387.36181640625,25
49,114094.626953125,25
50,114278.70654296875,25
51,114413.31201171875,25
52,114240.8017578125,25
53,114371.796875,25
54,114295.65966796875,25
55,114365.3330078125,25
56,114205.494140625,25
57,113934.12109375,25
58,114212.40625,25
59,114115.51953125,25
60,113628.830078125,25
61,113705.41015625,25
62,114369.39404296875,25
63,114768.98193359375,25
64,115039.99560546875,25
65,115437.5556640625,25
66,115235.3046875,25
67,115183.43359375,25
68,114845.89697265625,25
69,114532.30908203125,25
70,115123.8212890625,25
71,115350.638671875,25
72,115234.16064453125,25
73,115152.7021484375,25
74,115481.72265625,25
75,115412.142578125,25
76,115040.21630859375,25
77,114672.55078125,25
78,114514.83056640625,25
79,114293.8974609375,25
80,114357.01123046875,25
81,114053.34765625,25
82,114513.38818359375,25
83,114164.76171875,25
84,114363.30126953125,25
85,114256.3564453125,25
86,114222.82080078125,25
87,114474.28564453125,25
88,113901.93505859375,25
89,113979.01171875,25
90,114094.95263671875,25
91,114096.7568359375,25
92,113839.13916015625,25
93,113981.888671875,25
94,114066.52587890625,25
95,113891.7216796875,25
96,114355.28369140625,25
97,114043.6865234375,25
98,113849.60717773438,25
99,113814.46044921875,25
100,113787.23095703125,25
101,114075.9482421875,25
102,113747.5595703125,25
103,113692.91943359375,25
104,113403.462890625,25
105,105734.1904296875,25
106,98907.966796875,25
107,94910.78515625,25
108,93462.75268554688,25
109,88799.08203125,25
110,87228.60766601562,25
111,85069.47119140625,25
112,84735.30932617188,25
113,82514.91259765625,25
114,80280.37719726562,25
115,79727.4287109375,25
116,79394.78295898438,25
117,79463.22680664062,25
118,77406.57299804688,25
119,75286.3466796875,25
120,74513.3359375,25
121,70951.7763671875,25
122,70668.25244140625,25
123,70383.80004882812,25
124,69804.6201171875,25
125,69694.46020507812,25
126,69609.77099609375,25
127,69822.8779296875,25
128,69934.04516601562,25
129,69649.34594726562,25
130,69390.29077148438,25
131,69021.53784179688,25
132,68759.69580078125,25
133,68767.62768554688,25
134,69252.9091796875,25
135,69106.63842773438,25
136,69140.60034179688,25
137,68946.67309570312,25
138,68843.91015625,25
139,68725.72875976562,25
140,69242.83715820312,25
141,68697.0126953125,25
142,68913.92529296875,25
143,68554.06616210938,25
144,68769.07592773438,25
145,68635.8662109375,25
146,68411.89794921875,25
147,68439.42846679688,25
148,68379.70288085938,25
149,68661.94140625,25
150,68491.36645507812,25
151,68701.60107421875,25
152,68322.23681640625,25
153,68718.74536132812,25
154,68603.42211914062,25
155,68442.7080078125,25
156,68446.96630859375,25
157,68706.75268554688,25
158,68668.95263671875,25
159,69113.80297851562,25
160,68816.5498046875,25
161,68469.91137695312,25
162,68132.14599609375,25
163,68578.06762695312,25
164,68737.06079101562,25
165,69128.36791992188,25
166,69244.2626953125,25
167,68658.6328125,25
168,68986.90209960938,25
169,69199.734375,25
170,69734.82763671875,25
171,70813.52807617188,25
172,70439.44482421875,25
173,70518.49291992188,25
174,70988.87475585938,25
175,70414.79614257812,25
176,71207.3740234375,25
177,71438.09204101562,25
178,71068.8544921875,25
179,71200.15673828125,25
180,71497.25830078125,25
181,71517.88720703125,25
182,71341.06665039062,25
183,71799.61010742188,25
184,71611.37548828125,25
185,71442.11279296875,25
186,71154.54443359375,25
187,70916.72216796875,25
188,71062.76733398438,25
189,71375.95922851562,25
190,71177.07104492188,25
191,71268.33959960938,25
192,71648.27124023438,25
193,71087.25903320312,25
194,71180.72338867188,25
195,71301.80541992188,25
196,71269.01904296875,25
197,70619.66137695312,25
198,70986.40380859375,25
199,70818.880859375,25
200,71023.15356445312,25
201,71101.93188476562,25
202,71215.08911132812,25
203,71210.24169921875,25
204,70232.36206054688,25
205,69186.22729492188,25
206,65655.9130859375,25
207,64834.576171875,25
208,64875.051513671875,25
209,64699.52685546875,25
210,64018.00537109375,25
211,63611.892333984375,25
212,63454.22900390625,25
213,63344.626220703125,25
214,63606.0537109375,25
215,63699.149169921875,25
216,63481.40576171875,25
217,63252.619384765625,25
218,63889.73974609375,25
219,64134.541748046875,25
220,64073.642822265625,25
221,64357.240966796875,25
222,64124.035888671875,25
223,64130.857421875,25
224,63407.459716796875,25
225,64315.864501953125,25
226,65756.15551757812,25
227,65141.029052734375,25
228,65374.0068359375,25
229,65757.98999023438,25
230,68721.48950195312,25
231,70838.0126953125,25
232,70370.8701171875,25
233,71032.57153320312,25
234,70811.71948242188,25
235,71565.87280273438,25
236,71539.908203125,25
237,71062.17333984375,25
238,71823.85083007812,25
239,73414.0595703125,25
240,75102.99169921875,25
241,75448.4853515625,25
242,75177.3515625,25
243,74925.44653320312,25
244,75702.08520507812,25
245,75631.66479492188,25
246,75700.83129882812,25
247,75279.48754882812,25
248,74944.75463867188,25
249,75322.09423828125,25
250,74765.01098632812,25
251,74502.66162109375,25
252,74652.68115234375,25
253,74663.40747070312,25
254,74380.70727539062,25
255,74666.263671875,25
256,74859.86279296875,25
257,74987.23022460938,25
258,75160.17358398438,25
259,75316.25073242188,25
260,75152.18481445312,25
261,74602.14575195312,25
262,75075.49755859375,25
263,74733.95849609375,25
264,74542.96704101562,25
265,74682.41284179688,25
266,74777.93286132812,25
267,74841.14038085938,25
268,74929.00219726562,25
269,74806.21044921875,25
270,74998.88110351562,25
271,75020.974609375,25
272,74965.20190429688,25
273,74588.37084960938,25
274,74748.3876953125,25
275,74565.318359375,25
276,74837.01904296875,25
277,74729.65869140625,25
278,74633.97583007812,25
279,74912.43823242188,25
280,75126.64404296875,25
281,75117.00756835938,25
282,74811.81298828125,25
283,74861.01733398438,25
284,74978.82275390625,25
285,74926.89477539062,25
286,74587.47290039062,25
287,75177.36547851562,25
288,75044.22265625,25
289,74950.61279296875,25
290,74855.07299804688,25
291,74710.45971679688,25
292,74760.9375,25
293,75125.03344726562,25
294,75029.19287109375,25
295,74782.08178710938,25
296,74693.70068359375,25
297,74998.58642578125,25
298,74672.81420898438,25
299,74147.81567382812,25
300,74125.81005859375,25
301,74401.8291015625,25
302,74687.94921875,25
303,74426.08154296875,25
304,73718.53466796875,25
305,73273.6083984375,25
306,73785.20678710938,25
307,74347.76782226562,25
308,73556.43774414062,25
309,74094.00927734375,25
310,74825.57763671875,25
311,74312.95849609375,25
312,75041.76708984375,25
313,74798.36694335938,25
314,75664.90673828125,25
315,75953.49975585938,25
316,76217.75732421875,25
317,76068.01025390625,25
318,76118.74877929688,25
319,75750.1904296875,25
320,76048.6865234375,25
321,75995.87231445312,25
322,76036.47900390625,25
323,76339.5322265625,25
324,76163.59594726562,25
325,76057.19555664062,25
326,75835.1259765625,25
327,75876.7587890625,25
328,75685.26806640625,25
329,75751.17602539062,25
330,75860.58569335938,25
331,75946.15454101562,25
332,75709.94580078125,25
333,75971.21923828125,25
334,76025.18896484375,25
335,75918.67700195312,25
336,75678.0791015625,25
337,76110.87768554688,25
338,75596.60815429688,25
339,75263.23852539062,25
340,76138.5537109375,25
341,75746.25146484375,25
342,76323.99340820312,25
343,75683.65307617188,25
344,76310.74194335938,25
345,75791.21752929688,25
346,76111.517578125,25
347,76159.087890625,25
348,75496.39379882812,25
349,76031.57666015625,25
350,75957.29907226562,25
351,75696.58837890625,25
352,76076.29516601562,25
353,75804.67626953125,25
354,75494.34423828125,25
355,76015.85571289062,25
356,76043.32250976562,25
357,75625.08544921875,25
358,76164.14599609375,25
359,75766.955078125,25
360,76510.41015625,25
361,76044.53955078125,25
362,75896.8193359375,25
363,76215.26586914062,25
364,75928.7705078125,25
365,75747.30615234375,25
366,76274.76513671875,25
367,75915.09545898438,25
368,76307.32666015625,25
369,76073.8681640625,25
370,76094.76831054688,25
371,75636.265625,25
372,75543.869140625,25
373,75768.53100585938,25
374,75862.98291015625,25
375,75881.24487304688,25
376,75805.6025390625,25
377,75955.25048828125,25
378,76238.51635742188,25
379,75766.58935546875,25
380,75882.24145507812,25
381,75878.48950195312,25
382,76261.89599609375,25
383,76146.27514648438,25
384,76059.50854492188,25
385,75818.0302734375,25
386,75800.98559570312,25
387,75569.64086914062,25
388,76189.552734375,25
389,75978.06201171875,25
390,75986.59643554688,25
391,75943.24731445312,25
392,76009.50659179688,25
393,75999.03173828125,25
394,76232.85083007812,25
395,75928.26049804688,25
396,75958.09790039062,25
397,76020.36010742188,25
398,75810.7294921875,25
399,76108.00317382812,25
400,75841.86962890625,25
401,76308.15771484375,25
402,75726.51342773438,25
403,75829.47192382812,25
404,76586.927734375,25
405,75527.65087890625,25
406,75964.51440429688,25
407,75824.20385742188,25
408,76151.06079101562,25
409,76340.12109375,25
410,76311.93603515625,25
411,76285.736328125,25
412,76251.56958007812,25
413,75938.55908203125,25
414,75901.681640625,25
415,75972.369140625,25
416,76074.60668945312,25
417,76617.6259765625,25
418,76349.55297851562,25
419,76227.083984375,25
420,75816.8203125,25
421,76344.76245117188,25
422,76111.17065429688,25
423,76139.63818359375,25
424,76208.35473632812,25
425,76408.45361328125,25
426,76237.18188476562,25
427,76312.822265625,25
428,76260.115234375,25
429,76318.12182617188,25
430,76062.2734375,25
431,76038.439453125,25
432,76970.8916015625,25
433,75963.06958007812,25
434,76099.27954101562,25
435,76088.81640625,25
436,76251.16845703125,25
437,76137.21875,25
438,75602.95434570312,25
439,76270.56201171875,25
440,76907.94091796875,25
441,76211.15942382812,25
442,76221.51123046875,25
443,76364.87963867188,25
444,75944.76416015625,25
445,76330.14184570312,25
446,76244.97021484375,25
447,76247.09228515625,25
448,76403.85546875,25
449,76371.77783203125,25
450,76032.31884765625,25
451,76398.11450195312,25
452,76182.95532226562,25
453,76123.79956054688,25
454,76194.23217773438,25
455,76309.16088867188,25
456,76149.27465820312,25
457,76207.49487304688,25
458,76271.38671875,25
459,76225.96826171875,25
460,76234.62060546875,25
461,76322.87109375,25
462,75981.21411132812,25
463,76482.591796875,25
464,76103.20776367188,25
465,76348.1787109375,25
466,76239.17260742188,25
467,76463.93627929688,25
468,73311.53662109375,25
469,70605.31762695312,25
470,70889.326171875,25
471,70847.3310546875,25
472,70586.6259765625,25
473,71059.98291015625,25
474,70778.443359375,25
475,70551.46728515625,25
476,70693.02465820312,25
477,70940.59985351562,25
478,71002.79809570312,25
479,71178.68310546875,25
480,70698.1337890625,25
481,70897.66625976562,25
482,71162.6787109375,25
483,70394.18432617188,25
484,70832.37377929688,25
485,70620.015625,25
486,70689.88232421875,25
487,70513.6083984375,25
488,70654.28100585938,25
489,70714.84423828125,25
490,70929.9580078125,25
491,70853.59765625,25
492,70431.98779296875,25
493,70668.0048828125,25
494,70975.45727539062,25
495,70688.5556640625,25
496,70446.59619140625,25
497,70455.90893554688,25
498,70915.09790039062,25
499,70764.87963867188,25
500,70639.34521484375,25
501,70880.1044921875,25
502,70316.25415039062,25
503,70494.86572265625,25
504,70444.01196289062,25
505,70393.0869140625,25
506,70922.9638671875,25
507,71195.70874023438,25
508,70941.99072265625,25
509,70557.93017578125,25
510,71122.48022460938,25
511,70845.19506835938,25
512,70859.60791015625,25
513,71039.35498046875,25
514,70559.10424804688,25
515,70310.65478515625,25
516,70831.6591796875,25
517,70341.81274414062,25
518,70825.681640625,25
519,70379.525390625,25
520,70949.55834960938,25
521,70620.400390625,25
522,70734.19189453125,25
523,70632.65747070312,25
524,70748.7275390625,25
525,71327.71606445312,25
526,70964.82666015625,25
527,71136.0703125,25
528,70667.43774414062,25
529,70741.34521484375,25
530,70268.5341796875,25
531,70755.5009765625,25
532,70600.72631835938,25
533,70773.17114257812,25
534,70325.3349609375,25
535,70740.82495117188,25
536,70806.59204101562,25
537,70455.99584960938,25
538,70831.40698242188,25
539,70748.2548828125,25
540,70824.2216796875,25
541,71175.61669921875,25
542,70708.59765625,25
543,70709.83471679688,25
544,70761.92822265625,25
545,70544.46142578125,25
546,70838.92651367188,25
547,70560.142578125,25
548,70711.68359375,25
549,70995.91650390625,25
550,70618.2587890625,25
551,70631.39111328125,25
552,70781.10620117188,25
553,71213.05102539062,25
554,71050.77075195312,25
555,70364.70068359375,25
556,70653.57397460938,25
557,70904.41772460938,25
558,70382.92846679688,25
559,70745.39526367188,25
560,70779.4111328125,25
561,71015.82250976562,25
562,70729.99462890625,25
563,70846.48413085938,25
564,70468.90478515625,25
565,70998.12646484375,25
566,71144.18872070312,25
567,70550.29272460938,25
568,70612.4716796875,25
569,70464.4931640625,25
570,70716.19360351562,25
571,70511.27319335938,25
572,70944.03149414062,25
573,70850.3037109375,25
574,71218.94995117188,25
575,70629.34204101562,25
576,70377.33837890625,25
577,70616.43676757812,25
578,70772.86328125,25
579,70562.07763671875,25
580,70959.87841796875,25
581,70912.697265625,25
582,70678.01098632812,25
583,71044.61206054688,25
584,70178.30590820312,25
585,70753.3310546875,25
586,70677.46240234375,25
587,71087.18774414062,25
588,70604.90161132812,25
589,70736.13916015625,25
590,70663.21752929688,25
591,70645.27270507812,25
592,70991.52978515625,25
593,70503.06030273438,25
594,70600.07299804688,25
595,70826.25170898438,25
596,70413.07983398438,25
597,70847.4609375,25
598,71098.19580078125,25
599,70786.12768554688,25
600,71181.17138671875,25
601,70772.87182617188,25
602,71023.48754882812,25
603,70595.0888671875,25
604,70411.1328125,25
605,70726.89282226562,25
606,70681.8173828125,25
607,70597.59423828125,25
608,70643.54541015625,25
609,70984.96899414062,25
610,70851.10546875,25
611,70701.90014648438,25
612,70366.71850585938,25
613,70662.107421875,25
614,71233.162109375,25
615,71112.25756835938,25
616,71273.17114257812,25
617,70513.64453125,25
618,70884.17138671875,25
619,70651.99389648438,25
620,71107.6376953125,25
621,70760.0419921875,25
622,71185.93530273438,25
623,70950.29833984375,25
624,70530.24438476562,25
625,70799.63037109375,25
626,70618.87329101562,25
627,70683.91821289062,25
628,70683.97998046875,25
629,71035.51245117188,25
630,70549.16357421875,25
631,70595.52612304688,25
632,70730.82495117188,25
633,70667.9453125,25
634,70777.17724609375,25
635,70575.96899414062,25
636,70459.9267578125,25
637,70983.97119140625,25
638,70521.64868164062,25
639,70692.64672851562,25
640,70604.81591796875,25
641,70572.86840820312,25
642,70830.88842773438,25
643,70437.62866210938,25
644,70375.5439453125,25
645,71194.1171875,25
646,71304.88452148438,25
647,70733.2353515625,25
648,70662.26977539062,25
649,69414.91552734375,25
650,69017.30810546875,25
651,68465.0078125,25
652,68661.19873046875,25
653,69063.96069335938,25
654,68468.48291015625,25
655,69012.10498046875,25
656,68734.28540039062,25
657,69514.9580078125,25
658,68880.6396484375,25
659,68560.63696289062,25
660,69057.76000976562,25
661,68790.52709960938,25
662,69137.01318359375,25
663,69225.77221679688,25
664,68783.38525390625,25
665,68979.49047851562,25
666,69455.85327148438,25
667,69316.41430664062,25
668,69186.08081054688,25
669,69437.9052734375,25
670,69529.78198242188,25
671,69335.458984375,25
672,69602.85864257812,25
673,69247.1533203125,25
674,69519.46826171875,25
675,69353.86352539062,25
676,68952.046875,25
677,69829.59350585938,25
678,69419.029296875,25
679,69235.58984375,25
680,69812.12280273438,25
681,69592.072265625,25
682,69304.28564453125,25
683,69791.60522460938,25
684,69140.14599609375,25
685,69333.23291015625,25
686,69609.19750976562,25
687,69134.18823242188,25
688,68982.890625,25
689,69515.607421875,25
690,68841.06689453125,25
691,68922.69067382812,25
692,69348.1435546875,25
693,69309.0751953125,25
694,69081.91357421875,25
695,69470.94213867188,25
696,69606.99682617188,25
697,70076.9287109375,25
698,69569.52319335938,25
699,69213.65576171875,25
700,69412.0390625,25
701,69832.70703125,25
702,69566.56591796875,25
703,69388.92114257812,25
704,69301.05224609375,25
705,69250.72900390625,25
706,69615.64624023438,25
707,69499.40112304688,25
708,69832.2470703125,25
709,69720.87451171875,25
710,69744.94848632812,25
711,69513.76416015625,25
712,69566.24340820312,25
713,69550.66381835938,25
714,69541.08081054688,25
715,69953.74877929688,25
716,69897.755859375,25
717,69723.71142578125,25
718,68829.74560546875,25
719,69512.30297851562,25
720,69136.66040039062,25
721,69580.72387695312,25
722,69757.59008789062,25
723,69824.85302734375,25
724,69724.07299804688,25
725,69437.56372070312,25
726,69310.1484375,25
727,69511.67944335938,25
728,69738.50170898438,25
729,69724.7275390625,25
730,69768.98779296875,25
731,69995.43798828125,25
732,69829.09448242188,25
733,69609.2890625,25
734,69332.8203125,25
735,70161.00048828125,25
736,69525.61474609375,25
737,69985.244140625,25
738,69280.82397460938,25
739,69746.755859375,25
740,69482.68798828125,25
741,69687.31201171875,25
742,69625.3935546875,25
743,70051.6904296875,25
744,69981.85961914062,25
745,69372.2255859375,25
746,69653.63891601562,25
747,69368.9404296875,25
748,69444.53125,25
749,69584.74365234375,25
750,70092.8818359375,25
751,69637.76318359375,25
752,69693.8359375,25
753,69798.99609375,25
754,69667.18920898438,25
755,69919.31176757812,25
756,69568.36865234375,25
757,69536.517578125,25
758,69852.41552734375,25
759,69545.6435546875,25
760,69517.5302734375,25
761,69605.63525390625,25
762,69311.30786132812,25
763,70002.53735351562,25
764,69347.31420898438,25
765,69520.46557617188,25
766,69491.80712890625,25
767,69295.32275390625,25
768,69949.54125976562,25
769,69594.29516601562,25
770,70119.57690429688,25
771,70008.80102539062,25
772,69361.27734375,25
773,70185.2724609375,25
774,68987.0859375,25
775,69535.10864257812,25
776,69980.826171875,25
777,69575.36352539062,25
778,69667.40991210938,25
779,69845.00390625,25
780,69138.53271484375,25
781,69567.46557617188,25
782,69668.91088867188,25
783,69594.52685546875,25
784,69720.859375,25
785,69381.05883789062,25
786,69678.3916015625,25
787,69864.11328125,25
788,69604.19995117188,25
789,69428.716796875,25
790,69526.62719726562,25
791,69166.01538085938,25
792,70190.33251953125,25
793,69713.32739257812,25
794,69657.44677734375,25
795,69436.44946289062,25
796,69792.1845703125,25
797,69701.91748046875,25
798,70047.42895507812,25
799,69538.93286132812,25
800,69443.791015625,25
801,69898.0009765625,25
802,69405.93701171875,25
803,69441.32885742188,25
804,69809.27978515625,25
805,69695.76098632812,25
806,69126.98266601562,25
807,69516.29541015625,25
808,69820.4853515625,25
809,69845.27587890625,25
810,69513.73828125,25
811,70006.9716796875,25
812,70090.0517578125,25
813,69666.04711914062,25
814,69809.64477539062,25
815,69671.26806640625,25
816,69442.3623046875,25
817,69869.2421875,25
818,69778.08642578125,25
819,69607.85131835938,25
820,69452.27465820312,25
821,69280.052734375,25
822,69802.99877929688,25
823,69397.67651367188,25
824,69467.85498046875,25
825,69617.08081054688,25
826,69808.15161132812,25
827,69390.35668945312,25
828,69788.87841796875,25
829,69580.83618164062,25
830,70093.78076171875,25
831,69942.09204101562,25
832,69710.22875976562,25
833,69523.13696289062,25
834,69286.833984375,25
835,69384.69506835938,25
836,69614.212890625,25
837,70054.32739257812,25
838,69497.65869140625,25
839,69207.55590820312,25
840,69774.2744140625,25
841,69487.17211914062,25
842,69851.85522460938,25
843,69390.84130859375,25
844,69621.60034179688,25
845,69594.50390625,25
846,69758.63793945312,25
847,69924.166015625,25
848,69878.98095703125,25
849,69761.1396484375,25
850,69814.81811523438,25
851,69748.65405273438,25
852,69534.884765625,25
853,70036.81811523438,25
854,69271.26489257812,25
855,69331.52368164062,25
856,69321.3330078125,25
857,69891.2822265625,25
858,69324.52905273438,25
859,69664.33203125,25
860,69848.49072265625,25
861,70112.03369140625,25
862,69224.03149414062,25
863,69551.02685546875,25
864,69755.794921875,25
865,69826.00024414062,25
866,69186.89331054688,25
867,69665.12329101562,25
868,69799.59130859375,25
869,69488.45190429688,25
870,69602.95825195312,25
871,69459.54296875,25
872,69636.19677734375,25
873,69836.705078125,25
874,69970.96606445312,25
875,69700.90649414062,25
876,69548.90893554688,25
877,69755.85668945312,25
878,69773.83520507812,25
879,69484.2705078125,25
880,70035.35131835938,25
881,69669.47583007812,25
882,69664.55395507812,25
883,69742.45263671875,25
884,69693.44995117188,25
885,69588.83837890625,25
886,69479.02026367188,25
887,69575.54516601562,25
888,69836.75732421875,25
889,69182.16772460938,25
890,69687.93774414062,25
891,70112.24926757812,25
892,69520.8896484375,25
893,69157.208984375,25
894,69494.07934570312,25
895,69857.78442382812,25
896,69766.759765625,25
897,69092.59423828125,25
898,69302.58447265625,25
899,69578.03100585938,25
900,69239.3564453125,25
901,69671.26440429688,25
902,69470.41625976562,25
903,69117.20288085938,25
904,69425.24926757812,25
905,69660.05786132812,25
906,69625.23266601562,25
907,69478.96508789062,25
908,69681.7099609375,25
909,69923.07104492188,25
910,70188.724609375,25
911,70022.22607421875,25
912,70174.10620117188,25
913,69403.01220703125,25
914,69663.462890625,25
915,69945.87329101562,25
916,69378.75439453125,25
917,69833.93505859375,25
918,69505.3583984375,25
919,69602.697265625,25
920,69277.96752929688,25
921,69561.34155273438,25
922,69365.51513671875,25
923,69328.25170898438,25
924,69977.72827148438,25
925,69493.71166992188,25
926,69358.03540039062,25
927,69624.59399414062,25
928,69739.76171875,25
929,69837.45581054688,25
930,69652.28491210938,25
931,69804.93969726562,25
932,70033.40551757812,25
933,69689.81787109375,25
934,69158.8759765625,25
935,69343.95849609375,25
936,69285.74438476562,25
937,69500.599609375,25
938,69233.23193359375,25
939,69632.2353515625,25
940,69558.42919921875,25
941,69683.43920898438,25
942,70215.25830078125,25
943,69519.19067382812,25
944,69511.30078125,25
945,69814.94165039062,25
946,69241.40356445312,25
947,69735.1650390625,25
948,69503.67260742188,25
949,69745.5361328125,25
950,69355.8623046875,25
951,69389.53759765625,25
952,70058.90478515625,25
953,69735.37573242188,25
954,69480.6806640625,25
955,69291.43090820312,25
956,69331.97924804688,25
957,69449.92529296875,25
958,69107.43310546875,25
959,69850.64086914062,25
960,69417.30102539062,25
961,69711.57373046875,25
962,69883.64013671875,25
963,69527.591796875,25
964,69240.88647460938,25
965,69620.96411132812,25
966,69315.52197265625,25
967,69122.82446289062,25
968,69694.33081054688,25
969,69558.6513671875,25
970,69722.03784179688,25
971,69512.35107421875,25
972,69825.23022460938,25
973,69436.126953125,25
974,69611.37036132812,25
975,69648.44946289062,25
976,69603.79858398438,25
977,69609.80908203125,25
978,69567.74682617188,25
979,69931.80639648438,25
980,69953.10278320312,25
981,69600.23510742188,25
982,69661.02392578125,25
983,69493.65356445312,25
984,69439.48510742188,25
985,69367.82250976562,25
986,69817.61010742188,25
987,69618.869140625,25
988,69928.42407226562,25
989,70122.64599609375,25
990,69932.61206054688,25
991,69707.72729492188,25
992,69641.48876953125,25
993,69396.38623046875,25
994,69822.39379882812,25
995,69537.46484375,25
996,69486.81225585938,25
997,69564.85009765625,25
998,69689.27856445312,25
999,69575.58251953125,25
1000,69606.10864257812,25
1001,69669.2353515625,25
1002,69880.35327148438,25
1003,69645.51782226562,25
1004,69676.88452148438,25
1005,69788.34716796875,25
1006,69362.21801757812,25
1007,69526.1962890625,25
1008,69938.10375976562,25
1009,69572.36083984375,25
1010,69724.482421875,25
1011,69945.5771484375,25
1012,69295.96435546875,25
1013,69750.32641601562,25
1014,69859.59155273438,25
1015,69450.76904296875,25
1016,69596.79516601562,25
1017,69050.60961914062,25
1018,69617.81762695312,25
1019,69665.27294921875,25
1020,69889.4599609375,25
1021,69380.552734375,25
1022,69643.697265625,25
1023,69225.15234375,25
1024,69431.94482421875,25
1025,69591.076171875,25
1026,69435.49096679688,25
1027,69316.66235351562,25
1028,69641.39892578125,25
1029,69629.14770507812,25
1030,69175.83129882812,25
1031,69846.13891601562,25
1032,69250.87353515625,25
1033,69216.70458984375,25
1034,69452.3896484375,25
1035,69341.34936523438,25
1036,69741.51806640625,25
1037,69404.69604492188,25
1038,68922.44921875,25
1039,69693.65356445312,25
1040,69488.49877929688,25
1041,69561.02758789062,25
1042,69739.5078125,25
1043,69636.81225585938,25
1044,69697.44384765625,25
1045,70050.8984375,25
1046,69587.6650390625,25
1047,69529.310546875,25
1048,69438.18212890625,25
1049,69830.16333007812,25
1050,69582.52490234375,25
1051,68926.71850585938,25
1052,69524.08813476562,25
1053,69485.7626953125,25
1054,69705.60668945312,25
1055,69823.89331054688,25
1056,69637.337890625,25
1057,69646.33276367188,25
1058,69458.833984375,25
1059,69939.87939453125,25
1060,69302.53735351562,25
1061,69717.82397460938,25
1062,69543.52319335938,25
1063,69227.16162109375,25
1064,69914.94287109375,25
1065,69360.82055664062,25
1066,69545.52075195312,25
1067,69982.96801757812,25
1068,69825.47241210938,25
1069,69304.60961914062,25
1070,69293.99560546875,25
1071,69575.60473632812,25
1072,69050.10668945312,25
1073,69557.47631835938,25
1074,69809.1435546875,25
1075,69845.36450195312,25
1076,69864.8017578125,25
1077,69641.2880859375,25
1078,69661.5087890625,25
1079,69820.45751953125,25
1080,69167.546875,25
1081,69578.60375976562,25
1082,69392.15185546875,25
1083,69752.1201171875,25
1084,69742.8310546875,25
1085,69635.19677734375,25
1086,69687.93408203125,25
1087,69595.50805664062,25
1088,69895.95458984375,25
1089,69708.1796875,25
1090,69562.58129882812,25
1091,69314.42456054688,25
1092,69515.966796875,25
1093,69276.22705078125,25
1094,69945.55688476562,25
1095,69347.19067382812,25
1096,69749.36962890625,25
1097,69270.06665039062,25
1098,69685.29125976562,25
1099,69731.0703125,25
1100,69614.47119140625,25
1101,69520.88354492188,25
1102,69748.82104492188,25
1103,69562.63818359375,25
1104,69282.40625,25
1105,69575.92822265625,25
1106,69690.22607421875,25
1107,69624.74658203125,25
1108,69663.85546875,25
1109,69514.48583984375,25
1110,69589.85473632812,25
1111,69464.84399414062,25
1112,69930.43115234375,25
1113,69708.25830078125,25
1114,69627.18383789062,25
1115,69766.52026367188,25
1116,69461.75854492188,25
1117,70024.76879882812,25
1118,69214.67529296875,25
1119,69284.97631835938,25
1120,69412.900390625,25
1121,69233.5615234375,25
1122,69364.48706054688,25
1123,69938.74853515625,25
1124,69694.41357421875,25
1125,69367.02221679688,25
1126,70028.5615234375,25
1127,69874.92407226562,25
1128,67111.189453125,25
1129,65351.96533203125,25
1130,64919.1240234375,25
1131,64890.507080078125,25
1132,64744.8017578125,25
1133,64544.01611328125,25
1134,65078.191162109375,25
1135,65298.716796875,25
1136,64869.06689453125,25
1137,64719.383056640625,25
1138,64721.75146484375,25
1139,64902.678466796875,25
1140,64864.791748046875,25
1141,65074.688720703125,25
1142,65030.854248046875,25
1143,65069.40185546875,25
1144,64781.929931640625,25
1145,65078.42822265625,25
1146,64775.96044921875,25
1147,64733.833984375,25
1148,64593.83935546875,25
1149,64910.076416015625,25
1150,65130.03369140625,25
1151,64581.992919921875,25
1152,65149.8671875,25
1153,64995.650634765625,25
1154,65201.52099609375,25
1155,65013.27978515625,25
1156,65118.626708984375,25
1157,64941.57275390625,25
1158,65363.810302734375,25
1159,65388.60791015625,25
1160,65435.590576171875,25
1161,64972.642822265625,25
1162,65177.138671875,25
1163,65015.882568359375,25
1164,64865.261962890625,25
1165,65169.232666015625,25
1166,65255.69189453125,25
1167,65147.537841796875,25
1168,65173.19677734375,25
1169,64852.246826171875,25
1170,65257.80517578125,25
1171,65005.232177734375,25
1172,65293.556884765625,25
1173,64987.609130859375,25
1174,65500.44091796875,25
1175,64944.38671875,25
1176,65321.81201171875,25
1177,65218.99755859375,25
1178,65061.90966796875,25
1179,64970.74072265625,25
1180,64801.200439453125,25
1181,64802.69140625,25
1182,64487.2734375,25
1183,64867.55859375,25
1184,65348.585693359375,25
1185,64528.07275390625,25
1186,64512.444091796875,25
1187,64810.43408203125,25
1188,64829.37451171875,25
1189,65002.4775390625,25
1190,64941.18212890625,25
1191,65197.281494140625,25
1192,64766.777099609375,25
1193,65094.74755859375,25
1194,65147.51953125,25
1195,64921.63916015625,25
1196,64925.318359375,25
1197,65204.211181640625,25
1198,64561.09326171875,25
1199,65163.5654296875,25
1200,65025.657470703125,25
1201,64369.99072265625,25
1202,65150.704833984375,25
1203,65150.3193359375,25
1204,64944.3505859375,25
1205,64931.45068359375,25
1206,64920.5,25
1207,64734.057373046875,25
1208,65224.9462890625,25
1209,64950.52978515625,25
1210,64859.310302734375,25
1211,65150.15771484375,25
1212,65077.2353515625,25
1213,65063.2958984375,25
1214,64945.20556640625,25
1215,64349.947265625,25
1216,65038.059814453125,25
1217,64385.96826171875,25
1218,64913.303466796875,25
1219,64946.323974609375,25
1220,64916.490478515625,25
1221,64776.83251953125,25
1222,65123.587158203125,25
1223,64736.826416015625,25
1224,65214.562255859375,25
1225,64889.525390625,25
1226,64881.688720703125,25
1227,64872.556396484375,25
1228,64397.929443359375,25
1229,65066.851806640625,25
1230,64528.038330078125,25
1231,65096.673583984375,25
1232,64366.01513671875,25
1233,64619.455322265625,25
1234,64714.585205078125,25
1235,64703.645751953125,25
1236,64955.228515625,25
1237,64867.7265625,25
1238,64851.968505859375,25
1239,64644.693115234375,25
1240,64464.41943359375,25
1241,65132.06396484375,25
1242,64956.322021484375,25
1243,64705.733642578125,25
1244,64714.45654296875,25
1245,64890.873046875,25
1246,64668.234375,25
1247,64307.927734375,25
1248,64600.984619140625,25
1249,63986.7861328125,25
1250,64725.553955078125,25
1251,64194.155517578125,25
1252,64058.615234375,25
1253,64174.968994140625,25
1254,64372.2890625,25
1255,63771.325927734375,25
1256,63868.0966796875,25
1257,64298.783935546875,25
1258,64047.234619140625,25
1259,64525.3896484375,25
1260,64236.224365234375,25
1261,64733.172119140625,25
1262,64267.082763671875,25
1263,64313.024169921875,25
1264,64336.029296875,25
1265,64217.960205078125,25
1266,64805.532958984375,25
1267,64323.312744140625,25
1268,63972.58349609375,25
1269,64560.13623046875,25
1270,64374.852294921875,25
1271,64215.642578125,25
1272,64323.822509765625,25
1273,64332.087890625,25
1274,64089.42822265625,25
1275,64235.85986328125,25
1276,64919.8623046875,25
1277,63887.856689453125,25
1278,64548.916748046875,25
1279,64120.6591796875,25
1280,64773.97021484375,25
1281,64107.207275390625,25
1282,64070.837158203125,25
1283,64478.89697265625,25
1284,64478.615234375,25
1285,64446.65087890625,25
1286,64274.004638671875,25
1287,64713.9140625,25
1288,64850.656982421875,25
1289,64519.136962890625,25
1290,64070.085205078125,25
1291,64371.7958984375,25
1292,64553.354736328125,25
1293,64127.040771484375,25
1294,64494.11474609375,25
1295,64423.84228515625,25
1296,64444.96337890625,25
1297,64310.136474609375,25
1298,63981.639892578125,25
1299,64529.7275390625,25
1300,64311.851806640625,25
1301,64791.4892578125,25
1302,64182.40087890625,25
1303,64566.1103515625,25
1304,64348.497802734375,25
1305,64414.516357421875,25
1306,64578.049072265625,25
1307,64569.975830078125,25
1308,64307.70751953125,25
1309,64341.025634765625,25
1310,64792.81689453125,25
1311,63624.18994140625,25
1312,64686.136474609375,25
1313,64379.174560546875,25
1314,64271.735107421875,25
1315,64336.51953125,25
1316,64111.28955078125,25
1317,64254.587646484375,25
1318,65085.248779296875,25
1319,64358.146728515625,25
1320,64232.554443359375,25
1321,64131.92919921875,25
1322,64444.620361328125,25
1323,63919.48095703125,25
1324,64195.276611328125,25
1325,64151.350341796875,25
1326,64357.393798828125,25
1327,64388.257568359375,25
1328,64329.854736328125,25
1329,64350.736328125,25
1330,63967.2978515625,25
1331,63928.460693359375,25
1332,64536.621337890625,25
1333,64099.07421875,25
1334,64552.769287109375,25
1335,64394.986083984375,25
1336,64538.262939453125,25
1337,64651.09228515625,25
1338,64567.956298828125,25
1339,64534.221435546875,25
1340,64450.077392578125,25
1341,64610.55712890625,25
1342,64777.874267578125,25
1343,64473.103759765625,25
1344,64115.993896484375,25
1345,64027.239013671875,25
1346,64155.99560546875,25
1347,64328.41748046875,25
1348,64015.6689453125,25
1349,64245.896240234375,25
1350,64086.5146484375,25
1351,64473.74462890625,25
1352,64426.67138671875,25
1353,64051.718017578125,25
1354,64533.014892578125,25
1355,64102.368408203125,25
1356,64246.3427734375,25
1357,64412.069091796875,25
1358,64220.686767578125,25
1359,64379.705078125,25
1360,64416.02587890625,25
1361,64218.952392578125,25
1362,64302.525390625,25
1363,64389.072021484375,25
1364,64688.78369140625,25
1365,64382.927490234375,25
1366,64748.4296875,25
1367,64564.03125,25
1368,64439.351318359375,25
1369,64671.43994140625,25
1370,64283.944580078125,25
1371,64707.044677734375,25
1372,64148.8408203125,25
1373,64214.801513671875,25
1374,64184.091796875,25
1375,64317.28662109375,25
1376,64329.216552734375,25
1377,64165.890869140625,25
1378,63659.90234375,25
1379,64122.06982421875,25
1380,64231.582763671875,25
1381,64493.050537109375,25
1382,64412.162109375,25
1383,64261.606689453125,25
1384,64245.137939453125,25
1385,64013.6884765625,25
1386,64425.690673828125,25
1387,64279.62451171875,25
1388,63863.681884765625,25
1389,64576.39453125,25
1390,64205.39892578125,25
1391,64136.009521484375,25
1392,64241.633056640625,25
1393,64317.733154296875,25
1394,64401.421630859375,25
1395,64916.98193359375,25
1396,64468.401611328125,25
1397,64327.3173828125,25
1398,64761.795166015625,25
1399,64850.948486328125,25
1400,64783.4013671875,25
1401,65355.126953125,25
1402,64870.350830078125,25
1403,64382.22802734375,25
1404,64544.42822265625,25
1405,64506.499755859375,25
1406,64480.8740234375,25
1407,64840.65673828125,25
1408,64525.524169921875,25
1409,64875.7138671875,25
1410,64438.873779296875,25
1411,64539.30810546875,25
1412,64783.70751953125,25
1413,64463.666015625,25
1414,64689.4423828125,25
1415,64295.05224609375,25
1416,64399.5009765625,25
1417,64840.395751953125,25
1418,64705.99560546875,25
1419,64711.292724609375,25
1420,64863.998779296875,25
1421,64769.661865234375,25
1422,64724.744873046875,25
1423,64376.62646484375,25
1424,64719.88134765625,25
1425,64568.66552734375,25
1426,64392.2333984375,25
1427,64829.28271484375,25
1428,64693.13623046875,25
1429,64337.935791015625,25
1430,64924.6630859375,25
1431,64473.489501953125,25
1432,64958.607666015625,25
1433,64331.041259765625,25
1434,64273.67626953125,25
1435,64475.603271484375,25
1436,64851.041259765625,25
1437,64438.01025390625,25
1438,64607.40283203125,25
1439,64330.3779296875,25
1440,64753.177490234375,25
1441,64661.1484375,25
1442,64424.22705078125,25
1443,64572.4462890625,25
1444,64644.814697265625,25
1445,64679.73876953125,25
1446,64416.43408203125,25
1447,64782.74365234375,25
1448,64511.169189453125,25
1449,64442.833251953125,25
1450,64387.383056640625,25
1451,64685.84423828125,25
1452,64402.24072265625,25
1453,64987.44873046875,25
1454,64846.17041015625,25
1455,64590.671875,25
1456,64678.51708984375,25
1457,64513.05810546875,25
1458,64969.731201171875,25
1459,64638.933349609375,25
1460,64492.89697265625,25
1461,64737.18701171875,25
1462,64605.5029296875,25
1463,64759.572265625,25
1464,64905.455322265625,25
1465,64906.01513671875,25
1466,64719.802734375,25
1467,64880.46435546875,25
1468,64516.580810546875,25
1469,64614.4384765625,25
1470,65042.109130859375,25
1471,64468.670654296875,25
1472,64620.040283203125,25
1473,64942.964111328125,25
1474,64226.058349609375,25
1475,64079.990234375,25
1476,64767.587890625,25
1477,64569.07861328125,25
1478,64476.4736328125,25
1479,64102.47265625,25
1480,64765.199462890625,25
1481,64695.318603515625,25
1482,64893.79443359375,25
1483,64880.70263671875,25
1484,64643.10107421875,25
1485,64948.949951171875,25
1486,64635.110595703125,25
1487,64793.95703125,25
1488,64781.64013671875,25
1489,64815.451416015625,25
1490,64934.05029296875,25
1491,64263.3447265625,25
1492,65129.12353515625,25
1493,64602.73486328125,25
1494,64840.07177734375,25
1495,64526.40771484375,25
1496,64573.84375,25
1497,64093.865966796875,25
1498,64905.790771484375,25
1499,64327.09521484375,25
1500,64484.673583984375,25
1501,63825.17919921875,25
1502,64654.918212890625,25
1503,64776.571044921875,25
1504,64544.814208984375,25
1505,64348.132568359375,25
1506,64188.9521484375,25
1507,64392.04931640625,25
1508,64536.1494140625,25
1509,64433.40087890625,25
1510,64767.8134765625,25
1511,64661.88525390625,25
1512,64712.55859375,25
1513,64714.900634765625,25
1514,64610.057861328125,25
1515,64065.917724609375,25
1516,64359.499755859375,25
1517,64756.27099609375,25
1518,64458.130859375,25
1519,64483.838134765625,25
1520,64564.923828125,25
1521,64546.82421875,25
1522,64530.81982421875,25
1523,65124.58251953125,25
1524,64619.284912109375,25
1525,64579.654296875,25
1526,65196.80322265625,25
1527,64651.48828125,25
1528,64863.324462890625,25
1529,64239.652587890625,25
1530,64457.151611328125,25
1531,64592.331787109375,25
1532,64695.142822265625,25
1533,64339.85546875,25
1534,64757.365478515625,25
1535,64451.330810546875,25
1536,64237.693359375,25
1537,64908.279052734375,25
1538,64817.37060546875,25
1539,64066.932861328125,25
1540,64141.3740234375,25
1541,64621.78759765625,25
1542,65086.82421875,25
1543,64910.327392578125,25
1544,64874.393798828125,25
1545,64488.280517578125,25
1546,64360.202392578125,25
1547,64682.384521484375,25
1548,64701.302001953125,25
1549,65196.613037109375,25
1550,64921.474365234375,25
1551,64307.744140625,25
1552,64354.492919921875,25
1553,64549.598876953125,25
1554,64781.5107421875,25
1555,64937.756103515625,25
1556,64702.473388671875,25
1557,64763.634033203125,25
1558,64577.859375,25
1559,64306.829833984375,25
1560,64683.528564453125,25
1561,64407.537353515625,25
1562,64505.729248046875,25
1563,64395.21484375,25
1564,64823.7998046875,25
1565,64383.857177734375,25
1566,64658.279296875,25
1567,64554.039306640625,25
1568,64767.681640625,25
1569,64279.73193359375,25
1570,64933.807861328125,25
1571,64469.205322265625,25
1572,64830.8095703125,25
1573,64870.755615234375,25
1574,64118.01318359375,25
1575,64683.07275390625,25
1576,64269.5029296875,25
1577,65061.986083984375,25
1578,64653.1181640625,25
1579,64827.457763671875,25
1580,64407.60498046875,25
1581,64631.7939453125,25
1582,64487.07763671875,25
1583,64495.222412109375,25
1584,64856.915283203125,25
1585,64519.304931640625,25
1586,64470.6162109375,25
1587,64764.9267578125,25
1588,64756.54443359375,25
1589,64829.234375,25
1590,64471.009033203125,25
1591,64785.720458984375,25
1592,64744.676025390625,25
1593,64693.676025390625,25
1594,64561.912353515625,25
1595,64243.825439453125,25
1596,64404.46923828125,25
1597,64583.884765625,25
1598,64481.729248046875,25
1599,64818.8486328125,25
1600,64480.412841796875,25
1601,64526.92236328125,25
1602,64612.357666015625,25
1603,64412.723388671875,25
1604,65139.614990234375,25
1605,65912.34643554688,25
1606,67128.03930664062,25
1607,67547.29931640625,25
1608,67369.31176757812,25
1609,67201.39038085938,25
1610,67000.49731445312,25
1611,67813.27758789062,25
1612,67404.96899414062,25
1613,67556.59448242188,25
1614,67222.26611328125,25
1615,67251.84521484375,25
1616,67085.2216796875,25
1617,67297.51977539062,25
1618,67362.287109375,25
1619,67104.12036132812,25
1620,67177.50463867188,25
1621,67480.37963867188,25
1622,67032.62622070312,25
1623,67646.4248046875,25
1624,66970.57348632812,25
1625,67471.96875,25
1626,67420.958984375,25
1627,66975.28271484375,25
1628,67636.71704101562,25
1629,67481.57397460938,25
1630,67226.10791015625,25
1631,67067.0400390625,25
1632,67108.09399414062,25
1633,67372.85522460938,25
1634,67625.89331054688,25
1635,67082.44653320312,25
1636,67215.126953125,25
1637,67501.23486328125,25
1638,67259.69750976562,25
1639,67852.99462890625,25
1640,67248.61645507812,25
1641,66967.36596679688,25
1642,67958.904296875,25
1643,67192.2880859375,25
1644,67107.58227539062,25
1645,67230.43017578125,25
1646,66730.126953125,25
1647,67294.986328125,25
1648,67193.43408203125,25
1649,67462.48754882812,25
1650,67205.30810546875,25
1651,67835.02783203125,25
1652,67267.96752929688,25
1653,67414.53515625,25
1654,66722.7841796875,25
1655,67124.2783203125,25
1656,67288.34033203125,25
1657,67134.51538085938,25
1658,67839.62768554688,25
1659,67132.00561523438,25
1660,67067.9658203125,25
1661,67077.74560546875,25
1662,67219.09765625,25
1663,67162.564453125,25
1664,67449.56103515625,25
1665,67656.09204101562,25
1666,66931.93090820312,25
1667,67219.75805664062,25
1668,66674.89135742188,25
1669,67616.00219726562,25
1670,67445.69482421875,25
1671,67278.49072265625,25
1672,66759.1865234375,25
1673,67439.11010742188,25
1674,67322.80908203125,25
1675,67404.7919921875,25
1676,67334.39379882812,25
1677,67306.11840820312,25
1678,67254.27368164062,25
1679,67237.05249023438,25
1680,66795.4384765625,25
1681,66724.080078125,25
1682,67580.30786132812,25
1683,67498.0576171875,25
1684,66985.65307617188,25
1685,67119.65185546875,25
1686,67086.04467773438,25
1687,67473.361328125,25
1688,67153.15209960938,25
1689,67360.71362304688,25
1690,67161.03955078125,25
1691,67273.82421875,25
1692,67201.703125,25
1693,67658.99877929688,25
1694,67311.8486328125,25
1695,67119.6611328125,25
1696,67498.89038085938,25
1697,67580.28295898438,25
1698,67146.29028320312,25
1699,66803.10693359375,25
1700,66831.33520507812,25
1701,66773.91259765625,25
1702,67068.93481445312,25
1703,67189.20190429688,25
1704,66887.22143554688,25
1705,66945.18237304688,25
1706,67455.51025390625,25
1707,66745.56909179688,25
1708,67056.52197265625,25
1709,66950.5,25
1710,67117.83764648438,25
1711,67049.47216796875,25
1712,67363.45556640625,25
1713,66739.35180664062,25
1714,66966.56860351562,25
1715,67542.76098632812,25
1716,66384.38989257812,25
1717,67257.60522460938,25
1718,66585.97998046875,25
1719,67435.30883789062,25
1720,67212.3837890625,25
1721,67483.90478515625,25
1722,66888.64379882812,25
1723,67259.31103515625,25
1724,66740.80810546875,25
1725,67061.98510742188,25
1726,67053.435546875,25
1727,67247.32934570312,25
1728,66498.392578125,25
1729,66905.1318359375,25
1730,66824.6396484375,25
1731,66841.306640625,25
1732,66764.22998046875,25
1733,66945.22314453125,25
1734,66531.2197265625,25
1735,67155.92260742188,25
1736,66930.82568359375,25
1737,66759.6669921875,25
1738,66705.53076171875,25
1739,66750.7294921875,25
1740,66933.85131835938,25
1741,66902.23876953125,25
1742,66894.04174804688,25
1743,67289.33032226562,25
1744,67205.98461914062,25
1745,67243.76196289062,25
1746,66741.0546875,25
1747,66988.5654296875,25
1748,66967.892578125,25
1749,67125.794921875,25
1750,67906.40991210938,25
1751,68743.83081054688,25
1752,68662.6103515625,25
1753,68356.16137695312,25
1754,68446.63940429688,25
1755,68717.2568359375,25
1756,68658.17724609375,25
1757,68314.65795898438,25
1758,68036.98681640625,25
1759,68419.65063476562,25
1760,68219.15112304688,25
1761,68782.6630859375,25
1762,68207.65307617188,25
1763,68228.13720703125,25
1764,68668.50415039062,25
1765,68609.71997070312,25
1766,68809.28173828125,25
1767,68581.57983398438,25
1768,68581.96459960938,25
1769,68273.67504882812,25
1770,68665.27001953125,25
1771,68879.92651367188,25
1772,68202.12084960938,25
1773,68753.25244140625,25
1774,69089.82250976562,25
1775,68477.95874023438,25
1776,68134.33642578125,25
1777,68346.3330078125,25
1778,68474.35424804688,25
1779,68202.33935546875,25
1780,68355.29736328125,25
1781,68269.66015625,25
1782,68272.822265625,25
1783,68517.73706054688,25
1784,68492.96557617188,25
1785,68785.857421875,25
1786,68567.14477539062,25
1787,68377.77661132812,25
1788,68518.294921875,25
1789,68501.77978515625,25
1790,68274.6669921875,25
1791,68700.82250976562,25
1792,68439.49584960938,25
1793,68512.90600585938,25
1794,68365.466796875,25
1795,68493.07836914062,25
1796,68626.3388671875,25
1797,68404.607421875,25
1798,68620.42651367188,25
1799,68728.9140625,25
1800,68135.3857421875,25
1801,68101.94482421875,25
1802,68478.28271484375,25
1803,68287.09204101562,25
1804,68311.21801757812,25
1805,68299.24096679688,25
1806,68328.34814453125,25
1807,68622.0087890625,25
1808,68505.60668945312,25
1809,68519.13818359375,25
1810,68548.50756835938,25
1811,68384.96435546875,25
1812,68329.75463867188,25
1813,68709.34619140625,25
1814,68458.70947265625,25
1815,68624.8525390625,25
1816,68609.75366210938,25
1817,68337.49462890625,25
1818,68677.28955078125,25
1819,68814.61279296875,25
1820,68391.17553710938,25
1821,68554.5869140625,25
1822,67991.51318359375,25
1823,68189.7548828125,25
1824,68670.39379882812,25
1825,68426.36840820312,25
1826,68522.40673828125,25
1827,68150.32397460938,25
1828,68031.42504882812,25
1829,68624.39477539062,25
1830,68424.30224609375,25
1831,68230.94653320312,25
1832,68178.06567382812,25
1833,68341.21459960938,25
1834,68311.75317382812,25
1835,68395.65161132812,25
1836,68368.13452148438,25
1837,67935.26391601562,25
1838,68395.47534179688,25
1839,68221.19311523438,25
1840,68962.51684570312,25
1841,68379.794921875,25
1842,68804.150390625,25
1843,68576.03198242188,25
1844,68612.06420898438,25
1845,68341.9951171875,25
1846,68853.08911132812,25
1847,69104.82055664062,25
1848,68511.74145507812,25
1849,68333.25512695312,25
1850,68653.55249023438,25
1851,68162.20581054688,25
1852,68310.89819335938,25
1853,68745.96362304688,25
1854,68332.34350585938,25
1855,68745.15966796875,25
1856,68607.26318359375,25
1857,68520.775390625,25
1858,68305.47045898438,25
1859,68249.71337890625,25
1860,68495.70068359375,25
1861,68649.48413085938,25
1862,68707.341796875,25
1863,68664.84106445312,25
1864,68564.65747070312,25
1865,68537.8525390625,25
1866,68373.1640625,25
1867,68757.9619140625,25
1868,68954.88305664062,25
1869,68912.494140625,25
1870,68078.91772460938,25
1871,69130.32104492188,25
1872,68610.71875,25
1873,68945.70947265625,25
1874,68412.8759765625,25
1875,68665.92138671875,25
1876,68211.29858398438,25
1877,68080.31469726562,25
1878,68297.88305664062,25
1879,68572.56030273438,25
1880,68443.62719726562,25
1881,69024.03271484375,25
1882,68659.48754882812,25
1883,68456.80810546875,25
1884,68244.5458984375,25
1885,68717.00634765625,25
1886,68245.69580078125,25
1887,68310.81372070312,25
1888,68482.65161132812,25
1889,68455.416015625,25
1890,68383.56396484375,25
1891,68824.44995117188,25
1892,68619.21313476562,25
1893,68130.197265625,25
1894,68235.31787109375,25
1895,68444.21630859375,25
1896,68794.98803710938,25
1897,68481.29541015625,25
1898,68547.72900390625,25
1899,68953.0595703125,25
1900,68472.68310546875,25
1901,68776.767578125,25
1902,68885.3740234375,25
1903,68879.3037109375,25
1904,68346.31298828125,25
1905,69062.58837890625,25
1906,68582.544921875,25
1907,68250.99877929688,25
1908,68795.275390625,25
1909,68052.39233398438,25
1910,67816.208984375,25
1911,68688.85693359375,25
1912,68138.55004882812,25
1913,68569.4453125,25
1914,67958.38647460938,25
1915,68713.04418945312,25
1916,68579.13134765625,25
1917,68328.40771484375,25
1918,68673.39721679688,25
1919,68728.61328125,25
1920,68129.513671875,25
1921,68571.13989257812,25
1922,68324.83203125,25
1923,68570.41748046875,25
1924,68297.22680664062,25
1925,68370.59130859375,25
1926,68361.88671875,25
1927,68674.29516601562,25
1928,68671.525390625,25
1929,68795.5634765625,25
1930,68703.70581054688,25
1931,68660.71508789062,25
1932,68794.85693359375,25
1933,68580.54248046875,25
1934,68737.77783203125,25
1935,68494.79565429688,25
1936,68624.44116210938,25
1937,68168.80859375,25
1938,68961.94067382812,25
1939,68602.47338867188,25
1940,68558.2431640625,25
1941,68347.4228515625,25
1942,68752.67431640625,25
1943,68839.92822265625,25
1944,68810.95971679688,25
1945,68592.23217773438,25
1946,68947.15234375,25
1947,68742.35009765625,25
1948,68489.88427734375,25
1949,68777.3583984375,25
1950,68524.04150390625,25
1951,68562.33154296875,25
1952,68534.3564453125,25
1953,68654.080078125,25
1954,68868.490234375,25
1955,68201.2392578125,25
1956,68159.60888671875,25
1957,68702.435546875,25
1958,68328.77001953125,25
1959,68369.4052734375,25
1960,68735.06518554688,25
1961,68321.73315429688,25
1962,68519.6357421875,25
1963,68193.49926757812,25
1964,68284.81591796875,25
1965,68980.67797851562,25
1966,67917.3759765625,25
1967,68764.48095703125,25
1968,68941.54028320312,25
1969,68664.92846679688,25
1970,68089.37133789062,25
1971,68889.61938476562,25
1972,68687.87231445312,25
1973,68624.17797851562,25
1974,68438.07568359375,25
1975,68767.04272460938,25
1976,68584.53979492188,25
1977,68293.71630859375,25
1978,68531.40893554688,25
1979,68300.263671875,25
1980,69019.37353515625,25
1981,68488.98364257812,25
1982,68185.73510742188,25
1983,68474.09814453125,25
1984,68409.22412109375,25
1985,68107.14575195312,25
1986,68538.02880859375,25
1987,68939.49536132812,25
1988,68712.99438476562,25
1989,68030.21118164062,25
1990,68564.65551757812,25
1991,69159.87231445312,25
1992,68980.91528320312,25
1993,68297.06176757812,25
1994,68254.1796875,25
1995,68471.97607421875,25
1996,68541.0517578125,25
1997,68664.93798828125,25
1998,68529.2314453125,25
1999,68697.25952148438,25
2000,68287.62866210938,25
2001,68517.16528320312,25
2002,68581.474609375,25
2003,68723.6953125,25
2004,68540.69677734375,25
2005,68508.76440429688,25
2006,68794.6025390625,25
2007,68316.7109375,25
2008,68390.55444335938,25
2009,68070.52758789062,25
2010,67992.91650390625,25
2011,68524.17822265625,25
2012,68165.88500976562,25
2013,68666.66137695312,25
2014,68486.53833007812,25
2015,68805.11865234375,25
2016,68148.7529296875,25
2017,68877.8759765625,25
2018,68426.90356445312,25
2019,68259.2265625,25
2020,68331.7373046875,25
2021,68483.51318359375,25
2022,68167.1416015625,25
2023,68894.4833984375,25
2024,68754.04956054688,25
2025,68638.9892578125,25
2026,68621.19213867188,25
2027,68095.599609375,25
2028,68725.0380859375,25
2029,68599.06787109375,25
2030,68692.25341796875,25
2031,68322.83813476562,25
2032,68536.22827148438,25
2033,68004.54711914062,25
2034,68281.75317382812,25
2035,68176.32641601562,25
2036,68581.17578125,25
2037,68646.39086914062,25
2038,68479.607421875,25
2039,68100.267578125,25
2040,68682.72045898438,25
2041,68343.7451171875,25
2042,68790.400390625,25
2043,68779.82177734375,25
2044,68844.26342773438,25
2045,68776.044921875,25
2046,68663.13916015625,25
2047,68346.60034179688,25
2048,68244.3076171875,25
2049,68535.69067382812,25
2050,68659.3564453125,25
2051,68595.0439453125,25
2052,68296.7998046875,25
2053,68499.283203125,25
2054,68387.744140625,25
2055,69068.041015625,25
2056,68908.37280273438,25
2057,68635.47802734375,25
2058,68424.16845703125,25
2059,68418.12744140625,25
2060,68678.13208007812,25
2061,68370.57299804688,25
2062,68604.88354492188,25
2063,68316.85668945312,25
2064,68776.31372070312,25
2065,68991.84912109375,25
2066,68716.16186523438,25
2067,68658.46899414062,25
2068,68306.90893554688,25
2069,68701.08154296875,25
2070,68686.25170898438,25
2071,68580.25268554688,25
2072,68750.95703125,25
2073,68945.50122070312,25
2074,69115.53149414062,25
2075,68595.54541015625,25
2076,68614.93041992188,25
2077,68702.00952148438,25
2078,68539.166015625,25
2079,68790.00463867188,25
2080,68518.51318359375,25
2081,68985.75366210938,25
2082,68914.40161132812,25
2083,69022.68286132812,25
2084,68645.00341796875,25
2085,68693.4521484375,25
2086,68963.37182617188,25
2087,68993.79125976562,25
2088,68880.85546875,25
2089,68668.43481445312,25
2090,69214.49853515625,25
2091,68848.73901367188,25
2092,69452.29296875,25
2093,68788.95971679688,25
2094,68528.759765625,25
2095,68943.15502929688,25
2096,68921.47680664062,25
2097,69149.853515625,25
2098,68888.21411132812,25
2099,68694.58959960938,25
2100,68939.01245117188,25
2101,69610.943359375,25
2102,69086.56713867188,25
2103,69373.3115234375,25
2104,69045.77587890625,25
2105,68894.78833007812,25
2106,68786.64404296875,25
2107,69222.07421875,25
2108,69389.12231445312,25
2109,69495.24755859375,25
2110,69200.875,25
2111,69046.09765625,25
2112,69048.8974609375,25
2113,69555.44555664062,25
2114,68908.16259765625,25
2115,69179.197265625,25
2116,69486.62524414062,25
2117,68845.33203125,25
2118,68880.15649414062,25
2119,68716.9873046875,25
2120,69441.44653320312,25
2121,69373.98754882812,25
2122,68936.18115234375,25
2123,68988.65087890625,25
2124,69389.8583984375,25
2125,68898.13159179688,25
2126,68940.22607421875,25
2127,69152.69995117188,25
2128,69600.91088867188,25
2129,69000.13500976562,25
2130,69745.212890625,25
2131,68971.61547851562,25
2132,69424.96752929688,25
2133,69348.24194335938,25
2134,69568.75537109375,25
2135,69084.41528320312,25
2136,69124.8046875,25
2137,69003.49194335938,25
2138,68807.00244140625,25
2139,69349.03637695312,25
2140,69255.27905273438,25
2141,68849.9228515625,25
2142,69136.65966796875,25
2143,69604.22729492188,25
2144,69355.29541015625,25
2145,69132.52099609375,25
2146,69246.21923828125,25
2147,68890.98950195312,25
2148,69314.22509765625,25
2149,69466.78979492188,25
2150,68966.56201171875,25
2151,69130.45336914062,25
2152,69411.06005859375,25
2153,69243.68212890625,25
2154,68703.86962890625,25
2155,68931.90258789062,25
2156,68889.259765625,25
2157,69246.75634765625,25
2158,69081.84423828125,25
2159,69230.82250976562,25
2160,69104.68408203125,25
2161,69281.3955078125,25
2162,69297.736328125,25
2163,69267.77685546875,25
2164,69108.11083984375,25
2165,69319.802734375,25
2166,69282.50219726562,25
2167,69402.548828125,25
2168,69609.6943359375,25
2169,68993.9013671875,25
2170,69305.42309570312,25
2171,69636.14428710938,25
2172,69114.6962890625,25
2173,69518.3984375,25
2174,69724.86279296875,25
2175,69413.587890625,25
2176,69591.28588867188,25
2177,69191.68334960938,25
2178,69223.30200195312,25
2179,69295.37255859375,25
2180,69572.59716796875,25
2181,69296.59228515625,25
2182,69239.64086914062,25
2183,69521.30151367188,25
2184,69204.5625,25
2185,69515.53540039062,25
2186,69094.90966796875,25
2187,69147.79638671875,25
2188,69395.59155273438,25
2189,69219.40747070312,25
2190,69525.1025390625,25
2191,69161.53198242188,25
2192,69523.2646484375,25
2193,69375.26025390625,25
2194,69132.57958984375,25
2195,69437.04541015625,25
2196,69372.04345703125,25
2197,69140.48950195312,25
2198,69088.20556640625,25
2199,69176.5751953125,25
2200,69279.62670898438,25
2201,69374.349609375,25
2202,69375.6435546875,25
2203,69505.88061523438,25
2204,69578.8330078125,25
2205,69558.91772460938,25
2206,68999.77563476562,25
2207,69160.61010742188,25
2208,69277.01098632812,25
2209,69270.17333984375,25
2210,69375.63745117188,25
2211,69332.373046875,25
2212,69672.22290039062,25
2213,69310.48583984375,25
2214,68893.57446289062,25
2215,69711.00048828125,25
2216,68987.75439453125,25
2217,69269.90747070312,25
2218,69133.05200195312,25
2219,69562.6591796875,25
2220,69487.23681640625,25
2221,69714.16162109375,25
2222,68962.38549804688,25
2223,69152.15844726562,25
2224,69546.60595703125,25
2225,68911.4111328125,25
2226,69470.126953125,25
2227,69273.00463867188,25
2228,69194.1513671875,25
2229,69306.779296875,25
2230,69439.02978515625,25
2231,69225.3818359375,25
2232,68858.5927734375,25
2233,69160.99365234375,25
2234,69095.20336914062,25
2235,69312.97338867188,25
2236,69085.35913085938,25
2237,69205.49267578125,25
2238,69561.134765625,25
2239,69229.88110351562,25
2240,69980.42065429688,25
2241,69498.3125,25
2242,68733.2744140625,25
2243,69519.61743164062,25
2244,69187.72192382812,25
2245,69172.28759765625,25
2246,69245.31860351562,25
2247,69121.29711914062,25
2248,69253.13793945312,25
2249,69720.66650390625,25
2250,69435.08666992188,25
2251,69303.833984375,25
2252,69474.80737304688,25
2253,69344.07641601562,25
2254,69543.80615234375,25
2255,69058.79541015625,25
2256,69150.90380859375,25
2257,69519.6591796875,25
2258,68802.86401367188,25
2259,69212.453125,25
2260,69342.28100585938,25
2261,68923.01049804688,25
2262,69388.7451171875,25
2263,69132.86596679688,25
2264,69679.85180664062,25
2265,69188.90454101562,25
2266,69184.04248046875,25
2267,69243.75830078125,25
2268,69458.53637695312,25
2269,69452.45532226562,25
2270,69373.0048828125,25
2271,68844.57299804688,25
2272,69368.64013671875,25
2273,69285.2626953125,25
2274,69483.53637695312,25
2275,69405.8740234375,25
2276,69519.85546875,25
2277,69470.64916992188,25
2278,69787.57885742188,25
2279,69339.11059570312,25
2280,69695.74096679688,25
2281,69157.00708007812,25
2282,69350.26196289062,25
2283,69699.9794921875,25
2284,69721.01684570312,25
2285,69896.70825195312,25
2286,69814.39135742188,25
2287,69600.02270507812,25
2288,70095.46020507812,25
2289,69885.08642578125,25
2290,70118.27758789062,25
2291,69696.1328125,25
2292,69422.79833984375,25
2293,69804.80688476562,25
2294,69392.54248046875,25
2295,69689.34228515625,25
2296,69817.61743164062,25
2297,69518.64965820312,25
2298,69751.5,25
2299,69725.88989257812,25
2300,69942.65185546875,25
2301,69454.7197265625,25
2302,69758.35180664062,25
2303,69336.07373046875,25
2304,69470.34204101562,25
2305,69853.38134765625,25
2306,69786.51171875,25
2307,69707.23559570312,25
2308,69667.46069335938,25
2309,69534.033203125,25
2310,69773.78833007812,25
2311,68969.81323242188,25
2312,69849.71435546875,25
2313,69987.40087890625,25
2314,69864.96044921875,25
2315,70021.34033203125,25
2316,69303.25024414062,25
2317,70229.31103515625,25
2318,69756.62890625,25
2319,69764.2412109375,25
2320,69999.64282226562,25
2321,69529.45068359375,25
2322,69468.31103515625,25
2323,69546.42602539062,25
2324,69436.5517578125,25
2325,69566.44482421875,25
2326,69397.58447265625,25
2327,69352.76293945312,25
2328,69732.72412109375,25
2329,69451.59716796875,25
2330,69336.26684570312,25
2331,69136.31982421875,25
2332,69059.51416015625,25
2333,69869.01196289062,25
2334,69367.10278320312,25
2335,69678.78979492188,25
2336,69666.69409179688,25
2337,69880.59741210938,25
2338,69494.87426757812,25
2339,69799.74169921875,25
2340,69391.37133789062,25
2341,69482.30517578125,25
2342,69930.6953125,25
2343,69655.5390625,25
2344,69858.78344726562,25
2345,69108.9462890625,25
2346,70052.76318359375,25
2347,69516.05395507812,25
2348,69833.8603515625,25
2349,69667.48217773438,25
2350,69591.43505859375,25
2351,69516.64672851562,25
2352,69685.83569335938,25
2353,69712.1787109375,25
2354,69920.74560546875,25
2355,69989.25756835938,25
2356,69582.96508789062,25
2357,69458.83276367188,25
2358,69555.96997070312,25
2359,69820.31787109375,25
2360,69533.42114257812,25
2361,69595.42553710938,25
2362,69465.08032226562,25
2363,69210.2470703125,25
2364,69738.97290039062,25
2365,69666.52709960938,25
2366,69726.37841796875,25
2367,69506.37451171875,25
2368,69620.70092773438,25
2369,70012.00390625,25
2370,69558.84594726562,25
2371,69679.87841796875,25
2372,69338.30444335938,25
2373,69399.09448242188,25
2374,69298.79223632812,25
2375,70181.63671875,25
2376,69997.75610351562,25
2377,69557.97387695312,25
2378,69793.06494140625,25
2379,69985.1318359375,25
2380,69358.64965820312,25
2381,69724.0478515625,25
2382,69203.98120117188,25
2383,69895.95385742188,25
2384,69828.58447265625,25
2385,69611.23657226562,25
2386,69576.73901367188,25
2387,69850.7255859375,25
2388,69423.87182617188,25
2389,69650.4853515625,25
2390,69559.20556640625,25
2391,69284.28979492188,25
2392,69581.36352539062,25
2393,69712.95947265625,25
2394,69851.53466796875,25
2395,69408.24584960938,25
2396,69727.80810546875,25
2397,69605.63232421875,25
2398,69385.70922851562,25
2399,69389.39624023438,25
2400,69719.9375,25
2401,69061.55029296875,25
2402,69780.25170898438,25
2403,69468.5927734375,25
2404,69658.4853515625,25
2405,70205.94653320312,25
2406,69474.9130859375,25
2407,69494.18530273438,25
2408,69803.83178710938,25
2409,69628.30493164062,25
2410,69625.25439453125,25
2411,69517.80737304688,25
2412,69621.50830078125,25
2413,69449.12768554688,25
2414,69710.56005859375,25
2415,69650.6025390625,25
2416,69368.81762695312,25
2417,69656.52172851562,25
2418,69738.05102539062,25
2419,69781.82397460938,25
2420,69400.38427734375,25
2421,69368.06494140625,25
2422,69586.2216796875,25
2423,69374.98291015625,25
2424,69498.64331054688,25
2425,69658.35986328125,25
2426,69383.83251953125,25
2427,69764.30053710938,25
2428,69530.4033203125,25
2429,69307.88208007812,25
2430,69558.50952148438,25
2431,69475.2607421875,25
2432,69660.86743164062,25
2433,69908.26928710938,25
2434,69758.41943359375,25
2435,69445.65185546875,25
2436,69640.56274414062,25
2437,69470.30517578125,25
2438,69345.64086914062,25
2439,69667.7802734375,25
2440,69586.18041992188,25
2441,69491.21826171875,25
2442,69869.63818359375,25
2443,69553.6650390625,25
2444,69669.734375,25
2445,69773.70874023438,25
2446,70068.064453125,25
2447,69840.40942382812,25
2448,69631.33959960938,25
2449,69970.99584960938,25
2450,69815.28393554688,25
2451,69871.57690429688,25
2452,69825.3212890625,25
2453,69930.1474609375,25
2454,69836.578125,25
2455,69518.65942382812,25
2456,69795.5302734375,25
2457,69499.35571289062,25
2458,69814.4365234375,25
2459,70000.3349609375,25
2460,69645.82470703125,25
2461,69555.18774414062,25
2462,69653.07055664062,25
2463,69361.90747070312,25
2464,69916.71142578125,25
2465,69946.81005859375,25
2466,69472.12719726562,25
2467,70116.29345703125,25
2468,70025.50024414062,25
2469,69671.7236328125,25
2470,69748.13256835938,25
2471,69711.62036132812,25
2472,69593.73193359375,25
2473,69448.6171875,25
2474,69910.3515625,25
2475,69130.66381835938,25
2476,69680.94750976562,25
2477,69683.27856445312,25
2478,69506.90112304688,25
2479,69926.2841796875,25
2480,69092.8974609375,25
2481,69681.6845703125,25
2482,69529.24389648438,25
2483,69976.93798828125,25
2484,69628.73510742188,25
2485,69091.21826171875,25
2486,69270.171875,25
2487,69572.24438476562,25
2488,69936.39770507812,25
2489,69471.79052734375,25
2490,69759.67846679688,25
2491,69636.16625976562,25
2492,69115.93286132812,25
2493,70079.45703125,25
2494,69996.09375,25
2495,69584.359375,25
2496,69808.53491210938,25
2497,70021.04150390625,25
2498,69582.04296875,25
2499,69368.84448242188,25
2500,69499.3779296875,25
2501,69566.12768554688,25
2502,69587.34790039062,25
2503,69602.36352539062,25
2504,70125.26586914062,25
2505,69418.41235351562,25
2506,69700.31323242188,25
2507,69670.79858398438,25
2508,69280.48901367188,25
2509,69419.68017578125,25
2510,69578.48706054688,25
2511,69744.6298828125,25
2512,69996.22802734375,25
2513,69460.4306640625,25
2514,70017.23681640625,25
2515,69122.69384765625,25
2516,69747.97265625,25
2517,69714.79516601562,25
2518,69642.65795898438,25
2519,69535.06689453125,25
2520,69703.6640625,25
2521,69355.58154296875,25
2522,69418.90234375,25
2523,69549.66577148438,25
2524,69572.35693359375,25
2525,69709.62353515625,25
2526,69532.61157226562,25
2527,69226.30883789062,25
2528,69584.50317382812,25
2529,69354.81030273438,25
2530,69578.45703125,25
2531,69574.52465820312,25
2532,69386.97705078125,25
2533,69459.14965820312,25
2534,69532.29931640625,25
2535,69498.87084960938,25
2536,69428.82983398438,25
2537,69733.14697265625,25
2538,69421.95458984375,25
2539,69630.087890625,25
2540,69954.79370117188,25
2541,69630.1591796875,25
2542,69502.73071289062,25
2543,69971.63500976562,25
2544,69210.333984375,25
2545,69444.80810546875,25
2546,69685.31787109375,25
2547,70023.26733398438,25
2548,69321.431640625,25
2549,69721.63110351562,25
2550,69583.67333984375,25
2551,69495.626953125,25
2552,69670.86010742188,25
2553,69452.03491210938,25
2554,69413.29931640625,25
2555,69273.91259765625,25
2556,69160.31713867188,25
2557,69539.70141601562,25
2558,69792.541015625,25
2559,69477.5966796875,25
2560,69421.9736328125,25
2561,69557.4794921875,25
2562,70112.97021484375,25
2563,70094.29931640625,25
2564,70183.87377929688,25
2565,69907.306640625,25
2566,70291.705078125,25
2567,70193.734375,25
2568,70246.56396484375,25
2569,70262.53198242188,25
2570,70221.99462890625,25
2571,70069.45092773438,25
2572,70347.97583007812,25
2573,70143.31469726562,25
2574,70172.3447265625,25
2575,70284.73388671875,25
2576,70232.73364257812,25
2577,69991.19311523438,25
2578,70255.20776367188,25
2579,70286.18115234375,25
2580,70008.15942382812,25
2581,70102.9765625,25
2582,69961.32202148438,25
2583,70597.9677734375,25
2584,70414.45776367188,25
2585,70107.32397460938,25
2586,69773.3251953125,25
2587,69925.2119140625,25
2588,70465.392578125,25
2589,69723.57885742188,25
2590,70090.72705078125,25
2591,69632.58203125,25
2592,70053.46801757812,25
2593,69882.64477539062,25
2594,70218.98852539062,25
2595,69635.51342773438,25
2596,69780.03515625,25
2597,70436.58447265625,25
2598,70426.76220703125,25
2599,70224.94677734375,25
2600,70111.10473632812,25
2601,70052.298828125,25
2602,70243.72875976562,25
2603,70126.88232421875,25
2604,70197.64965820312,25
2605,70189.9560546875,25
2606,69901.88232421875,25
2607,70328.70751953125,25
2608,70097.482421875,25
2609,70465.34204101562,25
2610,69633.60424804688,25
2611,69988.24853515625,25
2612,69897.19116210938,25
2613,69887.57666015625,25
2614,69615.72192382812,25
2615,69827.47119140625,25
2616,70311.05908203125,25
2617,69881.53149414062,25
2618,70030.97241210938,25
2619,69966.01831054688,25
2620,70213.60693359375,25
2621,69896.39111328125,25
2622,70195.82055664062,25
2623,70048.40576171875,25
2624,69828.3837890625,25
2625,70195.65112304688,25
2626,70065.61352539062,25
2627,70075.86743164062,25
2628,70376.4375,25
2629,70340.6376953125,25
2630,69960.32348632812,25
2631,69827.68774414062,25
2632,69975.05126953125,25
2633,70268.34228515625,25
2634,69823.236328125,25
2635,70021.4091796875,25
2636,70374.19995117188,25
2637,69813.21826171875,25
2638,69996.69995117188,25
2639,70048.72485351562,25
2640,70272.10424804688,25
2641,70479.03979492188,25
2642,71160.09545898438,25
2643,70900.83447265625,25
2644,70777.01220703125,25
2645,70642.61694335938,25
2646,71382.61206054688,25
2647,71312.36206054688,25
2648,70730.45092773438,25
2649,71023.32641601562,25
2650,71038.27124023438,25
2651,70722.39135742188,25
2652,71518.96435546875,25
2653,71319.93579101562,25
2654,71195.8095703125,25
2655,71343.61157226562,25
2656,71112.89501953125,25
2657,71125.12719726562,25
2658,71903.00805664062,25
2659,71404.10034179688,25
2660,71339.318359375,25
2661,71316.4970703125,25
2662,71336.47827148438,25
2663,71762.47900390625,25
2664,71154.33081054688,25
2665,71249.02026367188,25
2666,71357.91870117188,25
2667,71215.74780273438,25
2668,71377.416015625,25
2669,71429.412109375,25
2670,71403.19116210938,25
2671,71357.3173828125,25
2672,71599.3134765625,25
2673,71406.86328125,25
2674,71152.736328125,25
2675,71151.3388671875,25
2676,71031.91821289062,25
2677,71276.86596679688,25
2678,71258.84423828125,25
2679,71587.40795898438,25
2680,71333.75927734375,25
2681,71108.87036132812,25
2682,71392.41186523438,25
2683,71213.94116210938,25
2684,71300.7783203125,25
2685,71172.40893554688,25
2686,71231.06298828125,25
2687,71283.06225585938,25
2688,71384.55200195312,25
2689,71225.4384765625,25
2690,71307.85888671875,25
2691,71133.63232421875,25
2692,71200.26293945312,25
2693,70993.6376953125,25
2694,71210.98168945312,25
2695,71120.732421875,25
2696,71325.02001953125,25
2697,71242.80517578125,25
2698,71220.56518554688,25
2699,71603.09838867188,25
2700,71413.48168945312,25
2701,71575.50341796875,25
2702,71138.65625,25
2703,71212.72680664062,25
2704,71402.38793945312,25
2705,71019.69750976562,25
2706,71652.22485351562,25
2707,71116.96020507812,25
2708,71501.193359375,25
2709,71089.08032226562,25
2710,71230.53369140625,25
2711,71088.82177734375,25
2712,71087.37817382812,25
2713,71184.70458984375,25
2714,71306.91577148438,25
2715,71342.58178710938,25
2716,71035.96215820312,25
2717,71183.37109375,25
2718,71332.87622070312,25
2719,71173.46948242188,25
2720,71384.18579101562,25
2721,71078.19091796875,25
2722,70867.42700195312,25
2723,70960.58032226562,25
2724,70970.33325195312,25
2725,71202.45532226562,25
2726,70710.39135742188,25
2727,71104.48510742188,25
2728,71417.89379882812,25
2729,71522.72045898438,25
2730,70944.81274414062,25
2731,71376.93286132812,25
2732,71039.076171875,25
2733,71246.34204101562,25
2734,70736.37036132812,25
2735,70931.10278320312,25
2736,70557.89282226562,25
2737,70301.783203125,25
2738,70590.57861328125,25
2739,70716.13598632812,25
2740,70963.25952148438,25
2741,70480.95288085938,25
2742,70995.95971679688,25
2743,70590.44360351562,25
2744,70675.36352539062,25
2745,70979.80786132812,25
2746,70606.94653320312,25
2747,70979.5302734375,25
2748,70455.05346679688,25
2749,70830.17651367188,25
2750,70546.34741210938,25
2751,70621.2314453125,25
2752,71050.89965820312,25
2753,70801.00927734375,25
2754,70529.76000976562,25
2755,70653.14819335938,25
2756,70431.3515625,25
2757,70951.02587890625,25
2758,70923.189453125,25
2759,71338.646484375,25
2760,70762.15844726562,25
2761,70939.2138671875,25
2762,70415.31103515625,25
2763,70751.27978515625,25
2764,70782.45922851562,25
2765,70711.3330078125,25
2766,70547.14770507812,25
2767,71130.13159179688,25
2768,70911.6279296875,25
2769,71051.14697265625,25
2770,71004.9921875,25
2771,70300.4326171875,25
2772,70496.83032226562,25
2773,70682.61669921875,25
2774,70604.7880859375,25
2775,70845.9892578125,25
2776,70313.58129882812,25
2777,70840.20361328125,25
2778,70746.11010742188,25
2779,70350.34497070312,25
2780,69866.75659179688,25
2781,70570.66088867188,25
2782,70498.1005859375,25
2783,70153.01831054688,25
2784,70742.07763671875,25
2785,70754.03076171875,25
2786,70464.34887695312,25
2787,70528.90307617188,25
2788,70581.57666015625,25
2789,70660.92797851562,25
2790,70313.6474609375,25
2791,70941.58911132812,25
2792,70722.41528320312,25
2793,70666.41259765625,25
2794,70713.28198242188,25
2795,70625.20751953125,25
2796,70255.67504882812,25
2797,70606.67529296875,25
2798,70334.078125,25
2799,70303.38549804688,25
2800,70543.13623046875,25
2801,70706.14916992188,25
2802,70475.32641601562,25
2803,70629.67138671875,25
2804,70439.37622070312,25
2805,70446.00463867188,25
2806,70296.30102539062,25
2807,70171.3349609375,25
2808,70417.39013671875,25
2809,70753.85668945312,25
2810,70520.72924804688,25
2811,70711.40600585938,25
2812,70324.82080078125,25
2813,70538.10620117188,25
2814,70605.11865234375,25
2815,70380.453125,25
2816,70835.10107421875,25
2817,70227.5712890625,25
2818,70775.47387695312,25
2819,70504.58984375,25
2820,70482.01245117188,25
2821,70582.48852539062,25
2822,70292.45947265625,25
2823,69863.08251953125,25
2824,70970.71533203125,25
2825,70699.3857421875,25
2826,70481.91625976562,25
2827,70522.81567382812,25
2828,70581.21508789062,25
2829,70874.94067382812,25
2830,70419.48779296875,25
2831,70611.91845703125,25
2832,70874.03564453125,25
2833,70489.5927734375,25
2834,70394.2236328125,25
2835,70632.27563476562,25
2836,70509.69970703125,25
2837,70587.64990234375,25
2838,70511.25390625,25
2839,70762.02563476562,25
2840,70634.1455078125,25
2841,70860.81982421875,25
2842,70727.65698242188,25
2843,70645.87670898438,25
2844,70534.63403320312,25
2845,70610.40576171875,25
2846,70517.16918945312,25
2847,70513.49047851562,25
2848,70542.08959960938,25
2849,70655.72143554688,25
2850,71100.30737304688,25
2851,70517.87841796875,25
2852,70497.28100585938,25
2853,70662.89404296875,25
2854,70481.09252929688,25
2855,70908.34741210938,25
2856,70592.79321289062,25
2857,71193.71630859375,25
2858,70565.21044921875,25
2859,70670.8056640625,25
2860,70456.400390625,25
2861,70718.28051757812,25
2862,71062.41723632812,25
2863,70223.58642578125,25
2864,70488.78173828125,25
2865,70635.97534179688,25
2866,70906.65771484375,25
2867,70625.2509765625,25
2868,70854.75415039062,25
2869,70592.81689453125,25
2870,70517.34912109375,25
2871,71001.45336914062,25
2872,70880.9111328125,25
2873,70872.7275390625,25
2874,70492.40478515625,25
2875,71293.15209960938,25
2876,70391.36303710938,25
2877,70626.12524414062,25
2878,70823.44946289062,25
2879,70818.20239257812,25
2880,70584.34765625,25
2881,70866.24169921875,25
2882,70335.06225585938,25
2883,70405.32348632812,25
2884,70666.4462890625,25
2885,70909.92309570312,25
2886,70589.25170898438,25
2887,70656.23754882812,25
2888,70644.42358398438,25
2889,70702.83032226562,25
2890,70596.04516601562,25
2891,70350.66748046875,25
2892,70308.15454101562,25
2893,70615.61401367188,25
2894,70414.98608398438,25
2895,70796.02197265625,25
2896,70820.12280273438,25
2897,70504.33471679688,25
2898,70694.8583984375,25
2899,70267.28857421875,25
2900,70603.21899414062,25
2901,70266.1259765625,25
2902,71127.91967773438,25
2903,70462.693359375,25
2904,70425.45092773438,25
2905,70362.57763671875,25
2906,70221.53930664062,25
2907,71288.4296875,25
2908,71233.29296875,25
2909,70735.58520507812,25
2910,70713.66015625,25
2911,70816.38793945312,25
2912,70666.78979492188,25
2913,70397.35302734375,25
2914,70852.62817382812,25
2915,70662.57250976562,25
2916,70284.98803710938,25
2917,70791.61743164062,25
2918,70637.56469726562,25
2919,70261.72119140625,25
2920,70374.18530273438,25
2921,70168.02368164062,25
2922,70537.84252929688,25
2923,70705.275390625,25
2924,70591.77954101562,25
2925,70519.02026367188,25
2926,70614.47387695312,25
2927,70886.2607421875,25
2928,70461.49462890625,25
2929,70794.02490234375,25
2930,70538.84057617188,25
2931,70901.78588867188,25
2932,70477.34252929688,25
2933,70866.95874023438,25
2934,70352.35131835938,25
2935,70505.11596679688,25
2936,70280.88330078125,25
2937,70209.50634765625,25
2938,70647.95874023438,25
2939,70653.31030273438,25
2940,70427.15356445312,25
2941,70544.73950195312,25
2942,70449.84619140625,25
2943,70420.31127929688,25
2944,70590.97900390625,25
2945,70284.5263671875,25
2946,70356.3662109375,25
2947,70338.46826171875,25
2948,70156.20874023438,25
2949,70728.20971679688,25
2950,71053.05029296875,25
2951,70662.1171875,25
2952,70822.80908203125,25
2953,70832.62670898438,25
2954,70703.91040039062,25
2955,70482.9482421875,25
2956,70750.44458007812,25
2957,70541.64233398438,25
2958,70801.166015625,25
2959,70832.0283203125,25
2960,70739.3779296875,25
2961,70518.77124023438,25
2962,70948.6943359375,25
2963,70467.384765625,25
2964,71040.83203125,25
2965,70543.06372070312,25
2966,70596.013671875,25
2967,70630.32202148438,25
2968,70311.28295898438,25
2969,70667.08349609375,25
2970,70958.07348632812,25
2971,70786.39306640625,25
2972,70866.947265625,25
2973,70875.39624023438,25
2974,71209.873046875,25
2975,70804.669921875,25
2976,70410.46704101562,25
2977,70890.17260742188,25
2978,71068.87573242188,25
2979,70345.5634765625,25
2980,70587.8125,25
2981,70957.5244140625,25
2982,70824.19848632812,25
2983,70788.337890625,25
2984,70866.53857421875,25
2985,70371.18041992188,25
2986,70512.42944335938,25
2987,70761.32836914062,25
2988,70654.173828125,25
2989,70820.66625976562,25
2990,70231.73266601562,25
2991,70912.29516601562,25
2992,71011.58862304688,25
2993,70622.21264648438,25
2994,70786.28637695312,25
2995,70662.16796875,25
2996,70492.14404296875,25
2997,70641.35986328125,25
2998,70438.23388671875,25
2999,70488.74682617188,25
3000,70485.71557617188,25
3001,70592.48095703125,25
3002,70812.21118164062,25
3003,70487.38403320312,25
3004,70470.03466796875,25
3005,70401.17822265625,25
3006,70406.24975585938,25
3007,70588.66674804688,25
3008,70505.04760742188,25
3009,70572.76147460938,25
3010,70512.76025390625,25
3011,70507.0595703125,25
3012,70694.88110351562,25
3013,70509.8388671875,25
3014,70752.1904296875,25
3015,70237.43774414062,25
3016,70543.78857421875,25
3017,70937.421875,25
3018,70383.0810546875,25
3019,70579.9384765625,25
3020,70446.31274414062,25
3021,70867.29467773438,25
3022,70501.41357421875,25
3023,70575.87255859375,25
3024,70303.71923828125,25
3025,70821.01171875,25
3026,70643.35131835938,25
3027,70280.59033203125,25
3028,70703.80346679688,25
3029,70918.51782226562,25
3030,70257.69067382812,25
3031,70425.80004882812,25
3032,70431.64575195312,25
3033,70340.46264648438,25
3034,71037.361328125,25
3035,70727.36840820312,25
3036,70551.19091796875,25
3037,70335.62109375,25
3038,70587.04907226562,25
3039,70370.57202148438,25
3040,71200.13012695312,25
3041,70394.40551757812,25
3042,70501.93798828125,25
3043,70127.7001953125,25
3044,70516.54516601562,25
3045,70681.955078125,25
3046,70454.36303710938,25
3047,70692.85205078125,25
3048,70778.49291992188,25
3049,71012.52368164062,25
3050,70391.06567382812,25
3051,70768.71118164062,25
3052,70573.44189453125,25
3053,70024.83056640625,25
3054,70328.75415039062,25
3055,70490.22290039062,25
3056,70780.46923828125,25
3057,70361.10986328125,25
3058,70415.216796875,25
3059,70523.34741210938,25
3060,70646.419921875,25
3061,70606.23608398438,25
3062,70324.46606445312,25
3063,70458.88354492188,25
3064,70658.38354492188,25
3065,70832.19702148438,25
3066,70466.70336914062,25
3067,71097.33715820312,25
3068,70834.14819335938,25
3069,70450.29565429688,25
3070,70397.12084960938,25
3071,70769.77856445312,25
3072,70519.73950195312,25
3073,70522.12817382812,25
3074,70488.05297851562,25
3075,70543.00756835938,25
3076,70367.63989257812,25
3077,70514.92407226562,25
3078,70610.36987304688,25
3079,70478.14697265625,25
3080,70514.54614257812,25
3081,70728.92114257812,25
3082,70687.85180664062,25
3083,70621.392578125,25
3084,70515.50952148438,25
3085,70661.36083984375,25
3086,70641.10180664062,25
3087,70502.26977539062,25
3088,70297.90454101562,25
3089,71052.96728515625,25
3090,70098.66235351562,25
3091,70388.94946289062,25
3092,70376.33618164062,25
3093,70660.65869140625,25
3094,70780.9658203125,25
3095,70633.69409179688,25
3096,70509.56665039062,25
3097,70875.02758789062,25
3098,70727.0673828125,25
3099,70507.43969726562,25
3100,70256.76708984375,25
3101,70747.38500976562,25
3102,70553.5166015625,25
3103,70467.76538085938,25
3104,70415.76049804688,25
3105,70637.36889648438,25
3106,70681.98779296875,25
3107,70800.99658203125,25
3108,70454.5146484375,25
3109,70706.20068359375,25
3110,70399.3134765625,25
3111,70452.22045898438,25
3112,70831.1787109375,25
3113,70283.61108398438,25
3114,70305.47265625,25
3115,70544.06079101562,25
3116,70325.970703125,25
3117,70093.41040039062,25
3118,70535.62866210938,25
3119,70433.61010742188,25
3120,70549.96313476562,25
3121,70453.451171875,25
3122,70658.94458007812,25
3123,70261.431640625,25
3124,70875.37817382812,25
3125,70731.025390625,25
3126,70573.240234375,25
3127,70391.974609375,25
3128,70217.5419921875,25
3129,70821.166015625,25
3130,70814.9736328125,25
3131,70574.83178710938,25
3132,70126.52709960938,25
3133,70408.33178710938,25
3134,70130.72924804688,25
3135,70497.09619140625,25
3136,70613.35302734375,25
3137,70729.28588867188,25
3138,70289.865234375,25
3139,70400.67407226562,25
3140,70549.64184570312,25
3141,70515.88696289062,25
3142,70615.08642578125,25
3143,70387.3046875,25
3144,70178.53588867188,25
3145,70280.78125,25
3146,69865.18212890625,25
3147,70538.60717773438,25
3148,70837.57763671875,25
3149,70409.21411132812,25
3150,70488.05834960938,25
3151,70671.05688476562,25
3152,70452.34790039062,25
3153,70432.39184570312,25
3154,70518.57055664062,25
3155,70502.412109375,25
3156,70631.55932617188,25
3157,70426.30322265625,25
3158,70361.82275390625,25
3159,70773.32299804688,25
3160,70517.10986328125,25
3161,70221.40625,25
3162,70149.59301757812,25
3163,70746.07934570312,25
3164,70310.69970703125,25
3165,70775.27734375,25
3166,70577.880859375,25
3167,70458.12744140625,25
3168,70498.76977539062,25
3169,70234.28149414062,25
3170,70443.76000976562,25
3171,70829.017578125,25
3172,70524.296875,25
3173,70727.7578125,25
3174,70592.13525390625,25
3175,70506.55712890625,25
3176,70559.27563476562,25
3177,70864.330078125,25
3178,70798.91162109375,25
3179,70817.99780273438,25
3180,70428.70483398438,25
3181,70621.82373046875,25
3182,70291.58032226562,25
3183,70950.24072265625,25
3184,70307.673828125,25
3185,70433.36352539062,25
3186,70520.2724609375,25
3187,70682.90087890625,25
3188,70594.42065429688,25
3189,70478.58374023438,25
3190,70412.36450195312,25
3191,70672.39477539062,25
3192,70267.15283203125,25
3193,70527.21655273438,25
3194,70571.57397460938,25
3195,70519.7666015625,25
3196,71037.67138671875,25
3197,70695.73559570312,25
3198,70292.95361328125,25
3199,70238.16455078125,25
3200,70330.55590820312,25
3201,70481.50732421875,25
3202,70817.16650390625,25
3203,70731.16186523438,25
3204,70599.47583007812,25
3205,70542.01684570312,25
3206,70580.63159179688,25
3207,70965.97924804688,25
3208,71075.53955078125,25
3209,70470.57177734375,25
3210,70654.36572265625,25
3211,70581.01806640625,25
3212,70589.54248046875,25
3213,70616.46997070312,25
3214,70563.36572265625,25
3215,70767.57495117188,25
3216,70718.21435546875,25
3217,70903.78515625,25
3218,70766.37719726562,25
3219,70136.8583984375,25
3220,70346.8740234375,25
3221,70659.7783203125,25
3222,70620.32055664062,25
3223,71075.34814453125,25
3224,70420.51147460938,25
3225,70628.41088867188,25
3226,70457.86279296875,25
3227,70444.70776367188,25
3228,70201.44287109375,25
3229,70926.203125,25
3230,70857.23999023438,25
3231,70272.50732421875,25
3232,70589.31640625,25
3233,70858.30249023438,25
3234,70541.24951171875,25
3235,70414.95141601562,25
3236,70776.26025390625,25
3237,70522.57275390625,25
3238,70352.3740234375,25
3239,70575.8779296875,25
3240,70489.888671875,25
3241,70880.296875,25
3242,70736.66528320312,25
3243,70606.4501953125,25
3244,70761.74658203125,25
3245,70245.62060546875,25
3246,70631.31713867188,25
3247,70747.26171875,25
3248,70528.59985351562,25
3249,71138.75610351562,25
3250,70368.66650390625,25
3251,70491.60302734375,25
3252,70371.0693359375,25
3253,70303.58178710938,25
3254,71046.90844726562,25
3255,70402.54174804688,25
3256,70504.43896484375,25
3257,70797.13696289062,25
3258,70945.54077148438,25
3259,70626.837890625,25
3260,70924.068359375,25
3261,70785.513671875,25
3262,70266.64892578125,25
3263,70269.16650390625,25
3264,70753.626953125,25
3265,70596.04467773438,25
3266,70323.87719726562,25
3267,70491.15063476562,25
3268,70766.24536132812,25
3269,70730.263671875,25
3270,70836.48876953125,25
3271,70506.43115234375,25
3272,70621.6015625,25
3273,70904.8193359375,25
3274,70821.23974609375,25
3275,70818.4716796875,25
3276,70133.93627929688,25
3277,70604.2666015625,25
3278,70125.16015625,25
3279,70590.54736328125,25
3280,70937.02783203125,25
3281,70614.8466796875,25
3282,70643.22680664062,25
3283,70742.93237304688,25
3284,70838.07250976562,25
3285,70560.84252929688,25
3286,70545.44848632812,25
3287,70840.77001953125,25
3288,70817.3740234375,25
3289,70562.978515625,25
3290,70268.27563476562,25
3291,70433.65380859375,25
3292,71080.80883789062,25
3293,70764.89208984375,25
3294,70761.6318359375,25
3295,70239.07006835938,25
3296,70535.65258789062,25
3297,70704.3037109375,25
3298,70539.04956054688,25
3299,70600.79125976562,25
3300,70822.02490234375,25
3301,70474.5693359375,25
3302,70421.70556640625,25
3303,70666.2392578125,25
3304,70860.79248046875,25
3305,70737.60864257812,25
3306,70209.90356445312,25
3307,70652.27905273438,25
3308,70487.98486328125,25
3309,70591.70947265625,25
3310,70316.19995117188,25
3311,70637.67065429688,25
3312,70808.43017578125,25
3313,70804.11059570312,25
3314,70841.11108398438,25
3315,70675.951171875,25
3316,70059.31005859375,25
3317,70883.10888671875,25
3318,70408.7138671875,25
3319,70496.0869140625,25
3320,70934.96948242188,25
3321,70698.08129882812,25
3322,70412.31665039062,25
3323,70670.46752929688,25
3324,70397.26123046875,25
3325,70757.111328125,25
3326,70535.5595703125,25
3327,70775.42944335938,25
3328,70535.7744140625,25
3329,70384.37280273438,25
3330,70496.04516601562,25
3331,70535.07690429688,25
3332,70895.0185546875,25
3333,70826.86962890625,25
3334,70360.16625976562,25
3335,70334.1904296875,25
3336,70662.61645507812,25
3337,70735.90014648438,25
3338,70925.21923828125,25
3339,70411.0146484375,25
3340,70689.4287109375,25
3341,70595.33666992188,25
3342,70782.05053710938,25
3343,70716.11059570312,25
3344,70470.41137695312,25
3345,70232.13159179688,25
3346,71013.22216796875,25
3347,70953.8466796875,25
3348,70636.5322265625,25
3349,71050.26782226562,25
3350,70604.33813476562,25
3351,70648.11279296875,25
3352,70498.45678710938,25
3353,69993.11279296875,25
3354,70452.896484375,25
3355,70555.47314453125,25
3356,70663.56713867188,25
3357,71025.32543945312,25
3358,70240.96459960938,25
3359,70715.83227539062,25
3360,70447.78149414062,25
3361,70317.47387695312,25
3362,70509.53930664062,25
3363,70182.78735351562,25
3364,70383.84594726562,25
3365,70909.33544921875,25
3366,70902.7763671875,25
3367,70835.90625,25
3368,70431.09643554688,25
3369,70856.24243164062,25
3370,70746.19970703125,25
3371,70558.72827148438,25
3372,71052.32861328125,25
3373,70631.607421875,25
3374,70650.1455078125,25
3375,70756.90966796875,25
3376,70952.41186523438,25
3377,70861.73803710938,25
3378,70313.76391601562,25
3379,70808.72900390625,25
3380,71024.85327148438,25
3381,70582.75927734375,25
3382,70058.97631835938,25
3383,70817.13256835938,25
3384,70307.3447265625,25
3385,70834.74340820312,25
3386,70180.3525390625,25
3387,70904.75024414062,25
3388,69806.91186523438,25
3389,70643.9814453125,25
3390,70863.01928710938,25
3391,70918.86645507812,25
3392,70619.13427734375,25
3393,70540.0517578125,25
3394,71264.50805664062,25
3395,70081.87890625,25
3396,70508.5947265625,25
3397,70685.17236328125,25
3398,70363.794921875,25
3399,70599.83081054688,25
3400,70208.63012695312,25
3401,70966.95751953125,25
3402,70518.01611328125,25
3403,70469.01513671875,25
3404,70409.5234375,25
3405,70503.07788085938,25
3406,70482.21044921875,25
3407,70379.61157226562,25
3408,70794.587890625,25
3409,70559.57568359375,25
3410,70373.03466796875,25
3411,70397.37475585938,25
3412,70791.1181640625,25
3413,70773.7958984375,25
3414,70668.06567382812,25
3415,70499.50463867188,25
3416,70549.50903320312,25
3417,70662.10424804688,25
3418,70384.94482421875,25
3419,71075.8232421875,25
3420,70830.04077148438,25
3421,70703.22045898438,25
3422,70158.09399414062,25
3423,70745.83666992188,25
3424,70877.42822265625,25
3425,71101.09716796875,25
3426,71024.142578125,25
3427,70353.734375,25
3428,70900.38354492188,25
3429,70920.8359375,25
3430,70367.91479492188,25
3431,70604.27319335938,25
3432,70227.703125,25
3433,70934.56005859375,25
3434,70887.31762695312,25
3435,70117.87939453125,25
3436,70510.98315429688,25
3437,70478.2451171875,25
3438,70625.64379882812,25
3439,70536.20922851562,25
3440,70853.05981445312,25
3441,69937.12377929688,25
3442,70935.57958984375,25
3443,70867.9677734375,25
3444,70926.19091796875,25
3445,70687.09326171875,25
3446,70415.81860351562,25
3447,70672.24853515625,25
3448,70804.92797851562,25
3449,70080.87329101562,25
3450,70517.18872070312,25
3451,70438.25146484375,25
3452,71316.28100585938,25
3453,70614.71557617188,25
3454,70922.80395507812,25
3455,70529.84594726562,25
3456,70582.7080078125,25
3457,70642.40991210938,25
3458,70487.78125,25
3459,70641.8974609375,25
3460,71088.9873046875,25
3461,70897.61328125,25
3462,70545.79663085938,25
3463,70531.01416015625,25
3464,70326.9140625,25
3465,70487.51782226562,25
3466,70565.2841796875,25
3467,70676.15551757812,25
3468,70174.31298828125,25
3469,70503.68115234375,25
3470,70099.06127929688,25
3471,70430.40454101562,25
3472,69984.17114257812,25
3473,70526.33764648438,25
3474,70003.95678710938,25
3475,70450.2314453125,25
3476,70178.14135742188,25
3477,70373.34204101562,25
3478,70776.51220703125,25
3479,70464.6318359375,25
3480,70257.01000976562,25
3481,70560.3798828125,25
3482,70449.96997070312,25
3483,70291.89404296875,25
3484,70710.62573242188,25
3485,70503.4873046875,25
3486,70821.73193359375,25
3487,70737.98754882812,25
3488,70863.80297851562,25
3489,70394.4248046875,25
3490,70125.43115234375,25
3491,70391.43969726562,25
3492,70702.32788085938,25
3493,70429.23315429688,25
3494,70664.45166015625,25
3495,70306.51440429688,25
3496,70545.92456054688,25
3497,70732.255859375,25
3498,70896.17602539062,25
3499,70402.89794921875,25
3500,70783.02709960938,25
3501,70769.45678710938,25
3502,70458.73315429688,25
3503,70729.2021484375,25
3504,70484.72900390625,25
3505,70625.84521484375,25
3506,70199.30004882812,25
3507,70307.3583984375,25
3508,70720.30322265625,25
3509,70221.17041015625,25
3510,70376.09130859375,25
3511,70236.65600585938,25
3512,70402.34790039062,25
3513,70259.11279296875,25
3514,70442.81030273438,25
3515,70494.10302734375,25
3516,70460.19213867188,25
3517,70351.71606445312,25
3518,70584.38623046875,25
3519,70784.75512695312,25
3520,70478.482421875,25
3521,70403.03442382812,25
3522,70536.57543945312,25
3523,71031.0419921875,25
3524,70841.18872070312,25
3525,71044.11376953125,25
3526,71181.40405273438,25
3527,71110.70581054688,25
3528,71014.40258789062,25
3529,70948.2275390625,25
3530,71007.66870117188,25
3531,71022.6171875,25
3532,70210.24365234375,25
3533,71323.74072265625,25
3534,71133.97631835938,25
3535,70802.79858398438,25
3536,71133.1044921875,25
3537,71203.19311523438,25
3538,71184.11352539062,25
3539,71562.36572265625,25
3540,71587.64575195312,25
3541,70895.08813476562,25
3542,70782.46923828125,25
3543,70997.53637695312,25
3544,71134.13354492188,25
3545,71330.75561523438,25
3546,71506.87744140625,25
3547,71526.02416992188,25
3548,71624.57397460938,25
3549,71240.37280273438,25
3550,71386.35083007812,25
3551,71073.359375,25
3552,71135.23022460938,25
3553,71177.37524414062,25
3554,70879.72241210938,25
3555,70870.32568359375,25
3556,71301.6435546875,25
3557,70817.95849609375,25
3558,71309.32006835938,25
3559,71209.38037109375,25
3560,70932.41552734375,25
3561,70940.79541015625,25
3562,71348.05029296875,25
3563,71309.53295898438,25
3564,71126.27587890625,25
3565,70817.4384765625,25
3566,70539.93383789062,25
3567,71012.28735351562,25
3568,71342.65380859375,25
3569,71256.47412109375,25
3570,70980.5078125,25
3571,71092.33666992188,25
3572,71638.41137695312,25
3573,70679.60400390625,25
3574,71137.9208984375,25
3575,71160.48754882812,25
3576,70892.85278320312,25
3577,70980.67651367188,25
3578,71202.31762695312,25
3579,70851.56127929688,25
3580,70924.83959960938,25
3581,70888.71337890625,25
3582,71639.60571289062,25
3583,71630.43115234375,25
3584,71027.69848632812,25
3585,70834.03002929688,25
3586,71130.052734375,25
3587,71096.85498046875,25
3588,71152.4931640625,25
3589,70783.02807617188,25
3590,70750.89013671875,25
3591,71330.53247070312,25
3592,70881.115234375,25
3593,70982.29638671875,25
3594,71043.7158203125,25
3595,71295.00561523438,25
3596,70762.0029296875,25
3597,71234.80688476562,25
3598,71168.62573242188,25
3599,70584.3095703125,25
3600,71396.03002929688,25
3601,70805.28955078125,25
3602,70978.42065429688,25
3603,70891.07885742188,25
3604,71037.24560546875,25
3605,70839.15161132812,25
3606,71276.34106445312,25
3607,70617.46459960938,25
3608,71075.82470703125,25
3609,70664.52026367188,25
3610,71234.0927734375,25
3611,70816.47534179688,25
3612,70990.4599609375,25
3613,71176.39184570312,25
3614,70882.51586914062,25
3615,71074.3134765625,25
3616,71683.3212890625,25
3617,71369.68481445312,25
3618,71249.59399414062,25
3619,71140.83764648438,25
3620,71550.71752929688,25
3621,70974.93481445312,25
3622,70480.31103515625,25
3623,70988.05419921875,25
3624,71137.30322265625,25
3625,70838.32836914062,25
3626,70923.61645507812,25
3627,71270.10913085938,25
3628,70851.91430664062,25
3629,70551.34716796875,25
3630,71177.3388671875,25
3631,71235.171875,25
3632,70976.3544921875,25
3633,71020.501953125,25
3634,70865.56372070312,25
3635,70875.15502929688,25
3636,70779.150390625,25
3637,70754.69702148438,25
3638,70510.13354492188,25
3639,71036.60375976562,25
3640,70851.33740234375,25
3641,71117.30029296875,25
3642,70869.09057617188,25
3643,70831.5791015625,25
3644,71482.99145507812,25
3645,70953.6064453125,25
3646,71077.97216796875,25
3647,70347.17529296875,25
3648,70893.96508789062,25
3649,70845.92993164062,25
3650,71372.04760742188,25
3651,70729.35815429688,25
3652,71025.294921875,25
3653,70822.67700195312,25
3654,70939.4501953125,25
3655,71143.28076171875,25
3656,70540.38916015625,25
3657,70693.48608398438,25
3658,70927.732421875,25
3659,70834.64501953125,25
3660,71153.04858398438,25
3661,70956.07373046875,25
3662,70747.033203125,25
3663,70598.87768554688,25
3664,71175.60107421875,25
3665,70602.3203125,25
3666,71028.28442382812,25
3667,71230.4228515625,25
3668,70524.54663085938,25
3669,71297.8408203125,25
3670,70778.97802734375,25
3671,70823.78564453125,25
3672,71327.19775390625,25
3673,70786.62036132812,25
3674,71233.31396484375,25
3675,71090.62768554688,25
3676,70643.88891601562,25
3677,70878.58129882812,25
3678,70587.50537109375,25
3679,71105.63403320312,25
3680,70864.93408203125,25
3681,70794.89111328125,25
3682,70651.52099609375,25
3683,70947.65454101562,25
3684,70374.48706054688,25
3685,70683.56640625,25
3686,70634.7666015625,25
3687,70968.974609375,25
3688,71052.24145507812,25
3689,71142.16650390625,25
3690,70638.07446289062,25
3691,71008.18334960938,25
3692,70725.6865234375,25
3693,70701.13330078125,25
3694,70929.662109375,25
3695,70615.7099609375,25
3696,70919.44604492188,25
3697,71116.68505859375,25
3698,71022.98217773438,25
3699,70881.88989257812,25
3700,70949.70751953125,25
3701,70954.08862304688,25
3702,70272.55834960938,25
3703,70875.23706054688,25
3704,71120.25927734375,25
3705,70931.95776367188,25
3706,70732.88208007812,25
3707,71397.44995117188,25
3708,70818.314453125,25
3709,70575.625,25
3710,69566.95336914062,25
3711,68204.86303710938,25
3712,67836.44604492188,25
3713,67886.95483398438,25
3714,67818.33813476562,25
3715,67886.9697265625,25
3716,68202.7119140625,25
3717,68182.67846679688,25
3718,68044.00170898438,25
3719,67530.77709960938,25
3720,67910.9140625,25
3721,67954.87939453125,25
3722,68355.04638671875,25
3723,68230.48950195312,25
3724,68199.99755859375,25
3725,68209.97412109375,25
3726,67834.15991210938,25
3727,67824.22802734375,25
3728,68178.05590820312,25
3729,68010.26025390625,25
3730,68187.51245117188,25
3731,68174.5849609375,25
3732,68240.48754882812,25
3733,67995.28002929688,25
3734,67795.68579101562,25
3735,68140.2353515625,25
3736,67623.51928710938,25
3737,68298.61352539062,25
3738,67853.12426757812,25
3739,68301.3935546875,25
3740,68072.70947265625,25
3741,68642.01831054688,25
3742,67832.61474609375,25
3743,67744.96484375,25
3744,67974.53344726562,25
3745,68193.392578125,25
3746,68133.35791015625,25
3747,67724.0869140625,25
3748,67877.38671875,25
3749,68199.44311523438,25
3750,67729.68774414062,25
3751,67660.0078125,25
3752,67789.61010742188,25
3753,68260.17041015625,25
3754,67934.0888671875,25
3755,67948.90600585938,25
3756,67823.48754882812,25
3757,67911.21240234375,25
3758,68128.92407226562,25
3759,67782.69091796875,25
3760,68359.13354492188,25
3761,68371.99731445312,25
3762,67998.31323242188,25
3763,67725.18579101562,25
3764,68215.24609375,25
3765,67813.3544921875,25
3766,67951.23828125,25
3767,67850.11791992188,25
3768,68206.06323242188,25
3769,68156.4619140625,25
3770,68340.57250976562,25
3771,67892.18872070312,25
3772,68223.43627929688,25
3773,68163.62060546875,25
3774,68132.64477539062,25
3775,68217.96337890625,25
3776,68458.04223632812,25
3777,68047.81689453125,25
3778,68032.57666015625,25
3779,67838.54174804688,25
3780,68019.30615234375,25
3781,68278.17138671875,25
3782,67650.3994140625,25
3783,68046.37280273438,25
3784,67847.79370117188,25
3785,68328.61206054688,25
3786,68828.10083007812,25
3787,69547.70654296875,25
3788,69762.64526367188,25
3789,69782.15112304688,25
3790,69790.32983398438,25
3791,69828.40454101562,25
3792,69964.12158203125,25
3793,69748.55908203125,25
3794,70133.63842773438,25
3795,69785.34692382812,25
3796,69714.27856445312,25
3797,69464.22265625,25
3798,69772.65698242188,25
3799,69963.87768554688,25
3800,69609.11450195312,25
3801,69774.35546875,25
3802,70231.42578125,25
3803,70109.78002929688,25
3804,69475.13598632812,25
3805,69530.36083984375,25
3806,69277.58642578125,25
3807,69823.17114257812,25
3808,69742.95825195312,25
3809,69735.09643554688,25
3810,69689.56103515625,25
3811,69227.28051757812,25
3812,69962.0869140625,25
3813,69911.06274414062,25
3814,69922.27758789062,25
3815,69860.23120117188,25
3816,70196.11572265625,25
3817,69523.79150390625,25
3818,69764.00415039062,25
3819,69890.90966796875,25
3820,70228.474609375,25
3821,70020.64184570312,25
3822,69524.19921875,25
3823,69635.65625,25
3824,69527.33618164062,25
3825,69943.40478515625,25
3826,69544.8857421875,25
3827,69818.49829101562,25
3828,69647.779296875,25
3829,69591.8125,25
3830,69752.880859375,25
3831,69974.20043945312,25
3832,69934.46337890625,25
3833,70207.61572265625,25
3834,69976.98950195312,25
3835,69389.3525390625,25
3836,69633.24829101562,25
3837,69538.9873046875,25
3838,69795.91357421875,25
3839,70036.19848632812,25
3840,69796.27026367188,25
3841,69621.15356445312,25
3842,69280.29077148438,25
3843,69801.66650390625,25
3844,70336.72021484375,25
3845,69434.931640625,25
3846,69854.751953125,25
3847,69647.84204101562,25
3848,69593.24243164062,25
3849,69852.1123046875,25
3850,69523.36865234375,25
3851,69496.19653320312,25
3852,69720.26220703125,25
3853,69700.31909179688,25
3854,69429.14599609375,25
3855,69460.4697265625,25
3856,69792.39379882812,25
3857,69611.373046875,25
3858,69643.6865234375,25
3859,70060.0380859375,25
3860,69606.75659179688,25
3861,69740.47607421875,25
3862,69770.53735351562,25
3863,69927.7685546875,25
3864,69132.77807617188,25
3865,69052.95581054688,25
3866,69695.72143554688,25
3867,69862.43481445312,25
3868,69355.505859375,25
3869,69079.7314453125,25
3870,69346.77221679688,25
3871,69768.57763671875,25
3872,69036.779296875,25
3873,69562.90405273438,25
3874,70028.4140625,25
3875,69408.52197265625,25
3876,69654.23217773438,25
3877,69738.84448242188,25
3878,68927.53735351562,25
3879,68834.65649414062,25
3880,69267.32006835938,25
3881,69148.1474609375,25
3882,68709.61645507812,25
3883,69000.19458007812,25
3884,68861.16284179688,25
3885,69278.1611328125,25
3886,68849.88696289062,25
3887,68816.55078125,25
3888,69401.87451171875,25
3889,69252.1103515625,25
3890,68904.89453125,25
3891,69273.72094726562,25
3892,69342.57080078125,25
3893,68632.73901367188,25
3894,69533.85913085938,25
3895,69035.32080078125,25
3896,69349.71020507812,25
3897,69001.69091796875,25
3898,68965.71899414062,25
3899,68755.90454101562,25
3900,69346.82641601562,25
3901,69538.90893554688,25
3902,68898.58374023438,25
3903,69139.45776367188,25
3904,69152.31225585938,25
3905,69829.08618164062,25
3906,69097.16333007812,25
3907,68894.75073242188,25
3908,68755.17944335938,25
3909,69174.02661132812,25
3910,68992.37768554688,25
3911,69305.10131835938,25
3912,68777.048828125,25
3913,69012.76782226562,25
3914,69051.66479492188,25
3915,69086.95751953125,25
3916,69189.52392578125,25
3917,69581.33447265625,25
3918,69518.51196289062,25
3919,68797.8798828125,25
3920,69145.5537109375,25
3921,69052.0654296875,25
3922,69373.51318359375,25
3923,69406.8486328125,25
3924,69417.923828125,25
3925,69200.83666992188,25
3926,69027.65234375,25
3927,69052.20336914062,25
3928,69404.92260742188,25
3929,68967.80859375,25
3930,69175.93920898438,25
3931,68830.38940429688,25
3932,69119.94506835938,25
3933,68994.48388671875,25
3934,69025.68212890625,25
3935,68905.47680664062,25
3936,69008.55126953125,25
3937,69074.35107421875,25
3938,69179.85400390625,25
3939,69038.0556640625,25
3940,69487.88647460938,25
3941,69162.81298828125,25
3942,69465.95971679688,25
3943,69319.62084960938,25
3944,69174.57348632812,25
3945,69357.98706054688,25
3946,69262.07397460938,25
3947,68593.18603515625,25
3948,69063.595703125,25
3949,69014.29833984375,25
3950,69104.08422851562,25
3951,69616.91235351562,25
3952,69103.80151367188,25
3953,69231.94750976562,25
3954,69085.32177734375,25
3955,68780.26782226562,25
3956,69016.88916015625,25
3957,69048.32763671875,25
3958,68982.087890625,25
3959,69028.17431640625,25
3960,69076.63549804688,25
3961,69531.29248046875,25
3962,69392.89526367188,25
3963,69213.6552734375,25
3964,69566.47241210938,25
3965,68947.74291992188,25
3966,69455.76171875,25
3967,68932.98266601562,25
3968,69086.18530273438,25
3969,69191.51708984375,25
3970,69602.35961914062,25
3971,69134.45190429688,25
3972,69004.43432617188,25
3973,68824.07958984375,25
3974,69087.45629882812,25
3975,69414.91381835938,25
3976,69447.04321289062,25
3977,69045.20385742188,25
3978,69406.2978515625,25
3979,68883.7802734375,25
3980,69443.24975585938,25
3981,69094.72338867188,25
3982,68956.36401367188,25
3983,68836.30078125,25
3984,69131.27685546875,25
3985,68796.33227539062,25
3986,69075.55004882812,25
3987,68837.64111328125,25
3988,69119.9677734375,25
3989,69336.45092773438,25
3990,69009.60986328125,25
3991,69368.54150390625,25
3992,69236.28344726562,25
3993,69183.13500976562,25
3994,69174.71142578125,25
3995,68933.501953125,25
3996,69195.72705078125,25
3997,68634.66870117188,25
3998,69410.45336914062,25
3999,68787.310546875,25
4000,69410.70288085938,25
4001,69082.77172851562,25
4002,69088.5771484375,25
4003,69296.3720703125,25
4004,69129.08862304688,25
4005,69193.69677734375,25
4006,69478.34301757812,25
4007,68998.705078125,25
4008,69381.30029296875,25
4009,68871.15283203125,25
4010,69227.72729492188,25
4011,68941.82153320312,25
4012,69145.69653320312,25
4013,69346.5146484375,25
4014,69463.74365234375,25
4015,69216.83618164062,25
4016,69043.06298828125,25
4017,68757.13427734375,25
4018,69112.6279296875,25
4019,69020.00952148438,25
4020,68865.67993164062,25
4021,69412.94067382812,25
4022,69000.56909179688,25
4023,69403.56665039062,25
4024,68905.67211914062,25
4025,68834.02587890625,25
4026,69202.89331054688,25
4027,69081.92602539062,25
4028,69169.36962890625,25
4029,69115.4638671875,25
4030,69262.76318359375,25
4031,68953.31469726562,25
4032,68788.68115234375,25
4033,69262.71362304688,25
4034,68905.158203125,25
4035,68626.65405273438,25
4036,69166.63720703125,25
4037,69200.27075195312,25
4038,69382.36499023438,25
4039,69251.74267578125,25
4040,69225.47387695312,25
4041,68805.24853515625,25
4042,69036.83666992188,25
4043,68785.384765625,25
4044,68868.53125,25
4045,69196.87866210938,25
4046,68917.021484375,25
4047,68847.53393554688,25
4048,68866.93872070312,25
4049,68823.10888671875,25
4050,69011.353515625,25
4051,69171.763671875,25
4052,69103.21484375,25
4053,69345.15234375,25
4054,68654.43505859375,25
4055,69318.42919921875,25
4056,69049.64526367188,25
4057,69119.607421875,25
4058,68937.11791992188,25
4059,68727.57006835938,25
4060,69012.97631835938,25
4061,69320.10205078125,25
4062,69031.7041015625,25
4063,69027.25341796875,25
4064,69077.80078125,25
4065,69140.2734375,25
4066,68960.91088867188,25
4067,68851.23754882812,25
4068,69213.23046875,25
4069,69374.80102539062,25
4070,69042.05590820312,25
4071,69548.34814453125,25
4072,69354.27124023438,25
4073,69098.02807617188,25
4074,68960.60522460938,25
4075,68882.68334960938,25
4076,69113.40112304688,25
4077,69321.01391601562,25
4078,69138.32397460938,25
4079,69054.08837890625,25
4080,68972.15356445312,25
4081,69109.62060546875,25
4082,69107.3740234375,25
4083,69195.50219726562,25
4084,68511.083984375,25
4085,68869.62377929688,25
4086,68889.0361328125,25
4087,68767.5966796875,25
4088,69362.36181640625,25
4089,68937.8779296875,25
4090,69212.4140625,25
4091,69046.31909179688,25
4092,68994.09033203125,25
4093,69053.8720703125,25
4094,69259.82763671875,25
4095,68675.201171875,25
4096,69456.84375,25
4097,69382.03735351562,25
4098,68969.48046875,25
4099,68828.43920898438,25
4100,69183.53198242188,25
4101,69073.65454101562,25
4102,69244.71337890625,25
4103,69067.31787109375,25
4104,68881.39404296875,25
4105,68972.60498046875,25
4106,69076.46997070312,25
4107,69121.05004882812,25
4108,69284.03930664062,25
4109,69327.64306640625,25
4110,69183.86889648438,25
4111,69365.35473632812,25
4112,69692.86059570312,25
4113,68584.6865234375,25
4114,69205.85229492188,25
4115,68326.37841796875,25
4116,68897.74487304688,25
4117,69105.3994140625,25
4118,68610.42236328125,25
4119,69169.34423828125,25
4120,68989.9677734375,25
4121,68726.90795898438,25
4122,68915.96240234375,25
4123,69179.60791015625,25
4124,69553.021484375,25
4125,68762.65795898438,25
4126,68958.45043945312,25
4127,69269.73486328125,25
4128,69350.93872070312,25
4129,69284.7080078125,25
4130,68799.20190429688,25
4131,68957.65258789062,25
4132,68388.57202148438,25
4133,69288.37768554688,25
4134,69014.69921875,25
4135,68875.88500976562,25
4136,69062.72729492188,25
4137,69159.43139648438,25
4138,69089.11938476562,25
4139,69256.88232421875,25
4140,69127.62939453125,25
4141,69216.5126953125,25
4142,68963.80908203125,25
4143,69311.19946289062,25
4144,69061.22827148438,25
4145,69420.041015625,25
4146,69033.77587890625,25
4147,69135.7236328125,25
4148,69318.22778320312,25
4149,68915.68701171875,25
4150,68817.595703125,25
4151,68781.66870117188,25
4152,68978.12524414062,25
4153,68952.01416015625,25
4154,68743.4755859375,25
4155,68836.46850585938,25
4156,69143.5625,25
4157,69218.2021484375,25
4158,68440.70483398438,25
4159,68999.20556640625,25
4160,68844.041015625,25
4161,69145.60327148438,25
4162,69130.49072265625,25
4163,68430.5849609375,25
4164,69228.8125,25
4165,69219.59252929688,25
4166,69434.78979492188,25
4167,69434.74487304688,25
4168,68985.2333984375,25
4169,69007.2255859375,25
4170,68807.13110351562,25
4171,69179.84814453125,25
4172,69004.9072265625,25
4173,69530.169921875,25
4174,69036.86181640625,25
4175,69064.43725585938,25
4176,69487.46533203125,25
4177,68762.81567382812,25
4178,68751.1982421875,25
4179,69263.763671875,25
4180,68923.6484375,25
4181,69132.33056640625,25
4182,68941.02587890625,25
4183,69130.5048828125,25
4184,69320.83227539062,25
4185,68464.21850585938,25
4186,69225.7333984375,25
4187,68909.44458007812,25
4188,68635.96875,25
4189,69213.2744140625,25
4190,68593.2939453125,25
4191,68823.60595703125,25
4192,69377.58056640625,25
4193,69181.4091796875,25
4194,69134.57568359375,25
4195,69143.39086914062,25
4196,69126.97119140625,25
4197,69024.42895507812,25
4198,69088.15454101562,25
4199,69335.74096679688,25
4200,69256.06811523438,25
4201,68833.7373046875,25
4202,69152.23413085938,25
4203,69109.39208984375,25
4204,68511.03930664062,25
4205,69135.73095703125,25
4206,68834.82592773438,25
4207,69527.2587890625,25
4208,69251.36669921875,25
4209,68941.96997070312,25
4210,68887.41357421875,25
4211,69238.07055664062,25
4212,69124.90258789062,25
4213,69064.15356445312,25
4214,69076.45751953125,25
4215,69460.71459960938,25
4216,68822.23779296875,25
4217,69385.43798828125,25
4218,69518.50170898438,25
4219,69246.03515625,25
4220,69214.3408203125,25
4221,69125.14721679688,25
4222,69282.38354492188,25
4223,68969.51635742188,25
4224,69160.2724609375,25
4225,68813.7431640625,25
4226,69264.22485351562,25
4227,68838.90234375,25
4228,68928.93579101562,25
4229,69009.162109375,25
4230,69211.9970703125,25
4231,69242.45874023438,25
4232,69498.04638671875,25
4233,69034.31323242188,25
4234,68783.02490234375,25
4235,69006.48071289062,25
4236,68964.96655273438,25
4237,68896.41674804688,25
4238,68646.64697265625,25
4239,68954.4228515625,25
4240,68550.71850585938,25
4241,68890.81591796875,25
4242,69204.54028320312,25
4243,69383.19848632812,25
4244,69001.97631835938,25
4245,69378.44213867188,25
4246,69073.12231445312,25
4247,69155.24267578125,25
4248,69100.46850585938,25
4249,69595.84497070312,25
4250,69087.65185546875,25
4251,68836.49584960938,25
4252,69020.14990234375,25
4253,69434.36767578125,25
4254,69315.30883789062,25
4255,69176.13427734375,25
4256,69291.59228515625,25
4257,69383.62060546875,25
4258,68858.71313476562,25
4259,68987.84008789062,25
4260,68634.73828125,25
4261,68616.92504882812,25
4262,69148.37182617188,25
4263,68752.19213867188,25
4264,68991.86645507812,25
4265,69067.38256835938,25
4266,69316.43603515625,25
4267,69112.49340820312,25
4268,69172.14306640625,25
4269,69228.98071289062,25
4270,69354.46655273438,25
4271,69118.22021484375,25
4272,69180.32983398438,25
4273,68838.42895507812,25
4274,68849.30786132812,25
4275,69033.0380859375,25
4276,68990.14111328125,25
4277,68816.94067382812,25
4278,69173.05639648438,25
4279,69031.50463867188,25
4280,69351.07080078125,25
4281,69030.1904296875,25
4282,69189.23657226562,25
4283,68677.02490234375,25
4284,68482.87622070312,25
4285,69214.8994140625,25
4286,69526.50024414062,25
4287,69040.19921875,25
4288,68862.70629882812,25
4289,68552.86059570312,25
4290,69122.93017578125,25
4291,69275.32275390625,25
4292,69317.4755859375,25
4293,68930.01025390625,25
4294,69054.56005859375,25
4295,69131.25952148438,25
4296,68824.65405273438,25
4297,69152.55004882812,25
4298,68874.28686523438,25
4299,68904.87744140625,25
4300,68823.3896484375,25
4301,68922.76538085938,25
4302,68764.11303710938,25
4303,69067.94677734375,25
4304,68877.337890625,25
4305,69013.55493164062,25
4306,69518.61645507812,25
4307,69194.39892578125,25
4308,68790.81494140625,25
4309,69151.35595703125,25
4310,69182.29418945312,25
4311,68830.1083984375,25
4312,69027.2421875,25
4313,68962.5283203125,25
4314,68876.99047851562,25
4315,69157.544921875,25
4316,69121.46411132812,25
4317,69116.81591796875,25
4318,69146.7861328125,25
4319,69345.20166015625,25
4320,68837.5595703125,25
4321,69186.18310546875,25
4322,69078.8369140625,25
4323,68877.54052734375,25
4324,69422.07006835938,25
4325,69371.76684570312,25
4326,68834.26147460938,25
4327,69288.6201171875,25
4328,69186.0927734375,25
4329,69033.50366210938,25
4330,69124.47729492188,25
4331,69011.68725585938,25
4332,68903.2158203125,25
4333,69163.052734375,25
4334,69338.81396484375,25
4335,69117.2529296875,25
4336,69237.72729492188,25
4337,69445.20336914062,25
4338,68755.29760742188,25
4339,69056.19604492188,25
4340,69054.68823242188,25
4341,69043.15502929688,25
4342,69279.1337890625,25
4343,68602.41748046875,25
4344,68894.79711914062,25
4345,68750.16357421875,25
4346,69007.95971679688,25
4347,69264.7373046875,25
4348,68976.89868164062,25
4349,69473.6396484375,25
4350,68958.80249023438,25
4351,68942.79711914062,25
4352,69373.13916015625,25
4353,69282.8896484375,25
4354,69566.42529296875,25
4355,69090.29711914062,25
4356,68953.60961914062,25
4357,68822.0615234375,25
4358,69216.81323242188,25
4359,69437.64672851562,25
4360,69073.3935546875,25
4361,69346.21435546875,25
4362,69520.22729492188,25
4363,69221.0810546875,25
4364,69324.576171875,25
4365,69221.1005859375,25
4366,68664.78540039062,25
4367,69194.02392578125,25
4368,69105.74291992188,25
4369,68771.39770507812,25
4370,69252.85473632812,25
4371,69036.70190429688,25
4372,69113.04248046875,25
4373,69205.0048828125,25
4374,69423.23071289062,25
4375,68872.69848632812,25
4376,69127.81030273438,25
4377,69141.63598632812,25
4378,68927.642578125,25
4379,68709.95581054688,25
4380,69523.47875976562,25
4381,69252.521484375,25
4382,69163.94555664062,25
4383,69060.0732421875,25
4384,68487.04174804688,25
4385,69039.78491210938,25
4386,69093.65478515625,25
4387,68766.90869140625,25
4388,68879.17211914062,25
4389,69149.13427734375,25
4390,68881.95532226562,25
4391,68914.8525390625,25
4392,69325.79516601562,25
4393,69221.44458007812,25
4394,68898.302734375,25
4395,69193.6044921875,25
4396,68977.87451171875,25
4397,69212.20849609375,25
4398,69039.58520507812,25
4399,68581.21313476562,25
4400,69165.06567382812,25
4401,69090.302734375,25
4402,68729.29248046875,25
4403,68732.57104492188,25
4404,68811.87744140625,25
4405,69673.08178710938,25
4406,68980.689453125,25
4407,69004.72827148438,25
4408,69128.08569335938,25
4409,69067.39379882812,25
4410,68857.19677734375,25
4411,69142.56689453125,25
4412,68932.36450195312,25
4413,69105.396484375,25
4414,68807.69482421875,25
4415,68762.20483398438,25
4416,69067.1572265625,25
4417,69222.57153320312,25
4418,69232.6474609375,25
4419,68699.31860351562,25
4420,69118.04711914062,25
4421,68817.6015625,25
4422,69148.49926757812,25
4423,68929.90942382812,25
4424,69060.775390625,25
4425,69148.15014648438,25
4426,68728.287109375,25
4427,69292.47973632812,25
4428,69335.29028320312,25
4429,69039.86889648438,25
4430,68944.533203125,25
4431,69167.47045898438,25
4432,69117.65893554688,25
4433,69369.10327148438,25
4434,69676.6728515625,25
4435,69212.56640625,25
4436,69408.43725585938,25
4437,69662.0107421875,25
4438,68842.37939453125,25
4439,69491.8076171875,25
4440,68801.091796875,25
4441,69082.55200195312,25
4442,69520.70654296875,25
4443,69328.4365234375,25
4444,68921.34912109375,25
4445,68732.80932617188,25
4446,69258.14624023438,25
4447,69277.18432617188,25
4448,69345.7470703125,25
4449,69087.71142578125,25
4450,69620.23779296875,25
4451,69211.0283203125,25
4452,68949.86376953125,25
4453,69342.61596679688,25
4454,69364.5673828125,25
4455,69257.06616210938,25
4456,69675.6787109375,25
4457,69250.1240234375,25
4458,69523.97875976562,25
4459,68998.02514648438,25
4460,69244.8720703125,25
4461,69382.818359375,25
4462,69626.63671875,25
4463,69444.08032226562,25
4464,69612.57788085938,25
4465,69333.39477539062,25
4466,69058.75659179688,25
4467,69336.826171875,25
4468,69404.18872070312,25
4469,69643.73266601562,25
4470,69769.03857421875,25
4471,69280.45629882812,25
4472,69454.5419921875,25
4473,69662.88916015625,25
4474,69482.38305664062,25
4475,70075.54125976562,25
4476,69378.29296875,25
4477,69148.36450195312,25
4478,69083.98876953125,25
4479,69566.29077148438,25
4480,69082.20971679688,25
4481,69229.79760742188,25
4482,69386.33422851562,25
4483,69220.91015625,25
4484,69422.77319335938,25
4485,69376.80834960938,25
4486,69669.00830078125,25
4487,69331.88598632812,25
4488,68973.8544921875,25
4489,69539.412109375,25
4490,68966.10009765625,25
4491,69419.662109375,25
4492,69284.80688476562,25
4493,69426.34741210938,25
4494,69140.44091796875,25
4495,69613.02465820312,25
4496,69055.83374023438,25
4497,69653.33374023438,25
4498,69309.00756835938,25
4499,69439.1630859375,25
4500,68726.31518554688,25
4501,69560.14990234375,25
4502,69150.251953125,25
4503,68897.82446289062,25
4504,69256.57641601562,25
4505,69275.91625976562,25
4506,69468.94287109375,25
4507,69191.51049804688,25
4508,69676.04296875,25
4509,69156.60986328125,25
4510,69286.90185546875,25
4511,69135.03466796875,25
4512,69410.33544921875,25
4513,68947.443359375,25
4514,69822.01123046875,25
4515,69485.05029296875,25
4516,69640.32788085938,25
4517,69808.25610351562,25
4518,69552.28271484375,25
4519,69697.41333007812,25
4520,69583.57836914062,25
4521,69933.00415039062,25
4522,69817.81884765625,25
4523,69327.96508789062,25
4524,69868.05908203125,25
4525,69932.1162109375,25
4526,69861.54028320312,25
4527,69467.9091796875,25
4528,69614.3505859375,25
4529,70158.82153320312,25
4530,69808.05151367188,25
4531,69627.42456054688,25
4532,69402.57006835938,25
4533,69420.357421875,25
4534,69434.83081054688,25
4535,69510.88159179688,25
4536,69535.02490234375,25
4537,69406.72094726562,25
4538,69085.12475585938,25
4539,69906.77416992188,25
4540,69648.26147460938,25
4541,70281.50439453125,25
4542,69635.8603515625,25
4543,69657.7705078125,25
4544,69710.96459960938,25
4545,69327.96240234375,25
4546,69585.2978515625,25
4547,69378.78271484375,25
4548,69414.43090820312,25
4549,69401.55688476562,25
4550,69864.607421875,25
4551,69484.078125,25
4552,69802.55639648438,25
4553,69564.81079101562,25
4554,69882.42333984375,25
4555,69582.23461914062,25
4556,69944.94921875,25
4557,69689.04614257812,25
4558,69776.31616210938,25
4559,69273.73974609375,25
4560,69783.41943359375,25
4561,69513.19799804688,25
4562,69667.77416992188,25
4563,69795.63159179688,25
4564,69667.75463867188,25
4565,69518.93579101562,25
4566,69507.59155273438,25
4567,69734.00390625,25
4568,69637.525390625,25
4569,69357.0849609375,25
4570,69796.43896484375,25
4571,69844.2578125,25
4572,69599.68798828125,25
4573,69672.92822265625,25
4574,69666.02807617188,25
4575,69268.40747070312,25
4576,69907.30786132812,25
4577,69558.96459960938,25
4578,69575.71533203125,25
4579,69476.39404296875,25
4580,69251.88427734375,25
4581,70052.84350585938,25
4582,69318.05517578125,25
4583,69519.06567382812,25
4584,69519.81567382812,25
4585,68927.98413085938,25
4586,69442.42602539062,25
4587,69110.96044921875,25
4588,69366.15234375,25
4589,69237.11596679688,25
4590,69804.56103515625,25
4591,69035.50634765625,25
4592,69555.68530273438,25
4593,69631.74609375,25
4594,69728.35522460938,25
4595,69850.42163085938,25
4596,69490.74072265625,25
4597,69248.63647460938,25
4598,68787.79638671875,25
4599,69379.26953125,25
4600,69275.10034179688,25
4601,69402.88696289062,25
4602,69463.29345703125,25
4603,69495.16357421875,25
4604,69128.64306640625,25
4605,68756.22412109375,25
4606,69618.92041015625,25
4607,69700.634765625,25
4608,69499.42041015625,25
4609,69702.97998046875,25
4610,69388.48559570312,25
4611,69738.74145507812,25
4612,69348.33862304688,25
4613,69287.98022460938,25
4614,69750.08325195312,25
4615,69374.75756835938,25
4616,69639.095703125,25
4617,69257.14404296875,25
4618,69785.84521484375,25
4619,69258.1240234375,25
4620,69526.69653320312,25
4621,69289.89477539062,25
4622,69508.09814453125,25
4623,69125.5087890625,25
4624,69446.31420898438,25
4625,69344.52685546875,25
4626,69576.63256835938,25
4627,69785.65502929688,25
4628,69218.7919921875,25
4629,68919.3916015625,25
4630,68756.16967773438,25
4631,69031.58422851562,25
4632,68743.05224609375,25
4633,69153.85107421875,25
4634,68915.11938476562,25
4635,68763.94067382812,25
4636,69024.27392578125,25
4637,69040.64624023438,25
4638,68462.0546875,25
4639,69153.56201171875,25
4640,69234.33471679688,25
4641,69056.80737304688,25
4642,69192.4736328125,25
4643,68761.92749023438,25
4644,68741.57153320312,25
4645,69011.44360351562,25
4646,68692.32861328125,25
4647,68910.84130859375,25
4648,68914.92749023438,25
4649,68567.58984375,25
4650,69282.35302734375,25
4651,69173.3798828125,25
4652,68702.89453125,25
4653,68539.44995117188,25
4654,68696.90014648438,25
4655,69191.38037109375,25
4656,68607.74169921875,25
4657,68761.19482421875,25
4658,69351.56274414062,25
4659,68546.75341796875,25
4660,68566.31640625,25
4661,68372.67504882812,25
4662,68786.7158203125,25
4663,68714.47143554688,25
4664,68866.77807617188,25
4665,69154.32006835938,25
4666,68519.59790039062,25
4667,68688.6748046875,25
4668,68673.341796875,25
4669,68553.33251953125,25
4670,68634.3720703125,25
4671,68947.5048828125,25
4672,68660.07592773438,25
4673,68773.41186523438,25
4674,69095.32421875,25
4675,68481.07568359375,25
4676,68220.36840820312,25
4677,69019.28491210938,25
4678,68487.16015625,25
4679,69017.88159179688,25
4680,68700.41870117188,25
4681,68950.01977539062,25
4682,68518.58740234375,25
4683,68610.93505859375,25
4684,68842.14477539062,25
4685,68581.375,25
4686,68982.8212890625,25
4687,69061.6328125,25
4688,68808.24194335938,25
4689,69024.29418945312,25
4690,68798.91040039062,25
4691,68721.94799804688,25
4692,68327.35791015625,25
4693,69052.55078125,25
4694,68663.69311523438,25
4695,68378.08447265625,25
4696,68765.49609375,25
4697,68624.5302734375,25
4698,68538.30126953125,25
4699,68662.35302734375,25
4700,69149.94970703125,25
4701,68470.6904296875,25
4702,68891.3046875,25
4703,68886.837890625,25
4704,68711.21044921875,25
4705,68614.27416992188,25
4706,68664.7138671875,25
4707,68418.408203125,25
4708,68793.9130859375,25
4709,68210.79443359375,25
4710,68987.2744140625,25
4711,68645.45947265625,25
4712,68098.97094726562,25
4713,68770.84008789062,25
4714,68299.91186523438,25
4715,69222.75170898438,25
4716,69345.39379882812,25
4717,69055.28100585938,25
4718,68808.70068359375,25
4719,68467.1572265625,25
4720,68672.43017578125,25
4721,68569.81103515625,25
4722,68730.20239257812,25
4723,68482.46655273438,25
4724,68877.98559570312,25
4725,68929.2041015625,25
4726,68536.18969726562,25
4727,68985.818359375,25
4728,69103.49365234375,25
4729,68746.41577148438,25
4730,68212.76245117188,25
4731,68639.93969726562,25
4732,69010.7900390625,25
4733,68575.74658203125,25
4734,68965.2705078125,25
4735,68698.60961914062,25
4736,68783.82666015625,25
4737,68644.64770507812,25
4738,68498.86743164062,25
4739,68622.16552734375,25
4740,68625.41821289062,25
4741,69086.24755859375,25
4742,69269.25610351562,25
4743,69010.61010742188,25
4744,69127.87890625,25
4745,68626.470703125,25
4746,68191.91845703125,25
4747,68828.37841796875,25
4748,68518.2109375,25
4749,68908.53198242188,25
4750,68654.6943359375,25
4751,68689.5458984375,25
4752,68748.9638671875,25
4753,68541.8056640625,25
4754,68568.81420898438,25
4755,68900.15869140625,25
4756,68408.990234375,25
4757,69171.80224609375,25
4758,69311.75732421875,25
4759,68618.21923828125,25
4760,68531.6455078125,25
4761,68933.03759765625,25
4762,68630.56127929688,25
4763,68897.36157226562,25
4764,68642.35180664062,25
4765,68983.83227539062,25
4766,68724.87548828125,25
4767,68971.61352539062,25
4768,68868.18676757812,25
4769,69045.84301757812,25
4770,68858.994140625,25
4771,68776.3056640625,25
4772,68956.26342773438,25
4773,69080.451171875,25
4774,68927.69458007812,25
4775,68869.98510742188,25
4776,69097.10766601562,25
4777,69110.365234375,25
4778,68689.69458007812,25
4779,68426.78393554688,25
4780,69008.4267578125,25
4781,69033.92407226562,25
4782,68948.73364257812,25
4783,68844.013671875,25
4784,68469.56079101562,25
4785,68525.57104492188,25
4786,69062.49877929688,25
4787,68943.00830078125,25
4788,68392.6025390625,25
4789,68136.47338867188,25
4790,68911.01049804688,25
4791,68684.92651367188,25
4792,68975.97094726562,25
4793,68981.49072265625,25
4794,68591.47485351562,25
4795,68723.63989257812,25
4796,68612.43383789062,25
4797,68520.88647460938,25
4798,68969.68017578125,25
4799,68284.37280273438,25
4800,68656.22900390625,25
4801,68683.07348632812,25
4802,69030.66381835938,25
4803,69404.08715820312,25
4804,68808.23974609375,25
4805,69065.51391601562,25
4806,68545.61962890625,25
4807,69047.84375,25
4808,68520.208984375,25
4809,68847.70654296875,25
4810,68440.72998046875,25
4811,68861.75122070312,25
4812,68280.37524414062,25
4813,68639.42407226562,25
4814,68613.69750976562,25
4815,68483.16748046875,25
4816,68823.24633789062,25
4817,68727.41552734375,25
4818,68911.1552734375,25
4819,68584.97338867188,25
4820,68787.53125,25
4821,68811.65234375,25
4822,68312.92919921875,25
4823,68909.9453125,25
4824,68690.349609375,25
4825,68522.36401367188,25
4826,69024.37426757812,25
4827,68044.8583984375,25
4828,68969.28735351562,25
4829,68523.17333984375,25
4830,68800.46630859375,25
4831,68393.96459960938,25
4832,69070.64379882812,25
4833,68617.958984375,25
4834,69011.8232421875,25
4835,68630.66723632812,25
4836,68638.89331054688,25
4837,68171.42529296875,25
4838,68332.38330078125,25
4839,69078.61279296875,25
4840,68871.01538085938,25
4841,68905.8896484375,25
4842,69424.5966796875,25
4843,68939.11987304688,25
4844,68585.06982421875,25
4845,68802.56494140625,25
4846,68683.72534179688,25
4847,68708.2958984375,25
4848,68547.453125,25
4849,68117.09326171875,25
4850,68566.57788085938,25
4851,68913.62719726562,25
4852,68585.80346679688,25
4853,68479.26611328125,25
4854,68726.45166015625,25
4855,68642.2607421875,25
4856,68906.48828125,25
4857,69090.865234375,25
4858,68725.25439453125,25
4859,68845.43212890625,25
4860,68733.20751953125,25
4861,69086.33325195312,25
4862,68693.57250976562,25
4863,68652.2734375,25
4864,69590.271484375,25
4865,68282.9716796875,25
4866,68488.07690429688,25
4867,68963.78076171875,25
4868,68587.03393554688,25
4869,68657.57202148438,25
4870,69033.55200195312,25
4871,68702.64404296875,25
4872,69020.53466796875,25
4873,68736.04028320312,25
4874,68694.31469726562,25
4875,68623.39892578125,25
4876,68448.2958984375,25
4877,68926.26293945312,25
4878,69227.54248046875,25
4879,68464.17016601562,25
4880,68864.142578125,25
4881,68725.08178710938,25
4882,68154.22387695312,25
4883,68676.2802734375,25
4884,68762.8740234375,25
4885,68973.89428710938,25
4886,69068.01538085938,25
4887,68668.96923828125,25
4888,68783.4072265625,25
4889,68669.65625,25
4890,68352.94921875,25
4891,68774.7138671875,25
4892,68835.81030273438,25
4893,68353.45678710938,25
4894,68487.88232421875,25
4895,68796.72290039062,25
4896,68882.6787109375,25
4897,68521.61791992188,25
4898,69418.42138671875,25
4899,68808.4013671875,25
4900,68630.478515625,25
4901,68978.10888671875,25
4902,68720.41577148438,25
4903,69042.41088867188,25
4904,69126.0537109375,25
4905,68761.703125,25
4906,68970.14721679688,25
4907,68743.45825195312,25
4908,69173.39990234375,25
4909,69170.26586914062,25
4910,69057.74291992188,25
4911,68477.39282226562,25
4912,69136.45483398438,25
4913,69172.740234375,25
4914,69404.087890625,25
4915,68650.40258789062,25
4916,69217.45703125,25
4917,69421.6611328125,25
4918,68905.8447265625,25
4919,68906.095703125,25
4920,69188.97045898438,25
4921,68836.06909179688,25
4922,69017.98852539062,25
4923,68731.50854492188,25
4924,69246.34887695312,25
4925,68953.05688476562,25
4926,68786.23657226562,25
4927,68687.15942382812,25
4928,68931.6142578125,25
4929,68849.00268554688,25
4930,69062.2451171875,25
4931,69170.74975585938,25
4932,68976.51025390625,25
4933,69120.92504882812,25
4934,68735.28637695312,25
4935,69298.74682617188,25
4936,68990.19750976562,25
4937,68823.50219726562,25
4938,69009.1376953125,25
4939,68895.70556640625,25
4940,69342.7080078125,25
4941,68793.072265625,25
4942,68841.25634765625,25
4943,68742.46313476562,25
4944,68860.9306640625,25
4945,68990.81201171875,25
4946,68709.75805664062,25
4947,69124.2607421875,25
4948,68907.0068359375,25
4949,68848.20190429688,25
4950,68607.6865234375,25
4951,68816.51440429688,25
4952,69044.451171875,25
4953,69254.3134765625,25
4954,69006.68286132812,25
4955,69048.82568359375,25
4956,69234.21411132812,25
4957,69229.47875976562,25
4958,69169.40502929688,25
4959,69148.66821289062,25
4960,69122.892578125,25
4961,69118.73095703125,25
4962,68822.03784179688,25
4963,68879.02319335938,25
4964,69012.77856445312,25
4965,68757.6689453125,25
4966,68969.83618164062,25
4967,69241.0947265625,25
4968,68761.23046875,25
4969,69041.27880859375,25
4970,68729.06323242188,25
4971,68309.71752929688,25
4972,68805.88891601562,25
4973,69037.06420898438,25
4974,68705.0341796875,25
4975,69166.220703125,25
4976,69103.0,25
4977,68637.29174804688,25
4978,69343.73901367188,25
4979,69200.60034179688,25
4980,69179.28051757812,25
4981,69197.22192382812,25
4982,69199.1669921875,25
4983,68996.04614257812,25
4984,69477.78979492188,25
4985,69584.85327148438,25
4986,69187.76220703125,25
4987,69190.50366210938,25
4988,69374.17407226562,25
4989,68581.27490234375,25
4990,69025.04614257812,25
4991,69315.4501953125,25
4992,69265.57446289062,25
4993,69331.3564453125,25
4994,69366.05322265625,25
4995,69485.17993164062,25
4996,69494.29296875,25
4997,69247.90771484375,25
4998,69243.36450195312,25
4999,69310.93310546875,25
5000,69462.54516601562,25
