episode,total_reward,steps
1,75975.28173828125,25
2,74227.93798828125,25
3,75767.80346679688,25
4,74945.84350585938,25
5,73879.05883789062,25
6,74481.66552734375,25
7,73855.09521484375,25
8,75970.16796875,25
9,76621.68359375,25
10,76992.24877929688,25
11,75761.2783203125,25
12,74505.47021484375,25
13,74353.89916992188,25
14,72794.5634765625,25
15,74701.80859375,25
16,75447.66723632812,25
17,77174.43310546875,25
18,75836.77099609375,25
19,76372.12426757812,25
20,75022.21704101562,25
21,73167.95361328125,25
22,71447.42944335938,25
23,77394.5244140625,25
24,71632.84887695312,25
25,74439.31372070312,25
26,77902.5615234375,25
27,74157.62158203125,25
28,76045.69848632812,25
29,76165.31982421875,25
30,74374.9521484375,25
31,74211.9658203125,25
32,76209.61889648438,25
33,75789.70947265625,25
34,77055.8837890625,25
35,73620.3388671875,25
36,75678.77587890625,25
37,76689.42724609375,25
38,75124.87133789062,25
39,74128.39990234375,25
40,77086.38012695312,25
41,70741.89111328125,25
42,71025.11401367188,25
43,71706.45141601562,25
44,73165.412109375,25
45,76196.64599609375,25
46,79405.59716796875,25
47,84044.93920898438,25
48,89767.48217773438,25
49,95346.02197265625,25
50,101306.62841796875,25
51,106044.43359375,25
52,110061.06201171875,25
53,112883.08935546875,25
54,114693.3525390625,25
55,115713.572265625,25
56,116318.90185546875,25
57,116666.861328125,25
58,117072.5751953125,25
59,117160.06640625,25
60,116911.96142578125,25
61,116895.25830078125,25
62,116959.36767578125,25
63,116967.0009765625,25
64,117011.42041015625,25
65,117251.58447265625,25
66,117178.7236328125,25
67,117106.66357421875,25
68,116963.09228515625,25
69,116990.03955078125,25
70,117254.22265625,25
71,117487.95751953125,25
72,117366.75244140625,25
73,117346.77197265625,25
74,117396.2177734375,25
75,117441.79052734375,25
76,117318.10546875,25
77,117206.20947265625,25
78,117205.6328125,25
79,117133.6005859375,25
80,117116.1494140625,25
81,116966.54052734375,25
82,117226.08203125,25
83,117100.076171875,25
84,117115.0341796875,25
85,116996.84814453125,25
86,116831.71630859375,25
87,117004.7724609375,25
88,116888.2431640625,25
89,116989.486328125,25
90,116977.228515625,25
91,116966.70458984375,25
92,116853.435546875,25
93,116912.46923828125,25
94,116984.0732421875,25
95,116979.9375,25
96,117146.16015625,25
97,116991.03076171875,25
98,116854.5693359375,25
99,116817.994140625,25
100,116726.8203125,25
101,116844.17626953125,25
102,116638.8408203125,25
103,116595.64306640625,25
104,116785.61669921875,25
105,116508.9951171875,25
106,116640.7041015625,25
107,116493.02294921875,25
108,116400.04248046875,25
109,116286.7197265625,25
110,116291.20166015625,25
111,116247.74072265625,25
112,116144.52294921875,25
113,116293.9970703125,25
114,116202.04150390625,25
115,116414.78271484375,25
116,116376.8017578125,25
117,116442.205078125,25
118,116474.259765625,25
119,116491.40478515625,25
120,116583.98486328125,25
121,116692.36962890625,25
122,116959.810546875,25
123,117020.04638671875,25
124,117090.38818359375,25
125,117098.42919921875,25
126,117036.16943359375,25
127,117229.2802734375,25
128,117344.66357421875,25
129,117174.470703125,25
130,117239.64306640625,25
131,117261.1806640625,25
132,117075.86669921875,25
133,117173.03369140625,25
134,117098.57470703125,25
135,117203.86572265625,25
136,117193.77734375,25
137,117234.8544921875,25
138,116923.33251953125,25
139,116931.138671875,25
140,117133.2734375,25
141,117032.673828125,25
142,117204.21826171875,25
143,117066.9130859375,25
144,117246.46826171875,25
145,117164.43408203125,25
146,117316.634765625,25
147,117337.96630859375,25
148,117309.3330078125,25
149,117400.44775390625,25
150,117259.25341796875,25
151,117400.43994140625,25
152,117286.9111328125,25
153,117392.77490234375,25
154,117425.42333984375,25
155,117304.28076171875,25
156,117334.5,25
157,117336.23974609375,25
158,117403.01123046875,25
159,117483.22119140625,25
160,117468.15087890625,25
161,117475.33740234375,25
162,117329.70556640625,25
163,117345.38720703125,25
164,117252.9453125,25
165,117273.91748046875,25
166,117211.1396484375,25
167,117266.31982421875,25
168,117353.60498046875,25
169,117216.2900390625,25
170,117236.0927734375,25
171,117149.37353515625,25
172,117126.63134765625,25
173,117004.158203125,25
174,117209.54541015625,25
175,116992.64404296875,25
176,116973.36279296875,25
177,117048.89453125,25
178,117010.93505859375,25
179,117049.87646484375,25
180,117094.3154296875,25
181,117157.45556640625,25
182,117076.54541015625,25
183,117086.08544921875,25
184,117187.6591796875,25
185,117228.59765625,25
186,117055.92724609375,25
187,116885.72607421875,25
188,117055.63671875,25
189,117184.4541015625,25
190,117098.37890625,25
191,117200.32421875,25
192,117359.7958984375,25
193,117098.75439453125,25
194,116529.0390625,25
195,113675.248046875,25
196,111741.91796875,25
197,111385.4609375,25
198,111438.19775390625,25
199,111438.953125,25
200,111499.798828125,25
201,111558.00830078125,25
202,111537.9150390625,25
203,111566.9150390625,25
204,111488.48583984375,25
205,111635.90478515625,25
206,111392.95556640625,25
207,111477.5947265625,25
208,111262.99951171875,25
209,111313.5537109375,25
210,111266.1953125,25
211,111347.62255859375,25
212,111177.57373046875,25
213,111237.82373046875,25
214,111171.94775390625,25
215,111216.6171875,25
216,111137.62109375,25
217,110867.91259765625,25
218,110856.84033203125,25
219,111109.9580078125,25
220,110942.5947265625,25
221,111066.1806640625,25
222,110907.6474609375,25
223,110914.75244140625,25
224,110810.57763671875,25
225,110855.84375,25
226,111039.037109375,25
227,110902.51025390625,25
228,110946.74560546875,25
229,110903.0966796875,25
230,110891.419921875,25
231,110908.556640625,25
232,110867.2353515625,25
233,111107.45166015625,25
234,110928.1484375,25
235,111174.208984375,25
236,110833.72119140625,25
237,110886.95947265625,25
238,110898.49755859375,25
239,110847.3203125,25
240,110724.29248046875,25
241,110715.17041015625,25
242,110790.85888671875,25
243,110588.2099609375,25
244,110723.74609375,25
245,110796.6044921875,25
246,110906.99609375,25
247,110897.26025390625,25
248,110774.49169921875,25
249,110754.92333984375,25
250,110705.4775390625,25
251,110695.05810546875,25
252,110647.328125,25
253,110609.03076171875,25
254,110700.74169921875,25
255,110865.740234375,25
256,110778.06689453125,25
257,110893.29736328125,25
258,110860.64501953125,25
259,110785.83740234375,25
260,110410.26318359375,25
261,108872.20947265625,25
262,104158.03100585938,25
263,103079.63232421875,25
264,103135.84521484375,25
265,103152.20263671875,25
266,103061.12719726562,25
267,103150.23120117188,25
268,103182.73486328125,25
269,103270.31005859375,25
270,103266.62573242188,25
271,103623.33520507812,25
272,103653.0771484375,25
273,103361.44946289062,25
274,103434.00073242188,25
275,103389.82055664062,25
276,103734.9716796875,25
277,103436.52685546875,25
278,103657.3583984375,25
279,103915.0224609375,25
280,103817.72143554688,25
281,104082.3134765625,25
282,103892.68969726562,25
283,103762.529296875,25
284,103806.37280273438,25
285,103765.77856445312,25
286,102551.8193359375,25
287,101350.1806640625,25
288,98392.15600585938,25
289,97249.85375976562,25
290,97273.23486328125,25
291,97470.32177734375,25
292,97346.65209960938,25
293,97571.57446289062,25
294,97516.55053710938,25
295,97333.69799804688,25
296,97126.95361328125,25
297,97388.59887695312,25
298,97162.78198242188,25
299,97017.75854492188,25
300,96930.54663085938,25
301,96922.0078125,25
302,97052.94458007812,25
303,95358.42309570312,25
304,91804.78686523438,25
305,91154.00341796875,25
306,91693.35083007812,25
307,92136.64794921875,25
308,91839.95141601562,25
309,91852.60693359375,25
310,91924.62866210938,25
311,91749.82006835938,25
312,92003.07421875,25
313,91918.15893554688,25
314,91571.23291015625,25
315,91592.5615234375,25
316,91836.38012695312,25
317,91486.80249023438,25
318,91631.41333007812,25
319,91469.046875,25
320,91363.865234375,25
321,91437.62426757812,25
322,91220.2509765625,25
323,90678.5,25
324,88070.36694335938,25
325,86147.29296875,25
326,85924.51293945312,25
327,85945.181640625,25
328,86004.04150390625,25
329,86108.57202148438,25
330,85109.60668945312,25
331,83023.30249023438,25
332,81875.29467773438,25
333,81376.88623046875,25
334,81619.06494140625,25
335,81622.48706054688,25
336,81460.12622070312,25
337,81601.05615234375,25
338,81281.8837890625,25
339,81092.54321289062,25
340,81299.15405273438,25
341,81186.80297851562,25
342,81594.87280273438,25
343,81319.80224609375,25
344,81599.72924804688,25
345,81358.84423828125,25
346,81654.02685546875,25
347,81788.56591796875,25
348,81474.86474609375,25
349,81580.59741210938,25
350,81338.07153320312,25
351,81264.0146484375,25
352,81332.17944335938,25
353,81250.61645507812,25
354,81027.00830078125,25
355,81335.072265625,25
356,81359.34375,25
357,81147.86328125,25
358,81445.66625976562,25
359,81175.71044921875,25
360,81531.47875976562,25
361,81367.74560546875,25
362,81411.07470703125,25
363,81730.78344726562,25
364,81724.79565429688,25
365,81607.91137695312,25
366,82554.22778320312,25
367,82857.0693359375,25
368,83120.4833984375,25
369,82890.576171875,25
370,83062.21752929688,25
371,82609.86059570312,25
372,82450.412109375,25
373,82563.4443359375,25
374,82408.83740234375,25
375,82513.4775390625,25
376,82356.90014648438,25
377,82403.71508789062,25
378,82494.29125976562,25
379,82428.43408203125,25
380,82159.71484375,25
381,79926.974609375,25
382,76887.4208984375,25
383,76542.16821289062,25
384,75279.63330078125,25
385,72302.42846679688,25
386,71112.89331054688,25
387,70992.72338867188,25
388,71323.01586914062,25
389,70978.75244140625,25
390,70968.79125976562,25
391,70854.5341796875,25
392,70674.56665039062,25
393,70263.33203125,25
394,69709.97607421875,25
395,69396.4697265625,25
396,69699.63330078125,25
397,69627.88916015625,25
398,69369.04907226562,25
399,68341.97900390625,25
400,65379.9892578125,25
401,65495.552001953125,25
402,65178.963134765625,25
403,65318.473388671875,25
404,65678.81591796875,25
405,65203.9521484375,25
406,65291.825439453125,25
407,65383.003173828125,25
408,65584.21411132812,25
409,65211.341064453125,25
410,65436.068603515625,25
411,65274.868896484375,25
412,65264.50048828125,25
413,65187.60009765625,25
414,64957.46484375,25
415,64905.4580078125,25
416,64988.863037109375,25
417,65016.30322265625,25
418,65040.955810546875,25
419,64942.739501953125,25
420,64998.504638671875,25
421,65135.67333984375,25
422,65359.881103515625,25
423,65516.89208984375,25
424,65632.47094726562,25
425,65912.0107421875,25
426,65794.15478515625,25
427,65555.63525390625,25
428,65419.555908203125,25
429,64983.396484375,25
430,64923.228515625,25
431,64967.26025390625,25
432,65338.2822265625,25
433,64852.72021484375,25
434,64953.069091796875,25
435,64877.460205078125,25
436,65035.587158203125,25
437,64968.709228515625,25
438,64703.572021484375,25
439,65109.74365234375,25
440,65287.70263671875,25
441,65037.174560546875,25
442,64976.343994140625,25
443,65139.527587890625,25
444,65013.1513671875,25
445,65164.238525390625,25
446,65089.94775390625,25
447,65155.487060546875,25
448,65068.137939453125,25
449,64910.0283203125,25
450,64813.796630859375,25
451,64957.40283203125,25
452,64883.924072265625,25
453,64881.504638671875,25
454,65065.435302734375,25
455,65114.29296875,25
456,65031.83544921875,25
457,65157.58837890625,25
458,65218.548095703125,25
459,65249.3427734375,25
460,65378.65185546875,25
461,65332.215087890625,25
462,65272.931396484375,25
463,65578.08129882812,25
464,65327.41796875,25
465,65570.03857421875,25
466,65448.17724609375,25
467,65665.94946289062,25
468,65462.05419921875,25
469,65360.64111328125,25
470,65534.442138671875,25
471,65496.789306640625,25
472,65432.161865234375,25
473,65624.80444335938,25
474,65654.13720703125,25
475,65521.76416015625,25
476,65567.64135742188,25
477,65824.4130859375,25
478,65812.07397460938,25
479,65831.56860351562,25
480,65811.77758789062,25
481,66024.9482421875,25
482,66121.427734375,25
483,65861.96875,25
484,66035.1416015625,25
485,66023.3330078125,25
486,65922.875,25
487,65829.62377929688,25
488,65845.4287109375,25
489,65977.70483398438,25
490,65932.4873046875,25
491,65998.7041015625,25
492,65694.68994140625,25
493,65931.48583984375,25
494,66113.5,25
495,66031.85668945312,25
496,66243.85961914062,25
497,66533.76147460938,25
498,68060.67016601562,25
499,68363.6396484375,25
500,68520.88793945312,25
501,68792.0009765625,25
502,68547.57153320312,25
503,68637.85546875,25
504,68955.04296875,25
505,69037.189453125,25
506,69595.09936523438,25
507,69579.65625,25
508,69319.49072265625,25
509,69151.37524414062,25
510,69418.46044921875,25
511,69273.81176757812,25
512,69247.6298828125,25
513,69235.02563476562,25
514,69112.59741210938,25
515,68964.0263671875,25
516,69140.54565429688,25
517,68955.37133789062,25
518,69118.96313476562,25
519,68980.09765625,25
520,69222.8056640625,25
521,69213.30810546875,25
522,69150.81616210938,25
523,69103.18969726562,25
524,69033.10888671875,25
525,69485.03881835938,25
526,69319.41577148438,25
527,69144.56762695312,25
528,69178.40600585938,25
529,69063.38696289062,25
530,68853.46337890625,25
531,69232.71630859375,25
532,69054.39184570312,25
533,69192.19165039062,25
534,68914.43041992188,25
535,69178.62817382812,25
536,69127.580078125,25
537,69055.83032226562,25
538,69212.58569335938,25
539,69174.45532226562,25
540,69199.11938476562,25
541,69203.9130859375,25
542,70083.53442382812,25
543,70696.64208984375,25
544,73076.96044921875,25
545,74579.52368164062,25
546,74759.197265625,25
547,74324.8427734375,25
548,74062.28735351562,25
549,74021.30126953125,25
550,73938.55078125,25
551,73879.75952148438,25
552,73983.80444335938,25
553,74165.330078125,25
554,74545.84716796875,25
555,74460.107421875,25
556,74522.9853515625,25
557,74566.34790039062,25
558,74217.76831054688,25
559,74247.76245117188,25
560,73853.4541015625,25
561,73786.34033203125,25
562,73530.943359375,25
563,73510.0087890625,25
564,73226.83740234375,25
565,73613.60400390625,25
566,73768.78540039062,25
567,73469.25756835938,25
568,73495.43774414062,25
569,73414.04125976562,25
570,73558.4208984375,25
571,73474.65405273438,25
572,73671.95776367188,25
573,73682.38916015625,25
574,73795.81396484375,25
575,73558.68481445312,25
576,73446.9365234375,25
577,73529.11059570312,25
578,73626.98828125,25
579,73726.45678710938,25
580,73856.9169921875,25
581,73880.46997070312,25
582,73841.82153320312,25
583,74034.10571289062,25
584,73553.59619140625,25
585,73809.66772460938,25
586,73842.07104492188,25
587,74062.04833984375,25
588,73760.75756835938,25
589,73882.43920898438,25
590,73840.533203125,25
591,73802.3330078125,25
592,73965.08911132812,25
593,73726.14477539062,25
594,73709.89575195312,25
595,73866.60913085938,25
596,73650.55249023438,25
597,73821.98852539062,25
598,74017.49755859375,25
599,73850.201171875,25
600,74105.52026367188,25
601,73842.96728515625,25
602,73998.07470703125,25
603,73774.3173828125,25
604,73689.0712890625,25
605,73810.71850585938,25
606,73857.53637695312,25
607,73739.8134765625,25
608,73796.13818359375,25
609,73935.41967773438,25
610,73883.330078125,25
611,73874.0439453125,25
612,73650.46557617188,25
613,73744.93701171875,25
614,73893.39624023438,25
615,73907.98608398438,25
616,74078.08178710938,25
617,73635.2783203125,25
618,73918.37182617188,25
619,73769.26318359375,25
620,74029.00439453125,25
621,73954.10205078125,25
622,74075.26708984375,25
623,73789.5029296875,25
624,73637.48486328125,25
625,73995.04516601562,25
626,73908.19946289062,25
627,73962.67114257812,25
628,74008.72827148438,25
629,74192.44873046875,25
630,73920.18969726562,25
631,73951.6943359375,25
632,73962.66186523438,25
633,73969.08642578125,25
634,73948.56909179688,25
635,73894.04125976562,25
636,73975.74853515625,25
637,74175.57275390625,25
638,73837.94897460938,25
639,73993.1015625,25
640,73817.56103515625,25
641,74004.72290039062,25
642,74014.17114257812,25
643,73955.953125,25
644,73812.2783203125,25
645,74139.9296875,25
646,74100.1904296875,25
647,73956.0517578125,25
648,74106.94384765625,25
649,73965.826171875,25
650,73982.73852539062,25
651,73816.29345703125,25
652,74078.11254882812,25
653,74150.29248046875,25
654,73690.24975585938,25
655,74008.71362304688,25
656,73830.70288085938,25
657,74103.5419921875,25
658,73877.96313476562,25
659,73855.07153320312,25
660,74054.9345703125,25
661,73922.345703125,25
662,74145.82055664062,25
663,74174.93383789062,25
664,73680.88696289062,25
665,73644.818359375,25
666,73516.55419921875,25
667,73560.05737304688,25
668,73341.02758789062,25
669,73531.36499023438,25
670,73466.08813476562,25
671,73514.11206054688,25
672,73490.451171875,25
673,73316.24951171875,25
674,73617.1982421875,25
675,73423.458984375,25
676,73261.61279296875,25
677,73725.57055664062,25
678,73446.75512695312,25
679,73308.65771484375,25
680,73670.07763671875,25
681,73532.5703125,25
682,73407.86181640625,25
683,73640.0302734375,25
684,73416.96606445312,25
685,73375.64086914062,25
686,73574.666015625,25
687,73359.42895507812,25
688,73298.2294921875,25
689,73498.70874023438,25
690,73172.53491210938,25
691,73181.24389648438,25
692,73525.56787109375,25
693,73379.11962890625,25
694,73373.01123046875,25
695,73492.5478515625,25
696,73588.00903320312,25
697,73720.330078125,25
698,73459.86206054688,25
699,73265.12280273438,25
700,73383.16162109375,25
701,73560.57568359375,25
702,73407.73681640625,25
703,73355.5751953125,25
704,73324.40112304688,25
705,73311.88818359375,25
706,73524.61669921875,25
707,73391.88256835938,25
708,73661.93603515625,25
709,73540.55126953125,25
710,73637.57934570312,25
711,73427.130859375,25
712,73285.49047851562,25
713,73301.92260742188,25
714,73325.57568359375,25
715,73479.00756835938,25
716,73618.23974609375,25
717,73429.27221679688,25
718,73096.1806640625,25
719,73301.4404296875,25
720,73031.46044921875,25
721,73317.77319335938,25
722,73437.83984375,25
723,73430.17895507812,25
724,73535.15380859375,25
725,73355.5,25
726,73293.09252929688,25
727,73293.76025390625,25
728,73531.978515625,25
729,73392.00610351562,25
730,73575.04443359375,25
731,73619.21240234375,25
732,73476.89282226562,25
733,73389.44848632812,25
734,73296.44970703125,25
735,73618.21435546875,25
736,73332.33618164062,25
737,73605.021484375,25
738,73211.41552734375,25
739,73476.20532226562,25
740,73277.59326171875,25
741,73435.34545898438,25
742,73381.1123046875,25
743,73505.9951171875,25
744,73211.94409179688,25
745,73014.416015625,25
746,73217.05102539062,25
747,73108.89453125,25
748,73110.03051757812,25
749,73225.36694335938,25
750,73421.74560546875,25
751,73210.3857421875,25
752,73315.06884765625,25
753,73345.80517578125,25
754,73208.99926757812,25
755,73507.751953125,25
756,73232.69165039062,25
757,73145.7744140625,25
758,73337.82348632812,25
759,73281.8349609375,25
760,73220.251953125,25
761,73185.39770507812,25
762,73077.75073242188,25
763,73481.73876953125,25
764,73132.11889648438,25
765,73169.1337890625,25
766,73114.44482421875,25
767,73123.99487304688,25
768,73367.9736328125,25
769,73163.03369140625,25
770,73466.64990234375,25
771,73430.48095703125,25
772,73162.67919921875,25
773,73472.01782226562,25
774,72989.6259765625,25
775,73296.27465820312,25
776,73388.98071289062,25
777,73202.03125,25
778,73236.32275390625,25
779,73374.30639648438,25
780,73053.75659179688,25
781,73165.5859375,25
782,73237.6025390625,25
783,73210.140625,25
784,73361.12548828125,25
785,73091.40502929688,25
786,73214.54565429688,25
787,73331.28686523438,25
788,73282.1318359375,25
789,73086.46533203125,25
790,73185.50756835938,25
791,73111.23779296875,25
792,73659.6494140625,25
793,73388.677734375,25
794,73366.13598632812,25
795,73084.54150390625,25
796,73370.82739257812,25
797,73265.67578125,25
798,73352.18627929688,25
799,73296.37890625,25
800,73097.86743164062,25
801,73297.56958007812,25
802,72882.12866210938,25
803,72884.95703125,25
804,73098.869140625,25
805,72943.3955078125,25
806,72715.98608398438,25
807,72808.220703125,25
808,73121.14282226562,25
809,73078.14331054688,25
810,72933.09814453125,25
811,73151.21826171875,25
812,73222.33081054688,25
813,72925.52758789062,25
814,73040.6513671875,25
815,72990.64990234375,25
816,72885.78295898438,25
817,73098.48168945312,25
818,73099.38989257812,25
819,72993.8525390625,25
820,72819.6328125,25
821,72731.46728515625,25
822,73057.09716796875,25
823,72800.96020507812,25
824,72991.95190429688,25
825,72857.76977539062,25
826,73106.13891601562,25
827,72804.31958007812,25
828,72978.49633789062,25
829,72935.26635742188,25
830,73163.27734375,25
831,73155.71044921875,25
832,73081.00122070312,25
833,72979.58837890625,25
834,72676.73657226562,25
835,71315.40063476562,25
836,70920.14892578125,25
837,71129.29541015625,25
838,70827.08056640625,25
839,70692.63842773438,25
840,71025.25415039062,25
841,70860.212890625,25
842,70916.021484375,25
843,70606.78344726562,25
844,70515.24926757812,25
845,70440.55737304688,25
846,70494.330078125,25
847,70271.23388671875,25
848,70236.17529296875,25
849,70157.14184570312,25
850,70259.98559570312,25
851,70332.30859375,25
852,70206.537109375,25
853,70668.10009765625,25
854,70160.06860351562,25
855,70158.63671875,25
856,70277.02294921875,25
857,70611.5517578125,25
858,70236.435546875,25
859,70434.537109375,25
860,70570.40209960938,25
861,70732.8916015625,25
862,70293.55810546875,25
863,70457.84741210938,25
864,70551.96948242188,25
865,70596.77783203125,25
866,70249.65844726562,25
867,70496.40844726562,25
868,70613.03076171875,25
869,70414.89208984375,25
870,70492.76220703125,25
871,70373.44482421875,25
872,70473.03125,25
873,70605.68994140625,25
874,70601.89233398438,25
875,70466.86083984375,25
876,70391.982421875,25
877,70490.34619140625,25
878,70512.8349609375,25
879,70361.80859375,25
880,70643.1953125,25
881,70486.97534179688,25
882,70494.57641601562,25
883,70516.23950195312,25
884,70448.15942382812,25
885,70406.05444335938,25
886,70369.35473632812,25
887,70585.501953125,25
888,71011.73974609375,25
889,70939.26318359375,25
890,71221.578125,25
891,71419.37451171875,25
892,71079.16796875,25
893,70892.5400390625,25
894,71058.04516601562,25
895,71259.85571289062,25
896,71276.15161132812,25
897,70921.98681640625,25
898,70941.1064453125,25
899,71143.52612304688,25
900,70970.18432617188,25
901,71263.33984375,25
902,71176.32006835938,25
903,70931.8564453125,25
904,71063.77905273438,25
905,71241.21166992188,25
906,71197.41162109375,25
907,71072.8408203125,25
908,71206.16479492188,25
909,71291.66137695312,25
910,71478.60986328125,25
911,71395.91918945312,25
912,71486.56469726562,25
913,71019.916015625,25
914,71191.12841796875,25
915,71334.19580078125,25
916,71052.99487304688,25
917,71286.64038085938,25
918,71074.66137695312,25
919,71199.71337890625,25
920,70991.36962890625,25
921,71122.34985351562,25
922,70998.77319335938,25
923,71038.31762695312,25
924,71358.798828125,25
925,71121.86791992188,25
926,71021.3193359375,25
927,71160.57055664062,25
928,71258.94213867188,25
929,71295.8994140625,25
930,71174.14526367188,25
931,71298.43530273438,25
932,71366.95043945312,25
933,71171.96826171875,25
934,70938.02905273438,25
935,71013.33544921875,25
936,70983.82421875,25
937,71018.86181640625,25
938,70896.623046875,25
939,71153.255859375,25
940,71195.75805664062,25
941,71325.50732421875,25
942,71733.24096679688,25
943,71414.59838867188,25
944,71399.91040039062,25
945,71590.33056640625,25
946,71274.58203125,25
947,71520.76000976562,25
948,71397.28833007812,25
949,71545.32250976562,25
950,71334.78344726562,25
951,71356.6484375,25
952,71681.451171875,25
953,71529.7197265625,25
954,71385.98828125,25
955,71285.64477539062,25
956,71332.40283203125,25
957,71380.14111328125,25
958,71246.09008789062,25
959,71580.76538085938,25
960,71370.46728515625,25
961,71521.5009765625,25
962,71604.32373046875,25
963,71436.92553710938,25
964,71289.63037109375,25
965,71474.3837890625,25
966,71304.84912109375,25
967,71135.0908203125,25
968,71316.10693359375,25
969,71161.97607421875,25
970,71264.88623046875,25
971,71169.73657226562,25
972,71257.47216796875,25
973,71067.60375976562,25
974,71146.35913085938,25
975,71174.53881835938,25
976,71164.69750976562,25
977,71158.29125976562,25
978,71144.92358398438,25
979,71331.0869140625,25
980,71341.26586914062,25
981,71143.31176757812,25
982,71184.36083984375,25
983,71083.8203125,25
984,71054.3232421875,25
985,71037.86499023438,25
986,71280.76538085938,25
987,71160.80151367188,25
988,71328.3505859375,25
989,71438.76489257812,25
990,71328.2470703125,25
991,71213.1494140625,25
992,71189.54931640625,25
993,71046.201171875,25
994,71260.76318359375,25
995,71082.72045898438,25
996,70953.32373046875,25
997,70882.08544921875,25
998,70858.60498046875,25
999,70778.88891601562,25
1000,70817.1416015625,25
1001,70813.0888671875,25
1002,70928.95458984375,25
1003,70796.4609375,25
1004,70822.37622070312,25
1005,70876.59936523438,25
1006,70699.54077148438,25
1007,70740.3984375,25
1008,70966.18505859375,25
1009,70786.58471679688,25
1010,70864.40698242188,25
1011,71009.826171875,25
1012,70638.80053710938,25
1013,70869.3779296875,25
1014,70934.00830078125,25
1015,70720.37744140625,25
1016,70770.427734375,25
1017,70489.99389648438,25
1018,70807.77465820312,25
1019,70834.64233398438,25
1020,70948.48852539062,25
1021,70679.11450195312,25
1022,70822.77124023438,25
1023,70584.515625,25
1024,70706.32958984375,25
1025,70758.8740234375,25
1026,70674.34228515625,25
1027,70661.50927734375,25
1028,70811.63623046875,25
1029,70813.78442382812,25
1030,70571.01293945312,25
1031,70916.00024414062,25
1032,70605.54956054688,25
1033,70584.8349609375,25
1034,70737.49072265625,25
1035,70634.37182617188,25
1036,70854.26586914062,25
1037,70660.16137695312,25
1038,70427.65112304688,25
1039,70850.89990234375,25
1040,70727.82958984375,25
1041,70811.87231445312,25
1042,70855.36059570312,25
1043,70832.83129882812,25
1044,70830.9267578125,25
1045,71046.8408203125,25
1046,70820.57763671875,25
1047,70717.93310546875,25
1048,70692.08032226562,25
1049,70880.42895507812,25
1050,70644.8701171875,25
1051,70283.21899414062,25
1052,70566.89453125,25
1053,70538.1201171875,25
1054,70674.8642578125,25
1055,70747.8583984375,25
1056,70654.31030273438,25
1057,70616.3701171875,25
1058,70535.27514648438,25
1059,70790.94604492188,25
1060,70449.92138671875,25
1061,70717.48779296875,25
1062,70615.75170898438,25
1063,70428.0458984375,25
1064,70790.072265625,25
1065,70498.33422851562,25
1066,70573.9453125,25
1067,70838.6474609375,25
1068,70747.994140625,25
1069,70454.61303710938,25
1070,70453.330078125,25
1071,70596.49560546875,25
1072,70306.89379882812,25
1073,70573.97216796875,25
1074,70626.64892578125,25
1075,70531.13745117188,25
1076,70596.93896484375,25
1077,70494.4931640625,25
1078,70473.59887695312,25
1079,70538.55493164062,25
1080,70271.53662109375,25
1081,70469.84716796875,25
1082,70330.43798828125,25
1083,70567.51000976562,25
1084,70518.85791015625,25
1085,70503.37231445312,25
1086,70515.52685546875,25
1087,70476.2490234375,25
1088,70615.60375976562,25
1089,70520.01171875,25
1090,70438.88427734375,25
1091,70308.2666015625,25
1092,70480.296875,25
1093,70249.466796875,25
1094,70651.07666015625,25
1095,70360.77587890625,25
1096,70527.77587890625,25
1097,70281.8330078125,25
1098,70525.31567382812,25
1099,70539.97412109375,25
1100,70416.06567382812,25
1101,70458.45947265625,25
1102,70486.181640625,25
1103,70431.8564453125,25
1104,70298.1572265625,25
1105,70497.36181640625,25
1106,70476.98364257812,25
1107,70472.59252929688,25
1108,70486.63818359375,25
1109,70350.43798828125,25
1110,70458.25610351562,25
1111,70396.59765625,25
1112,70617.59448242188,25
1113,70540.61206054688,25
1114,70475.6220703125,25
1115,70491.2890625,25
1116,70343.72875976562,25
1117,70688.638671875,25
1118,70268.49536132812,25
1119,70304.86767578125,25
1120,70340.05859375,25
1121,70307.35034179688,25
1122,70309.88525390625,25
1123,70649.02783203125,25
1124,70498.09643554688,25
1125,70304.5458984375,25
1126,70693.12841796875,25
1127,70578.51220703125,25
1128,70236.39990234375,25
1129,70682.02612304688,25
1130,70353.15771484375,25
1131,70382.81616210938,25
1132,70309.45922851562,25
1133,70167.57885742188,25
1134,70551.17065429688,25
1135,70671.38452148438,25
1136,70323.69018554688,25
1137,70294.1357421875,25
1138,70324.38256835938,25
1139,70419.49829101562,25
1140,70454.79028320312,25
1141,70493.486328125,25
1142,70426.68383789062,25
1143,70441.7021484375,25
1144,70351.19091796875,25
1145,70526.52954101562,25
1146,70333.19067382812,25
1147,70306.77294921875,25
1148,70208.01831054688,25
1149,70428.36596679688,25
1150,70532.57348632812,25
1151,70209.94165039062,25
1152,70473.87109375,25
1153,70469.42626953125,25
1154,70538.88916015625,25
1155,70485.2939453125,25
1156,70465.0712890625,25
1157,70392.38720703125,25
1158,70618.67431640625,25
1159,70689.84252929688,25
1160,70720.11645507812,25
1161,70469.056640625,25
1162,70552.65600585938,25
1163,70462.96948242188,25
1164,70349.94213867188,25
1165,70543.15112304688,25
1166,70567.53295898438,25
1167,70490.61987304688,25
1168,70557.59790039062,25
1169,70390.38647460938,25
1170,70582.9208984375,25
1171,70466.40698242188,25
1172,70630.78442382812,25
1173,70505.20776367188,25
1174,70669.140625,25
1175,70439.53735351562,25
1176,70638.29467773438,25
1177,70572.32275390625,25
1178,70527.8349609375,25
1179,70446.14721679688,25
1180,70339.88037109375,25
1181,70308.33813476562,25
1182,70177.5908203125,25
1183,70388.58251953125,25
1184,70676.90795898438,25
1185,70227.19262695312,25
1186,70207.68725585938,25
1187,70313.4638671875,25
1188,70383.84204101562,25
1189,70487.46826171875,25
1190,70343.63452148438,25
1191,70530.935546875,25
1192,70328.69702148438,25
1193,70533.28198242188,25
1194,70540.60083007812,25
1195,70358.57080078125,25
1196,70398.65307617188,25
1197,70564.25561523438,25
1198,70203.31201171875,25
1199,70557.78759765625,25
1200,70476.17651367188,25
1201,70257.60864257812,25
1202,70590.60473632812,25
1203,70579.50415039062,25
1204,70515.38427734375,25
1205,70472.96533203125,25
1206,70552.39404296875,25
1207,70409.50561523438,25
1208,70670.36572265625,25
1209,70497.90698242188,25
1210,70637.85546875,25
1211,70903.16674804688,25
1212,70947.43505859375,25
1213,70950.94555664062,25
1214,70880.75219726562,25
1215,70519.86840820312,25
1216,70909.44189453125,25
1217,70388.49072265625,25
1218,70401.9775390625,25
1219,70376.748046875,25
1220,70354.90698242188,25
1221,70273.44970703125,25
1222,70436.82153320312,25
1223,70244.10668945312,25
1224,70453.44775390625,25
1225,70250.56958007812,25
1226,70277.98364257812,25
1227,70314.17919921875,25
1228,70031.68896484375,25
1229,70313.30737304688,25
1230,70116.65380859375,25
1231,70394.51977539062,25
1232,70064.39038085938,25
1233,70223.69287109375,25
1234,70239.67041015625,25
1235,70203.873046875,25
1236,70339.228515625,25
1237,70327.13452148438,25
1238,70269.5517578125,25
1239,70182.1494140625,25
1240,70116.4833984375,25
1241,70460.46337890625,25
1242,70378.9736328125,25
1243,70292.4189453125,25
1244,70334.1220703125,25
1245,70423.71215820312,25
1246,70249.16723632812,25
1247,70221.7607421875,25
1248,70474.90014648438,25
1249,70150.5908203125,25
1250,70501.35717773438,25
1251,70241.22607421875,25
1252,70192.3623046875,25
1253,70280.10180664062,25
1254,70338.498046875,25
1255,69987.51293945312,25
1256,69861.30883789062,25
1257,70317.1279296875,25
1258,70226.69848632812,25
1259,70477.53271484375,25
1260,70316.74389648438,25
1261,70533.7470703125,25
1262,70326.3486328125,25
1263,70367.10229492188,25
1264,70437.21728515625,25
1265,70303.48974609375,25
1266,70588.49877929688,25
1267,70367.81713867188,25
1268,70128.00805664062,25
1269,70433.80200195312,25
1270,70425.2412109375,25
1271,70319.48828125,25
1272,70332.08666992188,25
1273,70405.33154296875,25
1274,70186.54760742188,25
1275,70264.14477539062,25
1276,70690.09252929688,25
1277,70109.23901367188,25
1278,70480.66357421875,25
1279,70167.54296875,25
1280,70556.11083984375,25
1281,70290.86865234375,25
1282,70233.62915039062,25
1283,70450.9228515625,25
1284,70448.2451171875,25
1285,70380.34155273438,25
1286,70344.56396484375,25
1287,70540.82885742188,25
1288,70597.3037109375,25
1289,70467.41796875,25
1290,70195.06591796875,25
1291,70439.88891601562,25
1292,70452.70532226562,25
1293,70242.49877929688,25
1294,70414.810546875,25
1295,70408.36108398438,25
1296,70352.82641601562,25
1297,70351.94140625,25
1298,70155.42822265625,25
1299,70482.8291015625,25
1300,70365.86499023438,25
1301,70591.37719726562,25
1302,70381.7646484375,25
1303,70535.7509765625,25
1304,70484.51904296875,25
1305,70533.197265625,25
1306,70681.56127929688,25
1307,70627.71508789062,25
1308,70530.92504882812,25
1309,70550.02416992188,25
1310,70761.4423828125,25
1311,70133.51049804688,25
1312,70697.14916992188,25
1313,70535.73388671875,25
1314,70538.72998046875,25
1315,70492.5546875,25
1316,70394.93823242188,25
1317,70522.63525390625,25
1318,70920.65673828125,25
1319,70501.8583984375,25
1320,70445.19165039062,25
1321,70415.14575195312,25
1322,70638.90161132812,25
1323,70355.16845703125,25
1324,70490.73950195312,25
1325,70412.0078125,25
1326,70512.48510742188,25
1327,70545.92114257812,25
1328,70548.81079101562,25
1329,70486.79760742188,25
1330,70302.43920898438,25
1331,70364.38940429688,25
1332,70650.45166015625,25
1333,70390.59692382812,25
1334,70625.16015625,25
1335,70610.61157226562,25
1336,70657.33471679688,25
1337,70690.91088867188,25
1338,70667.55834960938,25
1339,70624.38842773438,25
1340,70625.75830078125,25
1341,70678.67041015625,25
1342,70747.84106445312,25
1343,70596.96630859375,25
1344,70412.20751953125,25
1345,70385.42578125,25
1346,70424.48120117188,25
1347,70581.97998046875,25
1348,70373.4052734375,25
1349,70469.4111328125,25
1350,70339.9384765625,25
1351,70571.02612304688,25
1352,70600.951171875,25
1353,70487.12109375,25
1354,70676.35913085938,25
1355,70402.00244140625,25
1356,70503.125,25
1357,70637.359375,25
1358,70487.75439453125,25
1359,70528.26318359375,25
1360,70624.83129882812,25
1361,70497.59936523438,25
1362,70451.99609375,25
1363,70549.72265625,25
1364,70692.751953125,25
1365,70376.35107421875,25
1366,70525.0283203125,25
1367,70515.9599609375,25
1368,70423.97875976562,25
1369,70604.1337890625,25
1370,70357.01098632812,25
1371,70594.78295898438,25
1372,70332.12329101562,25
1373,70366.4892578125,25
1374,70331.07055664062,25
1375,70384.95849609375,25
1376,70325.66357421875,25
1377,70264.40502929688,25
1378,70027.47241210938,25
1379,70324.56518554688,25
1380,70321.091796875,25
1381,70502.30395507812,25
1382,70449.36157226562,25
1383,70388.76025390625,25
1384,70342.58569335938,25
1385,70205.4853515625,25
1386,70447.6806640625,25
1387,70379.08642578125,25
1388,70193.99365234375,25
1389,70559.533203125,25
1390,70330.15380859375,25
1391,70288.5078125,25
1392,70330.21337890625,25
1393,70413.30249023438,25
1394,70441.58642578125,25
1395,70520.326171875,25
1396,70353.31079101562,25
1397,70222.21728515625,25
1398,70415.57836914062,25
1399,70487.23950195312,25
1400,70452.56640625,25
1401,70827.36108398438,25
1402,70550.65991210938,25
1403,70235.86254882812,25
1404,70317.73046875,25
1405,70302.82299804688,25
1406,70429.96899414062,25
1407,70454.4619140625,25
1408,70324.3623046875,25
1409,70560.51025390625,25
1410,70252.66455078125,25
1411,70348.40087890625,25
1412,70433.29809570312,25
1413,70269.8369140625,25
1414,70430.70629882812,25
1415,70247.03051757812,25
1416,70331.04223632812,25
1417,70487.92651367188,25
1418,70479.1865234375,25
1419,70435.708984375,25
1420,70483.7646484375,25
1421,70424.9150390625,25
1422,70388.48217773438,25
1423,70231.33959960938,25
1424,70411.26171875,25
1425,70321.97607421875,25
1426,70320.56811523438,25
1427,70574.53515625,25
1428,70417.87084960938,25
1429,70338.43725585938,25
1430,70524.68994140625,25
1431,70350.02807617188,25
1432,70519.5087890625,25
1433,70272.166015625,25
1434,70273.66333007812,25
1435,70397.56005859375,25
1436,70596.68896484375,25
1437,70299.88598632812,25
1438,70389.75561523438,25
1439,70246.83422851562,25
1440,70477.64526367188,25
1441,70489.37133789062,25
1442,70327.57348632812,25
1443,70289.44409179688,25
1444,70445.1162109375,25
1445,70453.69580078125,25
1446,70212.09619140625,25
1447,70493.783203125,25
1448,70334.99536132812,25
1449,70308.97973632812,25
1450,70245.64477539062,25
1451,70435.43188476562,25
1452,70275.263671875,25
1453,70583.09887695312,25
1454,70444.93994140625,25
1455,70423.53588867188,25
1456,70401.16870117188,25
1457,70276.40625,25
1458,70585.6123046875,25
1459,70383.87060546875,25
1460,70281.60791015625,25
1461,70473.11181640625,25
1462,70379.14453125,25
1463,70493.7939453125,25
1464,70543.64575195312,25
1465,70516.47436523438,25
1466,70445.79248046875,25
1467,70544.72509765625,25
1468,70350.58569335938,25
1469,70437.6826171875,25
1470,70629.93188476562,25
1471,70345.50439453125,25
1472,70370.92065429688,25
1473,70617.07934570312,25
1474,70274.6787109375,25
1475,70143.1201171875,25
1476,70494.80908203125,25
1477,70379.54614257812,25
1478,70281.31201171875,25
1479,70143.8349609375,25
1480,70448.42797851562,25
1481,70471.18896484375,25
1482,70492.99536132812,25
1483,70551.298828125,25
1484,70450.47216796875,25
1485,70535.26489257812,25
1486,70489.87524414062,25
1487,70412.06274414062,25
1488,70429.16357421875,25
1489,70532.59155273438,25
1490,70530.626953125,25
1491,70181.47607421875,25
1492,70603.91284179688,25
1493,70347.12133789062,25
1494,70512.54248046875,25
1495,70350.0908203125,25
1496,70292.34228515625,25
1497,70042.75927734375,25
1498,70488.83569335938,25
1499,70245.61206054688,25
1500,70156.74731445312,25
1501,69739.8173828125,25
1502,70282.05078125,25
1503,70308.1943359375,25
1504,70126.9853515625,25
1505,70098.86206054688,25
1506,70005.01831054688,25
1507,70076.4140625,25
1508,70143.98193359375,25
1509,70107.97119140625,25
1510,70327.2763671875,25
1511,70254.5078125,25
1512,70297.58520507812,25
1513,70303.65771484375,25
1514,70254.07666015625,25
1515,69915.98217773438,25
1516,70030.53002929688,25
1517,70267.64086914062,25
1518,70140.56469726562,25
1519,70178.1611328125,25
1520,70154.95166015625,25
1521,70173.87963867188,25
1522,70172.17993164062,25
1523,70404.14575195312,25
1524,70288.96997070312,25
1525,70151.9697265625,25
1526,70525.67993164062,25
1527,70273.3359375,25
1528,70349.23217773438,25
1529,70022.59228515625,25
1530,70075.64208984375,25
1531,70195.64013671875,25
1532,70205.49853515625,25
1533,70014.69677734375,25
1534,70256.13330078125,25
1535,70101.51489257812,25
1536,70088.97705078125,25
1537,70354.9443359375,25
1538,70236.93969726562,25
1539,69914.09228515625,25
1540,69994.95947265625,25
1541,70221.48803710938,25
1542,70414.32641601562,25
1543,70370.37426757812,25
1544,70347.5224609375,25
1545,70123.21240234375,25
1546,70077.1806640625,25
1547,70241.060546875,25
1548,70245.26513671875,25
1549,70490.43872070312,25
1550,70415.01025390625,25
1551,70026.97216796875,25
1552,70098.22900390625,25
1553,70149.65454101562,25
1554,70343.99682617188,25
1555,70390.08129882812,25
1556,70283.990234375,25
1557,70285.27368164062,25
1558,70195.25146484375,25
1559,70093.4033203125,25
1560,70218.41333007812,25
1561,70149.0908203125,25
1562,70168.32495117188,25
1563,70186.30053710938,25
1564,70287.07934570312,25
1565,69973.77026367188,25
1566,70259.14892578125,25
1567,70157.04125976562,25
1568,70227.30883789062,25
1569,70039.6484375,25
1570,70418.1845703125,25
1571,70071.81396484375,25
1572,70361.28857421875,25
1573,70308.9521484375,25
1574,69937.41967773438,25
1575,70188.16870117188,25
1576,69969.6474609375,25
1577,70526.57470703125,25
1578,70180.66821289062,25
1579,70323.4111328125,25
1580,70181.40673828125,25
1581,70270.685546875,25
1582,70154.64770507812,25
1583,70136.26904296875,25
1584,70388.64111328125,25
1585,70155.29321289062,25
1586,70116.56323242188,25
1587,70311.10107421875,25
1588,70279.34204101562,25
1589,70295.88842773438,25
1590,70145.044921875,25
1591,70320.34399414062,25
1592,70300.4541015625,25
1593,70260.38403320312,25
1594,70196.46215820312,25
1595,70020.90502929688,25
1596,70106.43139648438,25
1597,70204.064453125,25
1598,70143.99560546875,25
1599,70575.7958984375,25
1600,70350.75170898438,25
1601,70263.80395507812,25
1602,70321.33813476562,25
1603,70317.91821289062,25
1604,70383.4658203125,25
1605,70318.98779296875,25
1606,70333.71630859375,25
1607,70684.47338867188,25
1608,70522.84106445312,25
1609,70383.23388671875,25
1610,70288.71923828125,25
1611,70695.36596679688,25
1612,70520.27612304688,25
1613,70808.85473632812,25
1614,70825.2236328125,25
1615,71293.88452148438,25
1616,71271.90600585938,25
1617,71396.08715820312,25
1618,71447.37109375,25
1619,71203.2490234375,25
1620,71280.5849609375,25
1621,71429.3779296875,25
1622,71256.24633789062,25
1623,71593.07592773438,25
1624,71289.2978515625,25
1625,71512.48803710938,25
1626,71565.70141601562,25
1627,71305.4296875,25
1628,71650.11328125,25
1629,71611.09228515625,25
1630,71449.5771484375,25
1631,71422.767578125,25
1632,71417.46704101562,25
1633,71517.66577148438,25
1634,71635.1796875,25
1635,71462.71166992188,25
1636,71464.134765625,25
1637,71496.53149414062,25
1638,71481.82397460938,25
1639,71868.87915039062,25
1640,71500.99853515625,25
1641,71327.53442382812,25
1642,71881.0224609375,25
1643,71464.923828125,25
1644,71433.43774414062,25
1645,71484.44458007812,25
1646,71168.36401367188,25
1647,71472.22265625,25
1648,71419.36694335938,25
1649,71581.63037109375,25
1650,71444.36669921875,25
1651,71774.40771484375,25
1652,71457.6875,25
1653,71560.94213867188,25
1654,71284.787109375,25
1655,71437.82275390625,25
1656,71441.404296875,25
1657,71326.1064453125,25
1658,71716.69995117188,25
1659,71195.22265625,25
1660,71193.93041992188,25
1661,71195.03149414062,25
1662,71228.45727539062,25
1663,71195.61303710938,25
1664,71416.26098632812,25
1665,71446.79467773438,25
1666,71101.61010742188,25
1667,71274.62573242188,25
1668,70906.1767578125,25
1669,71488.46411132812,25
1670,71419.53149414062,25
1671,71311.30517578125,25
1672,71038.83251953125,25
1673,71344.94775390625,25
1674,71350.986328125,25
1675,71345.45458984375,25
1676,71242.08520507812,25
1677,71276.56518554688,25
1678,71268.83276367188,25
1679,71256.63525390625,25
1680,71112.9326171875,25
1681,71019.13647460938,25
1682,71396.642578125,25
1683,71374.91650390625,25
1684,71121.96240234375,25
1685,71208.59887695312,25
1686,71176.37573242188,25
1687,71355.1298828125,25
1688,71214.31811523438,25
1689,71289.26171875,25
1690,71236.37524414062,25
1691,71308.4462890625,25
1692,71272.427734375,25
1693,71495.08276367188,25
1694,71293.22607421875,25
1695,71199.92114257812,25
1696,71399.39184570312,25
1697,71454.365234375,25
1698,71326.29443359375,25
1699,71209.05224609375,25
1700,71237.66479492188,25
1701,71167.04736328125,25
1702,71346.06274414062,25
1703,71420.33325195312,25
1704,71215.33349609375,25
1705,71256.75756835938,25
1706,71510.93579101562,25
1707,71184.68237304688,25
1708,71341.59643554688,25
1709,71248.11767578125,25
1710,71363.82104492188,25
1711,71338.1015625,25
1712,71523.57592773438,25
1713,71137.25146484375,25
1714,71268.87353515625,25
1715,71638.05297851562,25
1716,70960.80688476562,25
1717,71344.47119140625,25
1718,71094.623046875,25
1719,71527.10717773438,25
1720,71434.6787109375,25
1721,71549.041015625,25
1722,71265.30810546875,25
1723,71482.1953125,25
1724,71160.64428710938,25
1725,71319.81298828125,25
1726,71316.38427734375,25
1727,71455.70751953125,25
1728,71001.9951171875,25
1729,71258.28051757812,25
1730,71243.81494140625,25
1731,71256.00170898438,25
1732,71235.68481445312,25
1733,71247.41967773438,25
1734,70995.08520507812,25
1735,71400.27709960938,25
1736,71279.25512695312,25
1737,71161.83740234375,25
1738,71189.18579101562,25
1739,71195.57080078125,25
1740,71296.06127929688,25
1741,71197.91381835938,25
1742,71218.9189453125,25
1743,71466.42504882812,25
1744,71436.73095703125,25
1745,71382.75341796875,25
1746,71152.52001953125,25
1747,71262.7685546875,25
1748,71255.97192382812,25
1749,71401.93139648438,25
1750,71298.72412109375,25
1751,71445.25048828125,25
1752,71352.83349609375,25
1753,71204.64892578125,25
1754,71287.9775390625,25
1755,71420.37573242188,25
1756,71405.54150390625,25
1757,71188.90551757812,25
1758,71100.79150390625,25
1759,71248.38134765625,25
1760,71180.80029296875,25
1761,71392.25903320312,25
1762,71175.88061523438,25
1763,71169.37524414062,25
1764,71304.09057617188,25
1765,71340.7431640625,25
1766,71429.24584960938,25
1767,71301.8583984375,25
1768,71307.92407226562,25
1769,71140.06713867188,25
1770,71378.65502929688,25
1771,71472.65942382812,25
1772,71102.69897460938,25
1773,71409.42578125,25
1774,71571.53198242188,25
1775,71266.76635742188,25
1776,71138.41552734375,25
1777,71149.40795898438,25
1778,71261.8271484375,25
1779,71121.9091796875,25
1780,71236.82592773438,25
1781,71149.48754882812,25
1782,71166.95947265625,25
1783,71277.93530273438,25
1784,71281.11254882812,25
1785,71429.56591796875,25
1786,71302.61010742188,25
1787,71231.41186523438,25
1788,71284.38623046875,25
1789,71253.62377929688,25
1790,71185.52734375,25
1791,71406.99682617188,25
1792,71242.14892578125,25
1793,71300.38623046875,25
1794,71209.96166992188,25
1795,71253.49462890625,25
1796,71378.31494140625,25
1797,71250.29833984375,25
1798,71361.02099609375,25
1799,71370.69750976562,25
1800,71062.42993164062,25
1801,71084.8671875,25
1802,71229.49853515625,25
1803,71130.05981445312,25
1804,71158.82568359375,25
1805,71192.90698242188,25
1806,71207.10595703125,25
1807,71360.69384765625,25
1808,71254.55053710938,25
1809,71286.623046875,25
1810,71327.97338867188,25
1811,71225.63110351562,25
1812,71214.20483398438,25
1813,71439.07934570312,25
1814,71297.96752929688,25
1815,71335.9013671875,25
1816,71359.27661132812,25
1817,71189.1337890625,25
1818,71369.20532226562,25
1819,71462.01684570312,25
1820,71228.31665039062,25
1821,71274.70727539062,25
1822,71021.75708007812,25
1823,71133.779296875,25
1824,71369.04541015625,25
1825,71257.67211914062,25
1826,71277.73681640625,25
1827,71075.70483398438,25
1828,71029.41821289062,25
1829,71298.94116210938,25
1830,71210.34741210938,25
1831,71125.35961914062,25
1832,71111.91162109375,25
1833,71185.75146484375,25
1834,71193.91625976562,25
1835,71226.64331054688,25
1836,71216.73779296875,25
1837,70978.7470703125,25
1838,71226.21655273438,25
1839,71195.85180664062,25
1840,71572.833984375,25
1841,71235.74755859375,25
1842,71452.44189453125,25
1843,71269.98779296875,25
1844,71340.2392578125,25
1845,71269.53857421875,25
1846,71437.56640625,25
1847,71619.5732421875,25
1848,71275.51538085938,25
1849,71184.89379882812,25
1850,71410.04418945312,25
1851,71055.07348632812,25
1852,71165.1875,25
1853,71417.7705078125,25
1854,71249.07958984375,25
1855,71465.029296875,25
1856,71326.3984375,25
1857,71287.35131835938,25
1858,71191.28125,25
1859,71189.39965820312,25
1860,71247.66821289062,25
1861,71352.095703125,25
1862,71381.0244140625,25
1863,71403.82788085938,25
1864,71312.21899414062,25
1865,71286.14575195312,25
1866,71263.39282226562,25
1867,71427.38671875,25
1868,71559.42504882812,25
1869,71447.171875,25
1870,71046.3583984375,25
1871,71615.93383789062,25
1872,71370.60913085938,25
1873,71493.44482421875,25
1874,71253.67578125,25
1875,71422.00317382812,25
1876,71200.03930664062,25
1877,71158.90673828125,25
1878,71215.0947265625,25
1879,71341.92944335938,25
1880,71279.21997070312,25
1881,71519.7265625,25
1882,71431.03833007812,25
1883,71290.67016601562,25
1884,71143.11206054688,25
1885,71703.55004882812,25
1886,71415.41748046875,25
1887,71442.53515625,25
1888,71516.78588867188,25
1889,71506.1484375,25
1890,71556.02221679688,25
1891,71704.84252929688,25
1892,71709.16284179688,25
1893,71528.48046875,25
1894,71597.84497070312,25
1895,71787.99487304688,25
1896,71990.6513671875,25
1897,71761.80712890625,25
1898,71724.24145507812,25
1899,72013.97241210938,25
1900,71783.51513671875,25
1901,71853.01245117188,25
1902,71982.13232421875,25
1903,71925.41772460938,25
1904,71736.99755859375,25
1905,72077.70458984375,25
1906,71852.71240234375,25
1907,71683.34741210938,25
1908,71949.9970703125,25
1909,71551.76000976562,25
1910,71437.05517578125,25
1911,71807.27978515625,25
1912,71605.71313476562,25
1913,71818.16137695312,25
1914,71537.2275390625,25
1915,71898.30224609375,25
1916,71782.04663085938,25
1917,71697.85815429688,25
1918,71910.4140625,25
1919,71893.71557617188,25
1920,71552.94995117188,25
1921,71787.75439453125,25
1922,71710.19506835938,25
1923,71859.49267578125,25
1924,71737.61059570312,25
1925,71722.78295898438,25
1926,71626.17236328125,25
1927,71885.52465820312,25
1928,71802.96264648438,25
1929,71920.34716796875,25
1930,71813.8310546875,25
1931,71827.00952148438,25
1932,71897.17504882812,25
1933,71819.26049804688,25
1934,71860.06640625,25
1935,71774.705078125,25
1936,71803.83911132812,25
1937,71562.10180664062,25
1938,71968.72045898438,25
1939,71811.99438476562,25
1940,71757.09594726562,25
1941,71647.8359375,25
1942,71873.2568359375,25
1943,71896.27685546875,25
1944,71839.23706054688,25
1945,71782.888671875,25
1946,71952.88500976562,25
1947,71880.10693359375,25
1948,71704.17700195312,25
1949,71930.39331054688,25
1950,71739.033203125,25
1951,71817.89599609375,25
1952,71819.38403320312,25
1953,71810.06176757812,25
1954,71970.134765625,25
1955,71618.79833984375,25
1956,71600.36596679688,25
1957,71900.41845703125,25
1958,71734.53881835938,25
1959,71676.67602539062,25
1960,71853.84521484375,25
1961,71600.40283203125,25
1962,71774.76684570312,25
1963,71574.35595703125,25
1964,71609.8310546875,25
1965,72047.97021484375,25
1966,71470.6630859375,25
1967,71557.7880859375,25
1968,71617.2744140625,25
1969,71465.5703125,25
1970,71105.75268554688,25
1971,71535.5390625,25
1972,71449.05078125,25
1973,71345.68017578125,25
1974,71294.35620117188,25
1975,71417.71875,25
1976,71364.51293945312,25
1977,71238.65014648438,25
1978,71307.23852539062,25
1979,71232.916015625,25
1980,71550.5888671875,25
1981,71267.57641601562,25
1982,71173.2529296875,25
1983,71277.669921875,25
1984,71327.86987304688,25
1985,71106.28979492188,25
1986,71316.0400390625,25
1987,71591.38012695312,25
1988,71356.833984375,25
1989,71078.494140625,25
1990,71321.15600585938,25
1991,71685.03173828125,25
1992,71548.46118164062,25
1993,71267.94555664062,25
1994,71225.8955078125,25
1995,71292.88500976562,25
1996,71306.16796875,25
1997,71380.14111328125,25
1998,71359.6611328125,25
1999,71368.11010742188,25
2000,71222.40087890625,25
2001,71241.67407226562,25
2002,71369.87841796875,25
2003,71449.45581054688,25
2004,71396.66845703125,25
2005,71408.67578125,25
2006,71706.05078125,25
2007,71372.91064453125,25
2008,71448.99194335938,25
2009,71284.75830078125,25
2010,71274.82568359375,25
2011,71573.763671875,25
2012,71386.90112304688,25
2013,71627.1181640625,25
2014,71489.5732421875,25
2015,71661.97338867188,25
2016,71283.3369140625,25
2017,71711.61938476562,25
2018,71478.16821289062,25
2019,71373.51147460938,25
2020,71488.9482421875,25
2021,71520.560546875,25
2022,71317.88842773438,25
2023,71749.5419921875,25
2024,71646.08984375,25
2025,71582.97436523438,25
2026,71620.65698242188,25
2027,71342.26440429688,25
2028,71584.63598632812,25
2029,71606.40844726562,25
2030,71657.13208007812,25
2031,71396.4833984375,25
2032,71550.5009765625,25
2033,71175.90209960938,25
2034,71376.72680664062,25
2035,71402.06079101562,25
2036,71514.65258789062,25
2037,71581.38232421875,25
2038,71496.81958007812,25
2039,71279.94799804688,25
2040,71612.70874023438,25
2041,71442.84716796875,25
2042,71700.08837890625,25
2043,71621.94091796875,25
2044,71713.49194335938,25
2045,71632.56127929688,25
2046,71555.22021484375,25
2047,71396.060546875,25
2048,71407.21728515625,25
2049,71544.44482421875,25
2050,71561.34790039062,25
2051,71536.85961914062,25
2052,71420.37548828125,25
2053,71473.48608398438,25
2054,71420.99853515625,25
2055,71781.53588867188,25
2056,71680.404296875,25
2057,71580.4248046875,25
2058,71482.98901367188,25
2059,71415.4267578125,25
2060,71579.16821289062,25
2061,71453.76733398438,25
2062,71631.255859375,25
2063,71364.29418945312,25
2064,71638.18017578125,25
2065,71709.70385742188,25
2066,71488.00659179688,25
2067,71504.62719726562,25
2068,71255.76684570312,25
2069,71402.28540039062,25
2070,71356.0302734375,25
2071,71332.72729492188,25
2072,71423.32788085938,25
2073,71497.29858398438,25
2074,71630.3037109375,25
2075,71379.6982421875,25
2076,71343.67309570312,25
2077,71422.091796875,25
2078,71324.78076171875,25
2079,71176.10717773438,25
2080,70939.75537109375,25
2081,71141.10815429688,25
2082,71123.8466796875,25
2083,71134.3701171875,25
2084,71014.29565429688,25
2085,71071.54345703125,25
2086,71120.16723632812,25
2087,71100.7109375,25
2088,70982.80810546875,25
2089,70964.74072265625,25
2090,71228.28442382812,25
2091,71055.81713867188,25
2092,71339.140625,25
2093,70974.73852539062,25
2094,70904.93676757812,25
2095,71084.66333007812,25
2096,71081.59692382812,25
2097,71161.0498046875,25
2098,70923.86474609375,25
2099,70780.84301757812,25
2100,70894.96435546875,25
2101,71179.99169921875,25
2102,70923.29956054688,25
2103,70976.53735351562,25
2104,70783.62451171875,25
2105,70669.36083984375,25
2106,70568.67504882812,25
2107,70927.32495117188,25
2108,70911.12841796875,25
2109,70988.21801757812,25
2110,70841.7578125,25
2111,70755.48999023438,25
2112,70791.32055664062,25
2113,71051.0732421875,25
2114,70711.78735351562,25
2115,70886.23974609375,25
2116,70936.07104492188,25
2117,70656.72729492188,25
2118,70704.00732421875,25
2119,70597.79931640625,25
2120,70974.71997070312,25
2121,70958.60131835938,25
2122,70776.55297851562,25
2123,70737.80590820312,25
2124,70956.10375976562,25
2125,70693.27758789062,25
2126,70694.54370117188,25
2127,70857.56616210938,25
2128,71040.10668945312,25
2129,70773.978515625,25
2130,71060.58618164062,25
2131,70761.81787109375,25
2132,70908.13232421875,25
2133,70928.693359375,25
2134,71034.51904296875,25
2135,70812.82104492188,25
2136,70779.74951171875,25
2137,70795.61645507812,25
2138,70637.736328125,25
2139,70897.84521484375,25
2140,70919.62255859375,25
2141,70643.20068359375,25
2142,70865.78637695312,25
2143,71028.5234375,25
2144,70905.3876953125,25
2145,70803.58764648438,25
2146,70894.55834960938,25
2147,70717.20458984375,25
2148,70900.044921875,25
2149,71022.63720703125,25
2150,70757.51000976562,25
2151,70807.70141601562,25
2152,70951.02807617188,25
2153,70910.33764648438,25
2154,70558.45581054688,25
2155,70674.33178710938,25
2156,70651.712890625,25
2157,70713.0830078125,25
2158,70686.197265625,25
2159,70729.39599609375,25
2160,70685.21533203125,25
2161,70792.40625,25
2162,70783.25146484375,25
2163,70792.66186523438,25
2164,70718.12255859375,25
2165,70822.15405273438,25
2166,70771.53759765625,25
2167,70969.44970703125,25
2168,70973.48901367188,25
2169,70716.6884765625,25
2170,70826.0771484375,25
2171,70987.24975585938,25
2172,70756.509765625,25
2173,70924.81762695312,25
2174,71094.72021484375,25
2175,70931.205078125,25
2176,71004.56372070312,25
2177,70787.63330078125,25
2178,70866.5556640625,25
2179,70849.50146484375,25
2180,70981.43969726562,25
2181,70923.64697265625,25
2182,70646.46215820312,25
2183,71011.92211914062,25
2184,71072.2373046875,25
2185,71163.95776367188,25
2186,70907.04760742188,25
2187,70955.10278320312,25
2188,71134.1513671875,25
2189,70997.69506835938,25
2190,71144.85815429688,25
2191,70930.82958984375,25
2192,71121.98706054688,25
2193,71108.26416015625,25
2194,70872.63159179688,25
2195,71144.97216796875,25
2196,71011.45971679688,25
2197,70984.84375,25
2198,70919.63989257812,25
2199,70958.97387695312,25
2200,70951.09375,25
2201,71001.68872070312,25
2202,71054.03564453125,25
2203,71121.2294921875,25
2204,71209.3505859375,25
2205,71172.82958984375,25
2206,70915.35327148438,25
2207,70967.69091796875,25
2208,71031.36669921875,25
2209,71050.16650390625,25
2210,71095.18237304688,25
2211,71007.70239257812,25
2212,71307.23120117188,25
2213,71089.82373046875,25
2214,70837.3369140625,25
2215,71285.59106445312,25
2216,70908.29858398438,25
2217,71085.7275390625,25
2218,71008.59033203125,25
2219,71209.04223632812,25
2220,71247.52856445312,25
2221,71286.36987304688,25
2222,70864.22265625,25
2223,70976.86059570312,25
2224,71152.1611328125,25
2225,70843.4345703125,25
2226,71172.3916015625,25
2227,71058.69775390625,25
2228,70991.046875,25
2229,71031.54418945312,25
2230,71120.86669921875,25
2231,70993.24047851562,25
2232,70775.40161132812,25
2233,71037.31689453125,25
2234,70914.66943359375,25
2235,71015.97973632812,25
2236,70899.24047851562,25
2237,70949.13159179688,25
2238,71137.68896484375,25
2239,70963.654296875,25
2240,71535.20629882812,25
2241,71396.69995117188,25
2242,70995.98901367188,25
2243,71442.95629882812,25
2244,71306.32934570312,25
2245,71224.55786132812,25
2246,71234.83374023438,25
2247,71251.95361328125,25
2248,71270.41040039062,25
2249,71565.640625,25
2250,71729.07250976562,25
2251,71593.13256835938,25
2252,71633.62744140625,25
2253,71583.6884765625,25
2254,71605.9541015625,25
2255,71438.46118164062,25
2256,71457.76708984375,25
2257,71635.77124023438,25
2258,71269.62915039062,25
2259,71443.74047851562,25
2260,71553.00927734375,25
2261,71350.26098632812,25
2262,71586.13256835938,25
2263,71408.4248046875,25
2264,71715.62963867188,25
2265,71445.85888671875,25
2266,71410.59033203125,25
2267,71511.30200195312,25
2268,71630.830078125,25
2269,71593.41479492188,25
2270,71586.78173828125,25
2271,71249.45263671875,25
2272,71592.80200195312,25
2273,71533.83740234375,25
2274,71508.20922851562,25
2275,71401.29321289062,25
2276,71475.53491210938,25
2277,71354.2783203125,25
2278,71593.92456054688,25
2279,71328.009765625,25
2280,71501.48217773438,25
2281,71266.5009765625,25
2282,71354.53125,25
2283,71578.1494140625,25
2284,71508.54663085938,25
2285,71674.45458984375,25
2286,71634.07275390625,25
2287,71476.49389648438,25
2288,71742.46533203125,25
2289,71678.41259765625,25
2290,71784.0888671875,25
2291,71578.05810546875,25
2292,71393.57373046875,25
2293,71657.32543945312,25
2294,71401.20043945312,25
2295,71612.13354492188,25
2296,71710.19311523438,25
2297,71521.69140625,25
2298,71632.25024414062,25
2299,71570.66235351562,25
2300,71671.62841796875,25
2301,71525.43701171875,25
2302,71686.05834960938,25
2303,71413.71728515625,25
2304,71456.18481445312,25
2305,71697.94897460938,25
2306,71609.0673828125,25
2307,71545.19165039062,25
2308,71552.23754882812,25
2309,71515.14575195312,25
2310,71594.2265625,25
2311,71222.6337890625,25
2312,71744.251953125,25
2313,71713.74755859375,25
2314,71663.71826171875,25
2315,71749.70556640625,25
2316,71383.88647460938,25
2317,71836.10375976562,25
2318,71636.20581054688,25
2319,71633.75244140625,25
2320,71728.78735351562,25
2321,71465.404296875,25
2322,71425.01000976562,25
2323,71423.01000976562,25
2324,71434.64282226562,25
2325,71558.11108398438,25
2326,71468.37158203125,25
2327,71474.99975585938,25
2328,71574.11889648438,25
2329,71488.66918945312,25
2330,71433.66650390625,25
2331,71277.22583007812,25
2332,71249.89575195312,25
2333,71727.25415039062,25
2334,71392.37939453125,25
2335,71595.57470703125,25
2336,71582.2568359375,25
2337,71721.18139648438,25
2338,71497.33178710938,25
2339,71628.14404296875,25
2340,71440.08618164062,25
2341,71440.39379882812,25
2342,71723.19506835938,25
2343,71548.5888671875,25
2344,71665.54711914062,25
2345,71338.47924804688,25
2346,71803.23217773438,25
2347,71490.18286132812,25
2348,71703.15478515625,25
2349,71608.14086914062,25
2350,71525.39013671875,25
2351,71517.83422851562,25
2352,71625.86401367188,25
2353,71590.54443359375,25
2354,71651.654296875,25
2355,71808.08984375,25
2356,71489.96850585938,25
2357,71415.42309570312,25
2358,71513.02001953125,25
2359,71622.03100585938,25
2360,71547.24267578125,25
2361,71530.19116210938,25
2362,71434.3779296875,25
2363,71331.22021484375,25
2364,71517.58959960938,25
2365,71614.2958984375,25
2366,71583.654296875,25
2367,71443.11743164062,25
2368,71513.16650390625,25
2369,71759.70849609375,25
2370,71534.02294921875,25
2371,71584.3037109375,25
2372,71360.03637695312,25
2373,71385.697265625,25
2374,71402.09228515625,25
2375,71872.23046875,25
2376,71755.12548828125,25
2377,71521.8349609375,25
2378,71662.10131835938,25
2379,71727.482421875,25
2380,71419.3330078125,25
2381,71678.89135742188,25
2382,71484.50927734375,25
2383,71901.572265625,25
2384,71799.04443359375,25
2385,71651.5478515625,25
2386,71701.1376953125,25
2387,71850.24389648438,25
2388,71621.3193359375,25
2389,71705.75439453125,25
2390,71710.81909179688,25
2391,71550.03564453125,25
2392,71711.75244140625,25
2393,71794.74291992188,25
2394,71786.95849609375,25
2395,71597.908203125,25
2396,71825.98168945312,25
2397,71806.22607421875,25
2398,71631.66845703125,25
2399,71715.95947265625,25
2400,71851.5908203125,25
2401,71469.74243164062,25
2402,71838.392578125,25
2403,71742.30541992188,25
2404,71814.8173828125,25
2405,72080.52734375,25
2406,71712.853515625,25
2407,71634.88159179688,25
2408,71850.82495117188,25
2409,71777.10961914062,25
2410,71807.67431640625,25
2411,71753.22705078125,25
2412,71851.96044921875,25
2413,71722.92993164062,25
2414,71848.73266601562,25
2415,71800.21728515625,25
2416,71623.65576171875,25
2417,71771.458984375,25
2418,71877.0546875,25
2419,71964.72583007812,25
2420,71660.99584960938,25
2421,71629.55346679688,25
2422,71888.40014648438,25
2423,71654.880859375,25
2424,71818.39331054688,25
2425,71762.19409179688,25
2426,71756.42749023438,25
2427,71876.11694335938,25
2428,71773.5166015625,25
2429,71674.20678710938,25
2430,71769.28979492188,25
2431,71689.67822265625,25
2432,71796.90356445312,25
2433,71735.70458984375,25
2434,71534.46606445312,25
2435,71351.87084960938,25
2436,71501.72485351562,25
2437,71360.76806640625,25
2438,71385.38623046875,25
2439,71543.75,25
2440,71505.23461914062,25
2441,71459.2861328125,25
2442,71561.21508789062,25
2443,71423.326171875,25
2444,71587.71459960938,25
2445,71552.47509765625,25
2446,71719.11889648438,25
2447,71550.2744140625,25
2448,71495.00708007812,25
2449,71715.1328125,25
2450,71583.4755859375,25
2451,71565.09619140625,25
2452,71623.65209960938,25
2453,71665.83569335938,25
2454,71611.85034179688,25
2455,71417.40893554688,25
2456,71609.39086914062,25
2457,71441.92846679688,25
2458,71613.29931640625,25
2459,71729.77783203125,25
2460,71584.55151367188,25
2461,71528.92651367188,25
2462,71576.31420898438,25
2463,71427.89453125,25
2464,71689.27587890625,25
2465,71735.947265625,25
2466,71416.35302734375,25
2467,71802.74047851562,25
2468,71815.22875976562,25
2469,71564.1728515625,25
2470,71601.90942382812,25
2471,71596.51538085938,25
2472,71578.0205078125,25
2473,71495.3115234375,25
2474,71728.89453125,25
2475,71332.49365234375,25
2476,71563.13134765625,25
2477,71611.95654296875,25
2478,71452.56030273438,25
2479,71723.42602539062,25
2480,71285.7568359375,25
2481,71585.89282226562,25
2482,71448.083984375,25
2483,71743.03295898438,25
2484,71515.12084960938,25
2485,71285.51245117188,25
2486,71326.8779296875,25
2487,71527.19555664062,25
2488,71655.64379882812,25
2489,71474.76635742188,25
2490,71673.40234375,25
2491,71540.34790039062,25
2492,71307.25122070312,25
2493,71845.8310546875,25
2494,71706.00366210938,25
2495,71588.201171875,25
2496,71623.98193359375,25
2497,71752.15576171875,25
2498,71485.05590820312,25
2499,71437.96435546875,25
2500,71434.48999023438,25
2501,71490.97436523438,25
2502,71571.77685546875,25
2503,71533.556640625,25
2504,71781.77124023438,25
2505,71465.17236328125,25
2506,71613.74096679688,25
2507,71569.06274414062,25
2508,71397.86962890625,25
2509,71395.60693359375,25
2510,71493.96166992188,25
2511,71574.27001953125,25
2512,71726.11206054688,25
2513,71471.509765625,25
2514,71724.18383789062,25
2515,71313.93408203125,25
2516,71619.18432617188,25
2517,71611.58618164062,25
2518,71516.92749023438,25
2519,71427.92236328125,25
2520,71556.548828125,25
2521,71374.80322265625,25
2522,71462.98901367188,25
2523,71445.37963867188,25
2524,71521.59545898438,25
2525,71635.43505859375,25
2526,71545.26440429688,25
2527,71341.75170898438,25
2528,71554.46704101562,25
2529,71436.69018554688,25
2530,71550.40698242188,25
2531,71528.4052734375,25
2532,71600.34326171875,25
2533,71435.09716796875,25
2534,71433.99731445312,25
2535,71456.62744140625,25
2536,71345.04223632812,25
2537,71545.97338867188,25
2538,71384.966796875,25
2539,71490.59252929688,25
2540,71693.009765625,25
2541,71594.6201171875,25
2542,71456.30517578125,25
2543,71653.47314453125,25
2544,71291.03491210938,25
2545,71455.43286132812,25
2546,71628.60986328125,25
2547,71740.6611328125,25
2548,71411.62744140625,25
2549,71602.396484375,25
2550,71559.7109375,25
2551,71427.16650390625,25
2552,71609.96948242188,25
2553,71466.81103515625,25
2554,71588.53125,25
2555,71572.7470703125,25
2556,71693.09643554688,25
2557,71926.6845703125,25
2558,71967.76928710938,25
2559,71810.88891601562,25
2560,71819.3837890625,25
2561,71869.36791992188,25
2562,71969.55541992188,25
2563,71944.27709960938,25
2564,71980.68286132812,25
2565,71840.66040039062,25
2566,72024.73046875,25
2567,72000.3017578125,25
2568,72023.06860351562,25
2569,72015.10400390625,25
2570,71973.46264648438,25
2571,71960.140625,25
2572,72035.54321289062,25
2573,71977.65747070312,25
2574,72001.52001953125,25
2575,72090.5205078125,25
2576,72000.59521484375,25
2577,71965.58374023438,25
2578,72028.47387695312,25
2579,72071.30029296875,25
2580,71977.33959960938,25
2581,72008.66552734375,25
2582,71988.52709960938,25
2583,72334.90844726562,25
2584,72148.88427734375,25
2585,72084.09057617188,25
2586,71870.90576171875,25
2587,71986.255859375,25
2588,72184.67260742188,25
2589,71797.26293945312,25
2590,72046.94067382812,25
2591,71838.18188476562,25
2592,72010.97143554688,25
2593,71944.169921875,25
2594,72018.9111328125,25
2595,71736.59399414062,25
2596,71817.37231445312,25
2597,72188.77758789062,25
2598,72181.3037109375,25
2599,72082.04516601562,25
2600,72043.30786132812,25
2601,72019.48681640625,25
2602,72091.7568359375,25
2603,72059.734375,25
2604,72031.76416015625,25
2605,72111.63916015625,25
2606,71901.48583984375,25
2607,72129.92407226562,25
2608,71968.08422851562,25
2609,72272.13159179688,25
2610,71779.89404296875,25
2611,71968.0400390625,25
2612,71889.79077148438,25
2613,71969.71850585938,25
2614,71758.66748046875,25
2615,71841.55883789062,25
2616,72181.0498046875,25
2617,71892.9912109375,25
2618,72004.59521484375,25
2619,71985.06762695312,25
2620,72171.18383789062,25
2621,72012.88842773438,25
2622,72104.26586914062,25
2623,71990.98608398438,25
2624,71903.8310546875,25
2625,72071.78857421875,25
2626,72024.48486328125,25
2627,72012.43994140625,25
2628,72223.3076171875,25
2629,72134.01831054688,25
2630,71920.31372070312,25
2631,71876.70190429688,25
2632,72000.81884765625,25
2633,72084.06518554688,25
2634,71850.21850585938,25
2635,72017.76611328125,25
2636,72143.1103515625,25
2637,71869.35107421875,25
2638,71991.140625,25
2639,71947.43774414062,25
2640,72122.77294921875,25
2641,72234.21337890625,25
2642,72058.20239257812,25
2643,71928.91284179688,25
2644,71863.65966796875,25
2645,71844.98608398438,25
2646,71985.39379882812,25
2647,71978.44555664062,25
2648,71716.61181640625,25
2649,71868.46508789062,25
2650,71841.46508789062,25
2651,71754.37622070312,25
2652,72145.35668945312,25
2653,71951.30053710938,25
2654,71889.8212890625,25
2655,72049.00805664062,25
2656,71881.35375976562,25
2657,71928.921875,25
2658,72357.27270507812,25
2659,72028.50073242188,25
2660,72079.94409179688,25
2661,72004.18627929688,25
2662,72040.66455078125,25
2663,72236.60302734375,25
2664,71967.74340820312,25
2665,71948.44262695312,25
2666,72045.13598632812,25
2667,71887.97314453125,25
2668,72090.92016601562,25
2669,72137.84594726562,25
2670,72018.86254882812,25
2671,72040.02221679688,25
2672,72169.58325195312,25
2673,72079.52099609375,25
2674,71859.6552734375,25
2675,71911.49658203125,25
2676,71861.89770507812,25
2677,72005.26928710938,25
2678,71920.15893554688,25
2679,72193.71411132812,25
2680,72035.74169921875,25
2681,71866.58471679688,25
2682,72012.865234375,25
2683,71956.18676757812,25
2684,72030.322265625,25
2685,72047.18310546875,25
2686,71930.91235351562,25
2687,72023.04956054688,25
2688,72025.19458007812,25
2689,71984.19018554688,25
2690,72034.79150390625,25
2691,71938.39599609375,25
2692,72004.84887695312,25
2693,71862.20874023438,25
2694,71978.09790039062,25
2695,71913.76953125,25
2696,72015.63037109375,25
2697,71907.09057617188,25
2698,71881.77172851562,25
2699,72162.96264648438,25
2700,72065.5498046875,25
2701,72168.23461914062,25
2702,71968.20141601562,25
2703,72089.19189453125,25
2704,72098.70971679688,25
2705,71926.35498046875,25
2706,72201.63940429688,25
2707,71977.314453125,25
2708,72113.62939453125,25
2709,71925.28002929688,25
2710,71988.36547851562,25
2711,71832.94482421875,25
2712,71987.40258789062,25
2713,71974.33569335938,25
2714,72103.24609375,25
2715,72095.42309570312,25
2716,71975.20971679688,25
2717,72107.86596679688,25
2718,72178.45532226562,25
2719,72111.17724609375,25
2720,71957.36108398438,25
2721,71823.83447265625,25
2722,71780.63745117188,25
2723,71789.5498046875,25
2724,71778.42797851562,25
2725,71933.509765625,25
2726,71607.5302734375,25
2727,71922.07250976562,25
2728,72067.353515625,25
2729,72133.30126953125,25
2730,71938.896484375,25
2731,72115.81005859375,25
2732,71749.00268554688,25
2733,71914.75073242188,25
2734,71871.04711914062,25
2735,72089.07446289062,25
2736,71923.79223632812,25
2737,71685.92797851562,25
2738,71965.36987304688,25
2739,71952.80834960938,25
2740,72114.099609375,25
2741,71833.83715820312,25
2742,72146.85205078125,25
2743,71948.1728515625,25
2744,71938.43359375,25
2745,72171.98120117188,25
2746,71827.107421875,25
2747,72193.06640625,25
2748,71803.96899414062,25
2749,72074.46484375,25
2750,71868.40380859375,25
2751,71904.87255859375,25
2752,72202.11401367188,25
2753,72006.99072265625,25
2754,71896.31372070312,25
2755,71971.27954101562,25
2756,71873.82666015625,25
2757,72092.33227539062,25
2758,72097.73828125,25
2759,72214.21166992188,25
2760,71986.16870117188,25
2761,72095.26171875,25
2762,71805.86328125,25
2763,72057.89916992188,25
2764,71996.80712890625,25
2765,71955.02465820312,25
2766,71886.5048828125,25
2767,72200.77026367188,25
2768,72040.70727539062,25
2769,72229.00073242188,25
2770,72074.86059570312,25
2771,71766.42236328125,25
2772,71863.65185546875,25
2773,71947.38623046875,25
2774,71967.59228515625,25
2775,72080.44287109375,25
2776,71720.82983398438,25
2777,72049.87817382812,25
2778,71976.3583984375,25
2779,71728.13354492188,25
2780,71638.6337890625,25
2781,71927.77734375,25
2782,71895.72387695312,25
2783,71766.0234375,25
2784,72109.2333984375,25
2785,72093.669921875,25
2786,71843.7880859375,25
2787,71972.62890625,25
2788,72015.21826171875,25
2789,72021.322265625,25
2790,71757.42211914062,25
2791,72112.68896484375,25
2792,72074.24731445312,25
2793,71998.79711914062,25
2794,71997.76440429688,25
2795,72024.94604492188,25
2796,71826.33984375,25
2797,71977.90576171875,25
2798,71849.322265625,25
2799,71830.01318359375,25
2800,71922.22509765625,25
2801,72010.22998046875,25
2802,71913.94067382812,25
2803,72001.48681640625,25
2804,71863.56127929688,25
2805,71930.80541992188,25
2806,71815.88940429688,25
2807,71736.23706054688,25
2808,71900.96362304688,25
2809,72065.65844726562,25
2810,71963.97998046875,25
2811,71975.9248046875,25
2812,71797.0546875,25
2813,71928.416015625,25
2814,72023.8505859375,25
2815,71847.21606445312,25
2816,72031.17626953125,25
2817,71800.34204101562,25
2818,72029.16674804688,25
2819,71892.70581054688,25
2820,71906.52587890625,25
2821,71943.42700195312,25
2822,71859.94311523438,25
2823,71572.2099609375,25
2824,72153.17211914062,25
2825,72075.97485351562,25
2826,71958.29028320312,25
2827,71888.927734375,25
2828,71971.75463867188,25
2829,72127.69189453125,25
2830,71890.58276367188,25
2831,72006.43872070312,25
2832,72098.66186523438,25
2833,71890.48168945312,25
2834,71859.76708984375,25
2835,71988.07495117188,25
2836,71949.51440429688,25
2837,71991.21801757812,25
2838,71899.85400390625,25
2839,72115.6162109375,25
2840,72057.53979492188,25
2841,72104.3720703125,25
2842,72020.36596679688,25
2843,72041.44458007812,25
2844,71951.94360351562,25
2845,72000.205078125,25
2846,71956.169921875,25
2847,71901.2763671875,25
2848,71931.9306640625,25
2849,71977.03979492188,25
2850,72263.44409179688,25
2851,71915.4384765625,25
2852,71942.64111328125,25
2853,72018.64135742188,25
2854,71897.16455078125,25
2855,72123.42749023438,25
2856,71832.44799804688,25
2857,72161.67358398438,25
2858,71882.38916015625,25
2859,71919.49365234375,25
2860,71878.50952148438,25
2861,71977.36181640625,25
2862,72194.35668945312,25
2863,71750.84814453125,25
2864,71835.61743164062,25
2865,71985.18334960938,25
2866,72148.62084960938,25
2867,71984.7373046875,25
2868,72121.42456054688,25
2869,71993.314453125,25
2870,71947.65185546875,25
2871,72162.98046875,25
2872,72143.32641601562,25
2873,72066.55615234375,25
2874,71894.94897460938,25
2875,72353.53369140625,25
2876,71824.28588867188,25
2877,71975.06640625,25
2878,72107.46240234375,25
2879,72072.35375976562,25
2880,71959.10107421875,25
2881,72055.62133789062,25
2882,71834.8623046875,25
2883,71930.97045898438,25
2884,72015.29443359375,25
2885,72151.99194335938,25
2886,71986.42700195312,25
2887,72054.41479492188,25
2888,71957.27734375,25
2889,72004.93139648438,25
2890,71969.68530273438,25
2891,71871.11645507812,25
2892,71849.013671875,25
2893,71923.80615234375,25
2894,71854.36791992188,25
2895,72065.33251953125,25
2896,72115.05590820312,25
2897,71872.27368164062,25
2898,72066.66186523438,25
2899,71733.93798828125,25
2900,71927.283203125,25
2901,71855.58374023438,25
2902,72249.80126953125,25
2903,71816.08764648438,25
2904,71862.62158203125,25
2905,71846.04711914062,25
2906,71740.96704101562,25
2907,72316.19848632812,25
2908,72285.96020507812,25
2909,72023.66357421875,25
2910,72064.92333984375,25
2911,72122.15380859375,25
2912,72011.5390625,25
2913,71816.04858398438,25
2914,72109.47387695312,25
2915,71948.41845703125,25
2916,71801.79736328125,25
2917,72029.8515625,25
2918,72052.8671875,25
2919,71835.1865234375,25
2920,71920.57543945312,25
2921,71712.13500976562,25
2922,71880.28686523438,25
2923,71997.18505859375,25
2924,72006.14233398438,25
2925,71976.48217773438,25
2926,71952.7978515625,25
2927,72147.552734375,25
2928,71975.11767578125,25
2929,72019.90380859375,25
2930,71977.43310546875,25
2931,72104.8427734375,25
2932,71893.65405273438,25
2933,72091.97338867188,25
2934,71904.23217773438,25
2935,71901.95385742188,25
2936,71868.89453125,25
2937,71817.17041015625,25
2938,71991.10766601562,25
2939,72082.89672851562,25
2940,71891.76196289062,25
2941,71984.7548828125,25
2942,71874.15234375,25
2943,71883.3466796875,25
2944,71931.94702148438,25
2945,71824.9296875,25
2946,71846.12622070312,25
2947,71828.43701171875,25
2948,71793.12158203125,25
2949,72014.73706054688,25
2950,72229.02514648438,25
2951,71969.53881835938,25
2952,72146.23803710938,25
2953,72054.62329101562,25
2954,72041.32055664062,25
2955,71884.12036132812,25
2956,72111.609375,25
2957,71961.126953125,25
2958,72036.66650390625,25
2959,72125.85961914062,25
2960,71969.69848632812,25
2961,71881.0380859375,25
2962,72108.33520507812,25
2963,71747.90087890625,25
2964,72139.29516601562,25
2965,71936.34448242188,25
2966,71909.77954101562,25
2967,71900.48559570312,25
2968,71730.54516601562,25
2969,71940.57446289062,25
2970,72131.61938476562,25
2971,71974.30883789062,25
2972,72034.12231445312,25
2973,72061.88842773438,25
2974,72153.76782226562,25
2975,72047.25244140625,25
2976,71850.43041992188,25
2977,72066.20654296875,25
2978,72126.21484375,25
2979,71775.9716796875,25
2980,71804.95166015625,25
2981,72052.99365234375,25
2982,71968.58154296875,25
2983,71897.86254882812,25
2984,71811.9169921875,25
2985,71406.27661132812,25
2986,71491.85791015625,25
2987,71569.63623046875,25
2988,71456.78076171875,25
2989,71598.01928710938,25
2990,71263.55493164062,25
2991,71626.63427734375,25
2992,71649.5224609375,25
2993,71473.71826171875,25
2994,71476.84106445312,25
2995,71504.38110351562,25
2996,71554.56665039062,25
2997,71610.30346679688,25
2998,71498.55786132812,25
2999,71479.98779296875,25
3000,71507.22827148438,25
3001,71480.70092773438,25
3002,71663.83935546875,25
3003,71478.59106445312,25
3004,71482.26586914062,25
3005,71448.91821289062,25
3006,71415.33154296875,25
3007,71566.88500976562,25
3008,71494.18896484375,25
3009,71579.47778320312,25
3010,71527.99682617188,25
3011,71551.73486328125,25
3012,71602.95043945312,25
3013,71567.0830078125,25
3014,71655.60205078125,25
3015,71375.27124023438,25
3016,71532.2744140625,25
3017,71772.01098632812,25
3018,71423.9111328125,25
3019,71517.87524414062,25
3020,71468.13720703125,25
3021,71696.1943359375,25
3022,71525.3232421875,25
3023,71481.12939453125,25
3024,71465.7724609375,25
3025,71660.03100585938,25
3026,71564.11206054688,25
3027,71450.3330078125,25
3028,71596.1875,25
3029,71688.70629882812,25
3030,71353.634765625,25
3031,71486.29418945312,25
3032,71449.90258789062,25
3033,71405.20874023438,25
3034,71802.40747070312,25
3035,71635.00268554688,25
3036,71514.76318359375,25
3037,71437.22338867188,25
3038,71567.01025390625,25
3039,71415.96606445312,25
3040,71862.28515625,25
3041,71392.92065429688,25
3042,71442.33740234375,25
3043,71326.24560546875,25
3044,71524.17553710938,25
3045,71585.12622070312,25
3046,71553.98901367188,25
3047,71589.19287109375,25
3048,71631.72094726562,25
3049,71750.75244140625,25
3050,71430.85229492188,25
3051,71620.99926757812,25
3052,71549.67114257812,25
3053,71197.22680664062,25
3054,71458.87573242188,25
3055,71491.40966796875,25
3056,71675.81079101562,25
3057,71362.00805664062,25
3058,71412.17407226562,25
3059,71481.91186523438,25
3060,71592.11547851562,25
3061,71575.08862304688,25
3062,71442.47973632812,25
3063,71486.75830078125,25
3064,71622.73510742188,25
3065,71629.6337890625,25
3066,71506.16650390625,25
3067,71831.896484375,25
3068,71675.49365234375,25
3069,71551.59497070312,25
3070,71422.58715820312,25
3071,71641.68188476562,25
3072,71585.49877929688,25
3073,71550.03466796875,25
3074,71488.47973632812,25
3075,71549.17749023438,25
3076,71481.10522460938,25
3077,71523.4814453125,25
3078,71547.65478515625,25
3079,71520.73950195312,25
3080,71551.58349609375,25
3081,71692.72875976562,25
3082,71713.72290039062,25
3083,71660.35302734375,25
3084,71570.31372070312,25
3085,71631.32055664062,25
3086,71590.84008789062,25
3087,71520.81982421875,25
3088,71458.28955078125,25
3089,71852.13037109375,25
3090,71348.22485351562,25
3091,71507.35693359375,25
3092,71473.01391601562,25
3093,71614.607421875,25
3094,71641.93774414062,25
3095,71612.94970703125,25
3096,71543.28588867188,25
3097,71729.9697265625,25
3098,71669.01171875,25
3099,71540.59106445312,25
3100,71346.17163085938,25
3101,71697.8056640625,25
3102,71611.76098632812,25
3103,71500.06079101562,25
3104,71542.46020507812,25
3105,71634.30786132812,25
3106,71620.74487304688,25
3107,71754.70971679688,25
3108,71529.82836914062,25
3109,71676.29736328125,25
3110,71472.1923828125,25
3111,71573.79272460938,25
3112,71791.97900390625,25
3113,71401.6279296875,25
3114,71503.14526367188,25
3115,71606.94140625,25
3116,71450.7333984375,25
3117,71294.82592773438,25
3118,71541.59643554688,25
3119,71537.54125976562,25
3120,71603.49340820312,25
3121,71528.72705078125,25
3122,71611.23461914062,25
3123,71442.09033203125,25
3124,71760.35815429688,25
3125,71631.79028320312,25
3126,71613.75756835938,25
3127,71516.78759765625,25
3128,71349.44580078125,25
3129,71765.87255859375,25
3130,71693.13647460938,25
3131,71581.5478515625,25
3132,71337.59155273438,25
3133,71535.78491210938,25
3134,71315.17041015625,25
3135,71585.86450195312,25
3136,71549.6611328125,25
3137,71636.5078125,25
3138,71413.54760742188,25
3139,71542.24682617188,25
3140,71617.14086914062,25
3141,71620.12084960938,25
3142,71636.21899414062,25
3143,71474.86206054688,25
3144,71354.04150390625,25
3145,71396.30419921875,25
3146,71251.99169921875,25
3147,71624.39599609375,25
3148,71713.87451171875,25
3149,71490.80346679688,25
3150,71599.22509765625,25
3151,71630.32104492188,25
3152,71521.9951171875,25
3153,71514.90771484375,25
3154,71496.08935546875,25
3155,71544.251953125,25
3156,71617.67309570312,25
3157,71503.92456054688,25
3158,71462.67602539062,25
3159,71747.646484375,25
3160,71548.21459960938,25
3161,71378.158203125,25
3162,71394.0390625,25
3163,71700.73608398438,25
3164,71504.39208984375,25
3165,71672.26611328125,25
3166,71609.49487304688,25
3167,71489.27026367188,25
3168,71541.76342773438,25
3169,71416.09619140625,25
3170,71537.03491210938,25
3171,71704.83837890625,25
3172,71506.583984375,25
3173,71608.42749023438,25
3174,71523.24047851562,25
3175,71558.55712890625,25
3176,71491.8818359375,25
3177,71703.71875,25
3178,71591.81811523438,25
3179,71612.37109375,25
3180,71356.27026367188,25
3181,71460.85424804688,25
3182,71372.33862304688,25
3183,71783.13012695312,25
3184,71442.349609375,25
3185,71515.3984375,25
3186,71534.52319335938,25
3187,71670.85913085938,25
3188,71599.71142578125,25
3189,71509.25756835938,25
3190,71472.30932617188,25
3191,71578.55810546875,25
3192,71409.8701171875,25
3193,71526.15576171875,25
3194,71592.12036132812,25
3195,71509.61328125,25
3196,71837.48193359375,25
3197,71592.34497070312,25
3198,71361.85083007812,25
3199,71342.74047851562,25
3200,71419.90014648438,25
3201,71582.6455078125,25
3202,71630.9541015625,25
3203,71658.4775390625,25
3204,71582.18286132812,25
3205,71553.478515625,25
3206,71572.73779296875,25
3207,71729.34423828125,25
3208,71771.14038085938,25
3209,71527.74340820312,25
3210,71634.94873046875,25
3211,71559.14624023438,25
3212,71441.34521484375,25
3213,71555.64086914062,25
3214,71564.67602539062,25
3215,71665.85009765625,25
3216,71683.69091796875,25
3217,71702.93212890625,25
3218,71625.34521484375,25
3219,71256.05883789062,25
3220,71422.59814453125,25
3221,71616.03784179688,25
3222,71574.78442382812,25
3223,71817.97045898438,25
3224,71471.64428710938,25
3225,71505.33276367188,25
3226,71501.26733398438,25
3227,71536.46630859375,25
3228,71337.18505859375,25
3229,71795.78295898438,25
3230,71691.35180664062,25
3231,71384.84252929688,25
3232,71527.36450195312,25
3233,71663.74951171875,25
3234,71547.98095703125,25
3235,71429.07861328125,25
3236,71670.57470703125,25
3237,71477.01806640625,25
3238,71450.05541992188,25
3239,71587.94262695312,25
3240,71561.04077148438,25
3241,71719.15600585938,25
3242,71629.00439453125,25
3243,71534.77465820312,25
3244,71660.6494140625,25
3245,71422.70751953125,25
3246,71568.6796875,25
3247,71602.5146484375,25
3248,71564.25561523438,25
3249,71843.6083984375,25
3250,71415.21459960938,25
3251,71534.94873046875,25
3252,71426.81225585938,25
3253,71390.28051757812,25
3254,71767.97705078125,25
3255,71518.07177734375,25
3256,71456.494140625,25
3257,71689.14770507812,25
3258,71808.59936523438,25
3259,71565.89990234375,25
3260,71735.876953125,25
3261,71680.33251953125,25
3262,71431.94409179688,25
3263,71512.83764648438,25
3264,71696.97729492188,25
3265,71569.48657226562,25
3266,71468.39331054688,25
3267,71573.78540039062,25
3268,71662.21069335938,25
3269,71627.19018554688,25
3270,71704.3076171875,25
3271,71511.94946289062,25
3272,71628.82470703125,25
3273,71766.51196289062,25
3274,71777.3916015625,25
3275,71662.67749023438,25
3276,71373.1064453125,25
3277,71661.77099609375,25
3278,71301.72802734375,25
3279,71669.63818359375,25
3280,71786.19921875,25
3281,71586.63671875,25
3282,71670.21801757812,25
3283,71716.611328125,25
3284,71693.89184570312,25
3285,71565.90307617188,25
3286,71597.2998046875,25
3287,71744.2685546875,25
3288,71688.48583984375,25
3289,71627.08642578125,25
3290,71470.20727539062,25
3291,71504.88671875,25
3292,71857.712890625,25
3293,71678.5419921875,25
3294,71737.431640625,25
3295,71403.5595703125,25
3296,71592.47021484375,25
3297,71640.69848632812,25
3298,71552.693359375,25
3299,71565.56665039062,25
3300,71719.71728515625,25
3301,71565.34790039062,25
3302,71532.48291015625,25
3303,71644.93603515625,25
3304,71753.28930664062,25
3305,71646.25561523438,25
3306,71430.22412109375,25
3307,71661.2470703125,25
3308,71523.3369140625,25
3309,71613.84252929688,25
3310,71437.85424804688,25
3311,71661.1962890625,25
3312,71741.18603515625,25
3313,71736.18359375,25
3314,71695.81201171875,25
3315,71681.76342773438,25
3316,71340.83227539062,25
3317,71776.74829101562,25
3318,71499.99951171875,25
3319,71525.51147460938,25
3320,71777.74536132812,25
3321,71732.66625976562,25
3322,71484.82495117188,25
3323,71632.18725585938,25
3324,71464.33520507812,25
3325,71679.72534179688,25
3326,71588.71948242188,25
3327,71647.318359375,25
3328,71583.85864257812,25
3329,71515.95654296875,25
3330,71637.82421875,25
3331,71507.88500976562,25
3332,71740.00146484375,25
3333,71749.11059570312,25
3334,71424.62036132812,25
3335,71452.1708984375,25
3336,71665.673828125,25
3337,71653.04174804688,25
3338,71747.28125,25
3339,71554.23291015625,25
3340,71657.587890625,25
3341,71637.12890625,25
3342,71716.25927734375,25
3343,71663.21801757812,25
3344,71553.4619140625,25
3345,71392.89233398438,25
3346,71745.79272460938,25
3347,71793.62231445312,25
3348,71686.85546875,25
3349,71803.70874023438,25
3350,71604.77514648438,25
3351,71648.23828125,25
3352,71511.81640625,25
3353,71266.34790039062,25
3354,71554.01611328125,25
3355,71571.78247070312,25
3356,71638.3193359375,25
3357,71817.408203125,25
3358,71460.75415039062,25
3359,71666.37133789062,25
3360,71550.01098632812,25
3361,71502.83544921875,25
3362,71573.5107421875,25
3363,71317.63500976562,25
3364,71542.57202148438,25
3365,71674.3935546875,25
3366,71749.49658203125,25
3367,71805.62426757812,25
3368,71508.69140625,25
3369,71724.29565429688,25
3370,71702.796875,25
3371,71634.69604492188,25
3372,71917.07958984375,25
3373,71664.31762695312,25
3374,71653.390625,25
3375,71709.46459960938,25
3376,71807.08349609375,25
3377,71713.73266601562,25
3378,71435.21166992188,25
3379,71693.05151367188,25
3380,71912.07763671875,25
3381,71581.15869140625,25
3382,71341.38696289062,25
3383,71669.95678710938,25
3384,71459.6181640625,25
3385,71715.5048828125,25
3386,71352.09204101562,25
3387,71794.78393554688,25
3388,71158.48608398438,25
3389,71687.94482421875,25
3390,71789.54614257812,25
3391,71745.806640625,25
3392,71663.580078125,25
3393,71570.72802734375,25
3394,71943.29736328125,25
3395,71287.34106445312,25
3396,71648.69091796875,25
3397,71608.97998046875,25
3398,71492.9931640625,25
3399,71605.42236328125,25
3400,71398.25341796875,25
3401,71816.22192382812,25
3402,71561.20727539062,25
3403,71543.67260742188,25
3404,71499.72192382812,25
3405,71564.60131835938,25
3406,71533.38330078125,25
3407,71498.13842773438,25
3408,71703.76977539062,25
3409,71629.6689453125,25
3410,71499.74731445312,25
3411,71508.080078125,25
3412,71732.861328125,25
3413,71691.20336914062,25
3414,71757.96313476562,25
3415,71573.9501953125,25
3416,71613.14184570312,25
3417,71618.59155273438,25
3418,71474.22265625,25
3419,71854.298828125,25
3420,71727.17626953125,25
3421,71683.98217773438,25
3422,71400.734375,25
3423,71687.93334960938,25
3424,71756.20043945312,25
3425,71841.8681640625,25
3426,71812.47143554688,25
3427,71497.36059570312,25
3428,71801.26293945312,25
3429,71792.58447265625,25
3430,71469.52026367188,25
3431,71630.609375,25
3432,71342.48681640625,25
3433,71746.61767578125,25
3434,71687.2392578125,25
3435,71308.71337890625,25
3436,71585.79223632812,25
3437,71539.77807617188,25
3438,71629.15087890625,25
3439,71536.18408203125,25
3440,71709.31860351562,25
3441,71282.583984375,25
3442,71792.41650390625,25
3443,71749.99145507812,25
3444,71767.12109375,25
3445,71663.10546875,25
3446,71523.81884765625,25
3447,71704.24877929688,25
3448,71761.46630859375,25
3449,71400.37329101562,25
3450,71552.8271484375,25
3451,71465.67749023438,25
3452,72005.05078125,25
3453,71634.79443359375,25
3454,71746.51904296875,25
3455,71566.71655273438,25
3456,71668.38745117188,25
3457,71608.88208007812,25
3458,71575.970703125,25
3459,71642.76098632812,25
3460,71887.09033203125,25
3461,71736.49291992188,25
3462,71589.63110351562,25
3463,71513.71997070312,25
3464,71553.009765625,25
3465,71644.09594726562,25
3466,71712.00634765625,25
3467,71710.86499023438,25
3468,71483.01831054688,25
3469,71648.11328125,25
3470,71484.88500976562,25
3471,71627.59155273438,25
3472,71434.06176757812,25
3473,71635.62353515625,25
3474,71355.29541015625,25
3475,71548.99633789062,25
3476,71470.43798828125,25
3477,71560.1240234375,25
3478,71753.76123046875,25
3479,71578.1845703125,25
3480,71560.95874023438,25
3481,71599.34106445312,25
3482,71567.22509765625,25
3483,71512.43725585938,25
3484,71727.2451171875,25
3485,71579.7392578125,25
3486,71808.01123046875,25
3487,71724.73803710938,25
3488,71761.56030273438,25
3489,71494.283203125,25
3490,71435.1044921875,25
3491,71487.9501953125,25
3492,71696.9697265625,25
3493,71539.9306640625,25
3494,71622.06713867188,25
3495,71453.76635742188,25
3496,71607.037109375,25
3497,71725.47631835938,25
3498,71805.14892578125,25
3499,71525.56787109375,25
3500,71714.34130859375,25
3501,71711.54174804688,25
3502,71545.044921875,25
3503,71691.85498046875,25
3504,71562.521484375,25
3505,71653.517578125,25
3506,71470.89135742188,25
3507,71500.34985351562,25
3508,71709.892578125,25
3509,71432.64477539062,25
3510,71506.11767578125,25
3511,71424.25634765625,25
3512,71557.22998046875,25
3513,71479.80444335938,25
3514,71530.25561523438,25
3515,71543.20361328125,25
3516,71582.65307617188,25
3517,71482.88110351562,25
3518,71594.72485351562,25
3519,71742.3076171875,25
3520,71577.29809570312,25
3521,71573.47973632812,25
3522,71561.83642578125,25
3523,71590.51904296875,25
3524,71415.0048828125,25
3525,71387.83374023438,25
3526,71107.86694335938,25
3527,71127.9462890625,25
3528,71041.9150390625,25
3529,70978.36987304688,25
3530,71046.23828125,25
3531,71012.25756835938,25
3532,70631.470703125,25
3533,71177.83471679688,25
3534,70899.359375,25
3535,70850.17309570312,25
3536,71019.3330078125,25
3537,71087.09594726562,25
3538,71075.23779296875,25
3539,71225.06567382812,25
3540,71258.08569335938,25
3541,70844.82055664062,25
3542,70808.8798828125,25
3543,70942.52758789062,25
3544,70972.43725585938,25
3545,71129.64038085938,25
3546,71255.05249023438,25
3547,71245.24169921875,25
3548,71339.42114257812,25
3549,71035.0576171875,25
3550,71207.19921875,25
3551,71005.65283203125,25
3552,70963.458984375,25
3553,71061.69311523438,25
3554,70821.24536132812,25
3555,70907.47338867188,25
3556,71079.73291015625,25
3557,70846.51293945312,25
3558,71032.24682617188,25
3559,70990.63916015625,25
3560,70879.341796875,25
3561,70893.861328125,25
3562,71143.0439453125,25
3563,71096.85473632812,25
3564,70996.54174804688,25
3565,70840.12719726562,25
3566,70685.25170898438,25
3567,70930.10278320312,25
3568,71162.27368164062,25
3569,71133.5654296875,25
3570,70951.50805664062,25
3571,70986.046875,25
3572,71382.677734375,25
3573,70752.08984375,25
3574,70982.07592773438,25
3575,71054.8935546875,25
3576,70906.74609375,25
3577,70946.77221679688,25
3578,70960.09375,25
3579,70899.50927734375,25
3580,70991.47412109375,25
3581,70906.99731445312,25
3582,71282.93286132812,25
3583,71294.98168945312,25
3584,70968.8310546875,25
3585,70796.12280273438,25
3586,70978.81640625,25
3587,70966.10961914062,25
3588,71027.11645507812,25
3589,70774.837890625,25
3590,70823.70190429688,25
3591,71101.94555664062,25
3592,70926.34838867188,25
3593,70962.62817382812,25
3594,70960.92114257812,25
3595,71135.57348632812,25
3596,70879.6142578125,25
3597,71083.97143554688,25
3598,71063.32153320312,25
3599,70715.85375976562,25
3600,71201.09130859375,25
3601,70817.74658203125,25
3602,70947.48608398438,25
3603,70848.86181640625,25
3604,70936.21533203125,25
3605,70902.26196289062,25
3606,71087.62866210938,25
3607,70746.69213867188,25
3608,71019.97387695312,25
3609,70765.60693359375,25
3610,71066.15380859375,25
3611,70827.71484375,25
3612,70998.40893554688,25
3613,71017.36865234375,25
3614,70880.69482421875,25
3615,70989.46020507812,25
3616,71284.99682617188,25
3617,71138.28491210938,25
3618,71078.87084960938,25
3619,70948.58227539062,25
3620,71176.67919921875,25
3621,70908.2177734375,25
3622,70676.80151367188,25
3623,70942.6025390625,25
3624,71046.70629882812,25
3625,70866.18994140625,25
3626,70903.0634765625,25
3627,71069.97998046875,25
3628,70846.11938476562,25
3629,70667.32470703125,25
3630,70986.38891601562,25
3631,71088.44311523438,25
3632,70991.7177734375,25
3633,71035.724609375,25
3634,70957.53662109375,25
3635,71000.81225585938,25
3636,70909.83520507812,25
3637,70908.27221679688,25
3638,70795.41723632812,25
3639,71055.97387695312,25
3640,70972.26342773438,25
3641,71141.29150390625,25
3642,70964.33935546875,25
3643,70971.36743164062,25
3644,71394.79174804688,25
3645,71041.3173828125,25
3646,71075.72583007812,25
3647,70706.80444335938,25
3648,71039.62475585938,25
3649,70936.67041015625,25
3650,71240.240234375,25
3651,70943.22290039062,25
3652,71032.16943359375,25
3653,70983.4013671875,25
3654,70968.55883789062,25
3655,71133.8212890625,25
3656,70821.02612304688,25
3657,70866.10668945312,25
3658,71007.81079101562,25
3659,70936.67944335938,25
3660,71091.9482421875,25
3661,71060.91064453125,25
3662,70873.36791992188,25
3663,70848.41650390625,25
3664,71187.55200195312,25
3665,70915.05810546875,25
3666,71064.73583984375,25
3667,71139.859375,25
3668,70787.68823242188,25
3669,71182.39599609375,25
3670,70912.13256835938,25
3671,70990.06201171875,25
3672,71225.97998046875,25
3673,70948.5859375,25
3674,71112.8046875,25
3675,71078.28100585938,25
3676,70861.45678710938,25
3677,71026.5908203125,25
3678,70832.6796875,25
3679,71081.01879882812,25
3680,70922.03076171875,25
3681,70903.74633789062,25
3682,70850.00756835938,25
3683,71031.65234375,25
3684,70771.13671875,25
3685,70941.04541015625,25
3686,70860.73657226562,25
3687,71037.5458984375,25
3688,71027.76196289062,25
3689,71119.19409179688,25
3690,70821.92944335938,25
3691,71035.529296875,25
3692,70876.11840820312,25
3693,70904.58129882812,25
3694,71044.974609375,25
3695,70851.69921875,25
3696,71010.00463867188,25
3697,71165.81640625,25
3698,71082.47998046875,25
3699,71016.17626953125,25
3700,71075.36352539062,25
3701,71012.57348632812,25
3702,70737.03881835938,25
3703,70985.27319335938,25
3704,71087.29711914062,25
3705,71016.81689453125,25
3706,70937.30419921875,25
3707,71221.88500976562,25
3708,70871.02856445312,25
3709,70658.8408203125,25
3710,71028.56958007812,25
3711,71061.14282226562,25
3712,70878.57836914062,25
3713,70926.67211914062,25
3714,70948.58959960938,25
3715,70906.65283203125,25
3716,71057.00561523438,25
3717,71135.23046875,25
3718,71003.8798828125,25
3719,70781.97900390625,25
3720,70977.646484375,25
3721,70932.36865234375,25
3722,71147.67333984375,25
3723,71074.00903320312,25
3724,71123.18286132812,25
3725,71085.25512695312,25
3726,70931.2041015625,25
3727,70878.6748046875,25
3728,71003.00415039062,25
3729,70985.19165039062,25
3730,71104.77905273438,25
3731,71088.47924804688,25
3732,71157.60083007812,25
3733,70878.57104492188,25
3734,70904.73364257812,25
3735,71091.84887695312,25
3736,70795.02392578125,25
3737,71169.64575195312,25
3738,70853.21752929688,25
3739,71171.81372070312,25
3740,70929.9296875,25
3741,71313.04760742188,25
3742,70857.46533203125,25
3743,70836.30688476562,25
3744,70943.77319335938,25
3745,71088.51049804688,25
3746,71047.80639648438,25
3747,70830.47973632812,25
3748,70956.884765625,25
3749,71099.91772460938,25
3750,70888.84887695312,25
3751,70824.80541992188,25
3752,70894.583984375,25
3753,71122.36791992188,25
3754,70927.69799804688,25
3755,70958.36206054688,25
3756,70899.19775390625,25
3757,70875.00512695312,25
3758,71055.265625,25
3759,70845.99243164062,25
3760,71127.076171875,25
3761,71167.26416015625,25
3762,70978.15698242188,25
3763,70717.57495117188,25
3764,71034.89331054688,25
3765,70700.01708984375,25
3766,70886.49658203125,25
3767,70816.0673828125,25
3768,70972.71923828125,25
3769,70952.29565429688,25
3770,71063.05078125,25
3771,70853.68701171875,25
3772,70969.57836914062,25
3773,70956.66259765625,25
3774,70858.47924804688,25
3775,70872.86083984375,25
3776,70937.86328125,25
3777,70780.47631835938,25
3778,70707.24047851562,25
3779,70646.37353515625,25
3780,70796.2041015625,25
3781,70890.20166015625,25
3782,70608.86303710938,25
3783,70739.32788085938,25
3784,70627.49462890625,25
3785,70831.5947265625,25
3786,70709.60009765625,25
3787,70668.87841796875,25
3788,70765.5517578125,25
3789,70777.44921875,25
3790,70734.78588867188,25
3791,70732.03637695312,25
3792,70801.38500976562,25
3793,70683.89672851562,25
3794,70924.99145507812,25
3795,70758.91528320312,25
3796,70705.55786132812,25
3797,70463.2685546875,25
3798,70712.0361328125,25
3799,70766.80810546875,25
3800,70637.20092773438,25
3801,70795.51049804688,25
3802,70998.1005859375,25
3803,70902.44506835938,25
3804,70613.45068359375,25
3805,70642.509765625,25
3806,70415.55517578125,25
3807,70731.84228515625,25
3808,70784.18188476562,25
3809,70737.2041015625,25
3810,70673.30786132812,25
3811,70443.59912109375,25
3812,70800.8876953125,25
3813,70826.70043945312,25
3814,70834.92041015625,25
3815,70754.42211914062,25
3816,70918.38696289062,25
3817,70600.00634765625,25
3818,70684.76684570312,25
3819,70733.87841796875,25
3820,70889.93334960938,25
3821,70846.455078125,25
3822,70545.85595703125,25
3823,70530.20434570312,25
3824,70483.79125976562,25
3825,70694.25756835938,25
3826,70610.27978515625,25
3827,70639.57202148438,25
3828,70549.79541015625,25
3829,70507.14697265625,25
3830,70671.67114257812,25
3831,70754.67553710938,25
3832,70802.6826171875,25
3833,70879.11059570312,25
3834,70714.46875,25
3835,70505.86987304688,25
3836,70569.10888671875,25
3837,70475.89624023438,25
3838,70677.85400390625,25
3839,70725.12646484375,25
3840,70666.00708007812,25
3841,70625.88354492188,25
3842,70355.70581054688,25
3843,70730.04931640625,25
3844,70919.783203125,25
3845,70500.67797851562,25
3846,70621.134765625,25
3847,70545.61059570312,25
3848,70475.78442382812,25
3849,70666.27709960938,25
3850,70532.646484375,25
3851,70440.37768554688,25
3852,70593.64404296875,25
3853,70644.05419921875,25
3854,70454.19140625,25
3855,70488.88818359375,25
3856,70674.7587890625,25
3857,70582.9609375,25
3858,70737.19506835938,25
3859,70814.103515625,25
3860,70659.1708984375,25
3861,70732.11767578125,25
3862,70731.22021484375,25
3863,70823.3193359375,25
3864,70368.91137695312,25
3865,70333.87622070312,25
3866,70728.82421875,25
3867,70841.50732421875,25
3868,70502.56176757812,25
3869,70421.4326171875,25
3870,70593.33203125,25
3871,70823.94604492188,25
3872,70450.51879882812,25
3873,70796.3759765625,25
3874,71062.08203125,25
3875,70641.4521484375,25
3876,70789.72412109375,25
3877,70861.54663085938,25
3878,70585.87939453125,25
3879,70602.58740234375,25
3880,70785.0869140625,25
3881,70672.39965820312,25
3882,70503.13037109375,25
3883,70623.12915039062,25
3884,70563.736328125,25
3885,70776.21704101562,25
3886,70677.3671875,25
3887,70603.13330078125,25
3888,70917.92236328125,25
3889,70818.89477539062,25
3890,70674.6318359375,25
3891,70928.79370117188,25
3892,71023.07421875,25
3893,70526.89306640625,25
3894,71051.97778320312,25
3895,70838.3115234375,25
3896,70937.49975585938,25
3897,70796.51049804688,25
3898,70767.314453125,25
3899,70667.85424804688,25
3900,70794.990234375,25
3901,71037.71801757812,25
3902,70779.5966796875,25
3903,70740.1142578125,25
3904,70802.79052734375,25
3905,71192.26831054688,25
3906,70834.8525390625,25
3907,70730.40576171875,25
3908,70684.82446289062,25
3909,70944.60595703125,25
3910,70723.92553710938,25
3911,70967.97583007812,25
3912,70685.80200195312,25
3913,70872.32983398438,25
3914,70909.49633789062,25
3915,70817.34252929688,25
3916,70926.65185546875,25
3917,71126.30859375,25
3918,71080.27612304688,25
3919,70669.984375,25
3920,70887.2353515625,25
3921,70888.23974609375,25
3922,71084.17114257812,25
3923,71016.431640625,25
3924,71065.126953125,25
3925,70946.79345703125,25
3926,70801.65209960938,25
3927,70871.41772460938,25
3928,70955.6591796875,25
3929,70772.20874023438,25
3930,70954.24877929688,25
3931,70732.013671875,25
3932,70806.57177734375,25
3933,70897.421875,25
3934,70923.56469726562,25
3935,70828.49536132812,25
3936,70826.91284179688,25
3937,70929.83813476562,25
3938,70994.3193359375,25
3939,70902.10131835938,25
3940,71147.79077148438,25
3941,70945.78295898438,25
3942,71000.765625,25
3943,70920.05444335938,25
3944,70862.22680664062,25
3945,70863.90307617188,25
3946,70792.99829101562,25
3947,70580.0986328125,25
3948,70945.05688476562,25
3949,70954.423828125,25
3950,70939.57885742188,25
3951,71231.29809570312,25
3952,70913.18505859375,25
3953,71092.48071289062,25
3954,70966.08666992188,25
3955,70794.89233398438,25
3956,70907.48364257812,25
3957,70940.24365234375,25
3958,70943.833984375,25
3959,70943.20483398438,25
3960,70952.732421875,25
3961,71157.291015625,25
3962,71087.41162109375,25
3963,71069.69873046875,25
3964,71231.2275390625,25
3965,70911.84423828125,25
3966,71103.24926757812,25
3967,71014.37841796875,25
3968,70940.5400390625,25
3969,71045.09057617188,25
3970,71262.59692382812,25
3971,70894.77758789062,25
3972,70955.86596679688,25
3973,70847.00659179688,25
3974,71031.91333007812,25
3975,71164.884765625,25
3976,71169.06127929688,25
3977,70888.4912109375,25
3978,71180.87353515625,25
3979,70909.83422851562,25
3980,71109.71923828125,25
3981,70951.33837890625,25
3982,70901.86987304688,25
3983,70861.84155273438,25
3984,71053.12158203125,25
3985,70818.7001953125,25
3986,70937.45361328125,25
3987,70827.22631835938,25
3988,71005.36572265625,25
3989,71098.86889648438,25
3990,70929.92431640625,25
3991,71103.19677734375,25
3992,71058.85620117188,25
3993,71024.96826171875,25
3994,70923.6611328125,25
3995,70866.62109375,25
3996,70973.36865234375,25
3997,70687.80419921875,25
3998,71146.90502929688,25
3999,70856.02954101562,25
4000,71135.04907226562,25
4001,71023.26684570312,25
4002,70915.34008789062,25
4003,70995.22216796875,25
4004,71001.201171875,25
4005,71079.69946289062,25
4006,71139.125,25
4007,70946.89282226562,25
4008,71104.92138671875,25
4009,70799.603515625,25
4010,71019.32592773438,25
4011,70874.68481445312,25
4012,70987.40185546875,25
4013,71109.85131835938,25
4014,71142.06298828125,25
4015,71012.58251953125,25
4016,70697.4580078125,25
4017,70359.35571289062,25
4018,70609.07543945312,25
4019,70506.3818359375,25
4020,70444.00732421875,25
4021,70712.298828125,25
4022,70517.53662109375,25
4023,70776.14086914062,25
4024,70467.75537109375,25
4025,70440.7578125,25
4026,70603.15893554688,25
4027,70553.65112304688,25
4028,70583.3271484375,25
4029,70540.70581054688,25
4030,70705.75170898438,25
4031,70458.880859375,25
4032,70423.62133789062,25
4033,70640.83911132812,25
4034,70389.90307617188,25
4035,70276.45751953125,25
4036,70739.79223632812,25
4037,70696.22827148438,25
4038,70600.26318359375,25
4039,70699.97412109375,25
4040,70581.57153320312,25
4041,70451.95825195312,25
4042,70520.31787109375,25
4043,70427.6826171875,25
4044,70426.71435546875,25
4045,70647.11279296875,25
4046,70598.93603515625,25
4047,70550.69482421875,25
4048,70435.64965820312,25
4049,70416.37451171875,25
4050,70575.95239257812,25
4051,70621.65185546875,25
4052,70691.6005859375,25
4053,70734.70776367188,25
4054,70409.98046875,25
4055,70825.8046875,25
4056,70660.341796875,25
4057,70666.90698242188,25
4058,70651.79028320312,25
4059,70425.09790039062,25
4060,70538.38208007812,25
4061,70780.69091796875,25
4062,70656.81103515625,25
4063,70540.47387695312,25
4064,70605.92529296875,25
4065,70674.974609375,25
4066,70621.423828125,25
4067,70494.3935546875,25
4068,70690.96630859375,25
4069,70803.7900390625,25
4070,70612.3115234375,25
4071,70808.31640625,25
4072,70765.2119140625,25
4073,70658.3076171875,25
4074,70618.11499023438,25
4075,70512.51318359375,25
4076,70599.9033203125,25
4077,70728.0302734375,25
4078,70685.01489257812,25
4079,70650.43090820312,25
4080,70648.25756835938,25
4081,70581.75952148438,25
4082,70583.80224609375,25
4083,70739.30639648438,25
4084,70378.498046875,25
4085,70527.19506835938,25
4086,70552.4306640625,25
4087,70491.48364257812,25
4088,70826.5390625,25
4089,70544.60961914062,25
4090,70741.98486328125,25
4091,70575.45166015625,25
4092,70611.85473632812,25
4093,70607.5771484375,25
4094,70680.7099609375,25
4095,70417.51293945312,25
4096,70848.43115234375,25
4097,70839.92651367188,25
4098,70623.70483398438,25
4099,70454.04736328125,25
4100,70710.65795898438,25
4101,70641.13452148438,25
4102,70719.109375,25
4103,70616.84375,25
4104,70552.74975585938,25
4105,70566.83471679688,25
4106,70613.0234375,25
4107,70700.00366210938,25
4108,70693.951171875,25
4109,70763.66040039062,25
4110,70611.76684570312,25
4111,70762.98803710938,25
4112,70987.7744140625,25
4113,70384.03002929688,25
4114,70697.73901367188,25
4115,70310.029296875,25
4116,70521.85083007812,25
4117,70637.6640625,25
4118,70350.94067382812,25
4119,70669.92724609375,25
4120,70567.84545898438,25
4121,70437.81323242188,25
4122,70539.28564453125,25
4123,70663.5986328125,25
4124,70905.1240234375,25
4125,70434.69848632812,25
4126,70647.2431640625,25
4127,70742.66625976562,25
4128,70789.45751953125,25
4129,70744.92846679688,25
4130,70441.36987304688,25
4131,70559.87475585938,25
4132,70303.27514648438,25
4133,70703.44018554688,25
4134,70625.03125,25
4135,70484.81811523438,25
4136,70723.35595703125,25
4137,70734.626953125,25
4138,70624.59741210938,25
4139,70663.7265625,25
4140,70523.76953125,25
4141,70634.68676757812,25
4142,70633.85424804688,25
4143,70756.19946289062,25
4144,70584.89868164062,25
4145,70849.5078125,25
4146,70624.484375,25
4147,70684.95874023438,25
4148,70810.85766601562,25
4149,70545.88061523438,25
4150,70484.60473632812,25
4151,70444.9443359375,25
4152,70553.00659179688,25
4153,70519.52954101562,25
4154,70473.81982421875,25
4155,70486.82690429688,25
4156,70619.00512695312,25
4157,70690.40673828125,25
4158,70299.74658203125,25
4159,70571.734375,25
4160,70496.38720703125,25
4161,70641.80688476562,25
4162,70669.76391601562,25
4163,70326.1826171875,25
4164,70713.29370117188,25
4165,70766.95434570312,25
4166,70837.17919921875,25
4167,70821.36962890625,25
4168,70575.3564453125,25
4169,70644.49438476562,25
4170,70540.12060546875,25
4171,71610.650390625,25
4172,71531.36547851562,25
4173,71745.55712890625,25
4174,71525.34765625,25
4175,71493.08471679688,25
4176,71714.53051757812,25
4177,71294.25146484375,25
4178,71386.13134765625,25
4179,71671.49487304688,25
4180,71461.32885742188,25
4181,71464.17431640625,25
4182,71498.32250976562,25
4183,71450.76977539062,25
4184,71781.71337890625,25
4185,71287.09814453125,25
4186,71651.41528320312,25
4187,71394.55126953125,25
4188,71309.9765625,25
4189,71586.03271484375,25
4190,71244.79345703125,25
4191,71524.93408203125,25
4192,71712.73120117188,25
4193,71673.72436523438,25
4194,71546.54760742188,25
4195,71566.46313476562,25
4196,71503.7001953125,25
4197,71448.97998046875,25
4198,71531.07836914062,25
4199,71631.96362304688,25
4200,71596.49267578125,25
4201,71446.7236328125,25
4202,71582.76708984375,25
4203,71580.40478515625,25
4204,71222.45263671875,25
4205,71566.02197265625,25
4206,71444.8115234375,25
4207,71738.34423828125,25
4208,71616.24975585938,25
4209,71471.85961914062,25
4210,71341.06787109375,25
4211,71597.83251953125,25
4212,71516.46166992188,25
4213,71426.02685546875,25
4214,71386.54345703125,25
4215,71660.73120117188,25
4216,71374.80859375,25
4217,71587.11962890625,25
4218,71828.02319335938,25
4219,71597.36181640625,25
4220,71486.65380859375,25
4221,71481.3896484375,25
4222,71701.50610351562,25
4223,71425.66845703125,25
4224,71469.81103515625,25
4225,71389.69897460938,25
4226,71546.3720703125,25
4227,71381.55712890625,25
4228,71457.63110351562,25
4229,71542.59692382812,25
4230,71630.6005859375,25
4231,71590.42651367188,25
4232,71733.4560546875,25
4233,71480.95776367188,25
4234,71382.00219726562,25
4235,71476.68212890625,25
4236,71521.61938476562,25
4237,71411.57543945312,25
4238,71242.8759765625,25
4239,71417.67578125,25
4240,71241.09057617188,25
4241,71446.921875,25
4242,71545.90234375,25
4243,71570.72387695312,25
4244,71578.7568359375,25
4245,71699.57177734375,25
4246,71543.44946289062,25
4247,71499.67651367188,25
4248,71558.26708984375,25
4249,71675.64086914062,25
4250,71513.7412109375,25
4251,71363.76318359375,25
4252,71463.99340820312,25
4253,71673.83935546875,25
4254,71519.41577148438,25
4255,71545.83032226562,25
4256,71543.447265625,25
4257,71669.60693359375,25
4258,71395.94067382812,25
4259,71360.1259765625,25
4260,71233.44287109375,25
4261,71304.40258789062,25
4262,71564.38232421875,25
4263,71332.92822265625,25
4264,71353.2724609375,25
4265,71516.7666015625,25
4266,71665.02734375,25
4267,71507.09399414062,25
4268,71486.93920898438,25
4269,71508.02490234375,25
4270,71642.9765625,25
4271,71596.56030273438,25
4272,71502.71557617188,25
4273,71337.4912109375,25
4274,71406.90673828125,25
4275,71543.3662109375,25
4276,71459.48876953125,25
4277,71456.4404296875,25
4278,71581.12622070312,25
4279,71461.98950195312,25
4280,71642.93627929688,25
4281,71439.53173828125,25
4282,71508.96997070312,25
4283,71301.625,25
4284,71186.92163085938,25
4285,71630.74267578125,25
4286,71716.9521484375,25
4287,71467.25610351562,25
4288,71339.86669921875,25
4289,71216.96240234375,25
4290,71523.24072265625,25
4291,71612.90161132812,25
4292,71679.93774414062,25
4293,71414.61083984375,25
4294,71486.83154296875,25
4295,71520.740234375,25
4296,71315.00903320312,25
4297,71574.60009765625,25
4298,71433.28881835938,25
4299,71366.060546875,25
4300,71405.59985351562,25
4301,71387.58520507812,25
4302,71422.26733398438,25
4303,71413.39477539062,25
4304,71487.29028320312,25
4305,71515.65942382812,25
4306,71668.736328125,25
4307,71533.42309570312,25
4308,71399.59936523438,25
4309,71553.78002929688,25
4310,71491.94677734375,25
4311,71434.31005859375,25
4312,71442.58911132812,25
4313,71482.21875,25
4314,71352.60034179688,25
4315,71568.34057617188,25
4316,71534.87426757812,25
4317,71500.17797851562,25
4318,71517.09423828125,25
4319,71681.93139648438,25
4320,71359.3115234375,25
4321,71607.021484375,25
4322,71454.25366210938,25
4323,71355.3515625,25
4324,71714.3623046875,25
4325,71641.4052734375,25
4326,71423.13403320312,25
4327,71617.49682617188,25
4328,71507.91552734375,25
4329,71508.47607421875,25
4330,71428.89599609375,25
4331,71423.302734375,25
4332,71372.4375,25
4333,71559.10522460938,25
4334,71647.88305664062,25
4335,71447.71118164062,25
4336,71641.28784179688,25
4337,71732.98046875,25
4338,71325.5087890625,25
4339,71561.47705078125,25
4340,71487.30322265625,25
4341,71469.8857421875,25
4342,71525.41259765625,25
4343,71298.5458984375,25
4344,71414.1513671875,25
4345,71290.56958007812,25
4346,71450.95776367188,25
4347,71597.34741210938,25
4348,71502.44360351562,25
4349,71815.13745117188,25
4350,71501.91455078125,25
4351,71439.58422851562,25
4352,71618.88354492188,25
4353,71588.75708007812,25
4354,71684.4775390625,25
4355,71450.34936523438,25
4356,71420.94995117188,25
4357,71407.88745117188,25
4358,71530.44360351562,25
4359,71616.02783203125,25
4360,71395.029296875,25
4361,71590.44189453125,25
4362,71781.37939453125,25
4363,71490.70922851562,25
4364,71612.97509765625,25
4365,71574.69140625,25
4366,71247.3203125,25
4367,71545.15356445312,25
4368,71489.32299804688,25
4369,71405.99438476562,25
4370,71641.55590820312,25
4371,71496.9375,25
4372,71501.12841796875,25
4373,71553.70922851562,25
4374,71664.77221679688,25
4375,71395.3642578125,25
4376,71507.96362304688,25
4377,71545.84252929688,25
4378,71351.2685546875,25
4379,71394.80859375,25
4380,71722.92944335938,25
4381,71610.80615234375,25
4382,71515.6943359375,25
4383,71435.400390625,25
4384,71192.12719726562,25
4385,71450.42822265625,25
4386,71483.43823242188,25
4387,71366.67456054688,25
4388,71330.4306640625,25
4389,71562.4658203125,25
4390,71343.07763671875,25
4391,71429.69458007812,25
4392,71606.92431640625,25
4393,71575.57934570312,25
4394,71417.45336914062,25
4395,71477.8076171875,25
4396,71460.70727539062,25
4397,71567.625,25
4398,71448.38525390625,25
4399,71249.24047851562,25
4400,71515.4794921875,25
4401,71512.3330078125,25
4402,71288.2236328125,25
4403,71244.13623046875,25
4404,71334.9052734375,25
4405,71785.19995117188,25
4406,71441.76098632812,25
4407,71453.58203125,25
4408,71539.72631835938,25
4409,71515.25805664062,25
4410,71384.93969726562,25
4411,71561.43359375,25
4412,71337.1328125,25
4413,71448.96484375,25
4414,71301.45336914062,25
4415,71320.43530273438,25
4416,71490.18383789062,25
4417,71574.05078125,25
4418,71566.3388671875,25
4419,71208.23681640625,25
4420,71477.576171875,25
4421,71316.18627929688,25
4422,71575.11157226562,25
4423,71291.67407226562,25
4424,71508.75537109375,25
4425,71511.43188476562,25
4426,71189.181640625,25
4427,71459.93725585938,25
4428,71389.71044921875,25
4429,71280.685546875,25
4430,71291.06787109375,25
4431,71368.06982421875,25
4432,71350.71826171875,25
4433,71537.748046875,25
4434,71741.47998046875,25
4435,71469.76586914062,25
4436,71526.05737304688,25
4437,71692.650390625,25
4438,71226.58764648438,25
4439,71519.45092773438,25
4440,71199.32861328125,25
4441,71315.37475585938,25
4442,71571.41796875,25
4443,71453.16357421875,25
4444,71275.61865234375,25
4445,71154.35278320312,25
4446,71504.77270507812,25
4447,71500.53662109375,25
4448,71397.35961914062,25
4449,71357.72924804688,25
4450,71559.48120117188,25
4451,71459.51440429688,25
4452,71250.13403320312,25
4453,71455.2080078125,25
4454,71575.01806640625,25
4455,71484.25268554688,25
4456,71595.779296875,25
4457,71506.95141601562,25
4458,71510.51416015625,25
4459,71273.57543945312,25
4460,71409.43383789062,25
4461,71470.37255859375,25
4462,71525.26342773438,25
4463,71575.2294921875,25
4464,71673.05395507812,25
4465,71477.87084960938,25
4466,71395.17211914062,25
4467,71453.01440429688,25
4468,71466.42993164062,25
4469,71660.22314453125,25
4470,71660.9169921875,25
4471,71431.62866210938,25
4472,71574.05932617188,25
4473,71654.38403320312,25
4474,71571.34228515625,25
4475,71847.98901367188,25
4476,71437.0517578125,25
4477,71335.7216796875,25
4478,71392.0546875,25
4479,71661.45263671875,25
4480,71310.5703125,25
4481,71392.568359375,25
4482,71483.94165039062,25
4483,71416.92358398438,25
4484,71521.5810546875,25
4485,71338.06005859375,25
4486,71417.0927734375,25
4487,71288.5048828125,25
4488,71160.7265625,25
4489,71373.87084960938,25
4490,71177.76586914062,25
4491,71373.84350585938,25
4492,71308.0947265625,25
4493,71406.9736328125,25
4494,71147.79321289062,25
4495,71419.265625,25
4496,71167.87646484375,25
4497,71391.265625,25
4498,71354.91845703125,25
4499,71286.10229492188,25
4500,71012.85693359375,25
4501,71390.80346679688,25
4502,71185.15893554688,25
4503,71048.85668945312,25
4504,71293.78833007812,25
4505,71330.16430664062,25
4506,71362.34545898438,25
4507,71220.53857421875,25
4508,71427.455078125,25
4509,71163.04858398438,25
4510,71162.49633789062,25
4511,71189.8916015625,25
4512,71428.43774414062,25
4513,71267.29125976562,25
4514,71510.99438476562,25
4515,71276.09521484375,25
4516,71261.72485351562,25
4517,71312.49780273438,25
4518,71186.04321289062,25
4519,71314.67504882812,25
4520,71250.22119140625,25
4521,71435.13208007812,25
4522,71388.81860351562,25
4523,71172.93017578125,25
4524,71417.91821289062,25
4525,71415.28393554688,25
4526,71388.35717773438,25
4527,71119.09155273438,25
4528,71284.94409179688,25
4529,71484.34619140625,25
4530,71359.8662109375,25
4531,71378.828125,25
4532,71046.54931640625,25
4533,71149.37280273438,25
4534,71175.154296875,25
4535,71310.75073242188,25
4536,71328.49145507812,25
4537,71132.36791992188,25
4538,70953.90576171875,25
4539,71520.34521484375,25
4540,71314.71997070312,25
4541,71628.18872070312,25
4542,71308.61328125,25
4543,71354.0390625,25
4544,71296.44799804688,25
4545,71131.60864257812,25
4546,71354.82543945312,25
4547,71131.189453125,25
4548,71177.16528320312,25
4549,71181.29638671875,25
4550,71427.69799804688,25
4551,71299.48291015625,25
4552,71401.3115234375,25
4553,71199.94213867188,25
4554,71402.76147460938,25
4555,71213.25048828125,25
4556,71480.23852539062,25
4557,71265.27587890625,25
4558,71415.19165039062,25
4559,71040.82592773438,25
4560,71472.95751953125,25
4561,71231.86547851562,25
4562,71407.58837890625,25
4563,71339.44604492188,25
4564,71311.23388671875,25
4565,71230.37768554688,25
4566,71215.42700195312,25
4567,71397.20751953125,25
4568,71208.95190429688,25
4569,71203.0966796875,25
4570,71366.16015625,25
4571,71484.53173828125,25
4572,71269.61572265625,25
4573,71248.59741210938,25
4574,71315.24047851562,25
4575,71110.05932617188,25
4576,71391.3203125,25
4577,71253.75732421875,25
4578,71336.83666992188,25
4579,71349.44702148438,25
4580,71197.25439453125,25
4581,71559.78930664062,25
4582,71214.82568359375,25
4583,71368.35571289062,25
4584,71302.3740234375,25
4585,71087.46435546875,25
4586,71286.87744140625,25
4587,71176.10522460938,25
4588,71359.99438476562,25
4589,71123.1396484375,25
4590,71547.14135742188,25
4591,71143.85888671875,25
4592,71342.32958984375,25
4593,71442.50732421875,25
4594,71493.13842773438,25
4595,71481.63256835938,25
4596,71365.90478515625,25
4597,71162.91430664062,25
4598,70988.27319335938,25
4599,71320.47045898438,25
4600,71213.40844726562,25
4601,71332.4453125,25
4602,71287.9794921875,25
4603,71223.34790039062,25
4604,71156.05102539062,25
4605,70886.84423828125,25
4606,71350.3837890625,25
4607,71530.07739257812,25
4608,71323.41821289062,25
4609,71411.33251953125,25
4610,71220.64477539062,25
4611,71423.98657226562,25
4612,71268.60375976562,25
4613,71269.20874023438,25
4614,71419.89599609375,25
4615,71206.08178710938,25
4616,71463.76000976562,25
4617,71272.67944335938,25
4618,71476.10522460938,25
4619,71224.92260742188,25
4620,71354.17333984375,25
4621,71243.21142578125,25
4622,71327.88525390625,25
4623,71109.55200195312,25
4624,71305.1494140625,25
4625,71247.97119140625,25
4626,71436.93530273438,25
4627,71468.92578125,25
4628,71142.54467773438,25
4629,71204.361328125,25
4630,71190.64770507812,25
4631,71384.25756835938,25
4632,71237.3271484375,25
4633,71372.5234375,25
4634,71226.34204101562,25
4635,71083.77685546875,25
4636,71354.1220703125,25
4637,71358.30200195312,25
4638,71096.90283203125,25
4639,71384.259765625,25
4640,71450.03149414062,25
4641,71356.64282226562,25
4642,71498.876953125,25
4643,71257.89599609375,25
4644,71150.43286132812,25
4645,71368.24853515625,25
4646,71283.47680664062,25
4647,71275.98193359375,25
4648,71217.05883789062,25
4649,71167.8349609375,25
4650,71501.85815429688,25
4651,71357.63330078125,25
4652,71202.11767578125,25
4653,71317.4677734375,25
4654,71252.54052734375,25
4655,71582.087890625,25
4656,71293.92065429688,25
4657,71404.88232421875,25
4658,71715.9306640625,25
4659,71306.17431640625,25
4660,71337.75537109375,25
4661,71299.81494140625,25
4662,71515.01196289062,25
4663,71393.5859375,25
4664,71521.689453125,25
4665,71712.7890625,25
4666,71331.21313476562,25
4667,71494.83520507812,25
4668,71534.34619140625,25
4669,71325.71728515625,25
4670,71418.28076171875,25
4671,71522.08178710938,25
4672,71360.65234375,25
4673,71455.44067382812,25
4674,71631.24755859375,25
4675,71296.640625,25
4676,71242.69482421875,25
4677,71556.62890625,25
4678,71387.36083984375,25
4679,71542.083984375,25
4680,71469.24975585938,25
4681,71656.03759765625,25
4682,71280.0048828125,25
4683,71381.68334960938,25
4684,71492.17016601562,25
4685,71471.22241210938,25
4686,71647.52954101562,25
4687,71651.82763671875,25
4688,71519.77026367188,25
4689,71523.4501953125,25
4690,71565.84130859375,25
4691,71466.88989257812,25
4692,71244.80834960938,25
4693,71643.5634765625,25
4694,71391.10327148438,25
4695,71232.28247070312,25
4696,71472.18774414062,25
4697,71442.55004882812,25
4698,71353.26782226562,25
4699,71480.00366210938,25
4700,71607.83911132812,25
4701,71393.27172851562,25
4702,71558.13330078125,25
4703,71511.3115234375,25
4704,71460.634765625,25
4705,71388.95849609375,25
4706,71334.5322265625,25
4707,71356.46923828125,25
4708,71443.41528320312,25
4709,71176.01440429688,25
4710,71545.52734375,25
4711,71531.61010742188,25
4712,71213.662109375,25
4713,71464.84545898438,25
4714,71213.73974609375,25
4715,71787.97338867188,25
4716,71803.65893554688,25
4717,71623.31103515625,25
4718,71473.42016601562,25
4719,71340.8134765625,25
4720,71365.05102539062,25
4721,71339.51635742188,25
4722,71398.0927734375,25
4723,71311.99365234375,25
4724,71553.54345703125,25
4725,71598.64575195312,25
4726,71308.00146484375,25
4727,71595.46630859375,25
4728,71660.91967773438,25
4729,71460.9365234375,25
4730,71228.2509765625,25
4731,71452.98046875,25
4732,71662.07861328125,25
4733,71424.55029296875,25
4734,71614.03295898438,25
4735,71418.82177734375,25
4736,71428.06298828125,25
4737,71462.43383789062,25
4738,71376.21850585938,25
4739,71431.11328125,25
4740,71466.71557617188,25
4741,71636.61206054688,25
4742,71721.39111328125,25
4743,71549.95556640625,25
4744,71559.53247070312,25
4745,71344.26782226562,25
4746,71185.30029296875,25
4747,71498.30078125,25
4748,71440.50561523438,25
4749,71538.4677734375,25
4750,71441.58325195312,25
4751,71412.41918945312,25
4752,71480.740234375,25
4753,71379.93115234375,25
4754,71424.720703125,25
4755,71360.12426757812,25
4756,71256.89770507812,25
4757,71632.31323242188,25
4758,71813.75122070312,25
4759,71431.45239257812,25
4760,71298.22802734375,25
4761,71489.66040039062,25
4762,71468.34008789062,25
4763,71468.60864257812,25
4764,71426.677734375,25
4765,71630.5927734375,25
4766,71467.53393554688,25
4767,71545.9189453125,25
4768,71481.25659179688,25
4769,71568.84130859375,25
4770,71558.71728515625,25
4771,71475.53784179688,25
4772,71518.28637695312,25
4773,71678.74291992188,25
4774,71489.21630859375,25
4775,71488.1298828125,25
4776,71665.13232421875,25
4777,71704.76391601562,25
4778,71378.88330078125,25
4779,71359.04272460938,25
4780,71696.439453125,25
4781,71559.09301757812,25
4782,71642.22021484375,25
4783,71559.05200195312,25
4784,71235.87915039062,25
4785,71306.119140625,25
4786,71605.91845703125,25
4787,71637.18872070312,25
4788,71289.66748046875,25
4789,71132.34643554688,25
4790,71654.625,25
4791,71400.74853515625,25
4792,71612.35375976562,25
4793,71597.59594726562,25
4794,71426.36743164062,25
4795,71445.9609375,25
4796,71463.89306640625,25
4797,71436.06616210938,25
4798,71633.07763671875,25
4799,71232.54956054688,25
4800,71520.90600585938,25
4801,71469.50561523438,25
4802,71633.52075195312,25
4803,71788.85009765625,25
4804,71430.84912109375,25
4805,71693.1220703125,25
4806,71411.64599609375,25
4807,71599.76977539062,25
4808,71407.29467773438,25
4809,71532.04150390625,25
4810,71308.02124023438,25
4811,71567.03125,25
4812,71276.75463867188,25
4813,71460.34155273438,25
4814,71432.01147460938,25
4815,71319.65185546875,25
4816,71476.10302734375,25
4817,71475.55786132812,25
4818,71647.54272460938,25
4819,71346.53735351562,25
4820,71519.57397460938,25
4821,71474.7578125,25
4822,71285.0400390625,25
4823,71512.9140625,25
4824,71407.83959960938,25
4825,71333.99560546875,25
4826,71653.52172851562,25
4827,71109.01513671875,25
4828,71634.2119140625,25
4829,71410.73779296875,25
4830,71486.30786132812,25
4831,71385.58715820312,25
4832,71574.5791015625,25
4833,71399.375,25
4834,71572.41552734375,25
4835,71443.60424804688,25
4836,71423.7431640625,25
4837,71159.93432617188,25
4838,71327.9638671875,25
4839,71664.61962890625,25
4840,71463.48876953125,25
4841,71524.83740234375,25
4842,71785.421875,25
4843,71505.06494140625,25
4844,71385.94970703125,25
4845,71456.30444335938,25
4846,71424.97387695312,25
4847,71538.50610351562,25
4848,71282.5703125,25
4849,71138.87353515625,25
4850,71420.04711914062,25
4851,71489.35205078125,25
4852,71408.13452148438,25
4853,71280.99584960938,25
4854,71428.81274414062,25
4855,71421.66625976562,25
4856,71526.322265625,25
4857,71696.46923828125,25
4858,71417.05395507812,25
4859,71450.97607421875,25
4860,71443.626953125,25
4861,71638.44970703125,25
4862,71462.7734375,25
4863,71346.66650390625,25
4864,71864.87841796875,25
4865,71263.10205078125,25
4866,71258.81787109375,25
4867,71624.79858398438,25
4868,71431.4140625,25
4869,71340.85473632812,25
4870,71621.1669921875,25
4871,71450.42016601562,25
4872,71614.01147460938,25
4873,71521.09716796875,25
4874,71446.13110351562,25
4875,71404.19580078125,25
4876,71312.23168945312,25
4877,71546.21166992188,25
4878,71710.47998046875,25
4879,71352.11303710938,25
4880,71590.72265625,25
4881,71502.62060546875,25
4882,71156.67260742188,25
4883,71499.44458007812,25
4884,71606.25561523438,25
4885,71670.13647460938,25
4886,71767.4462890625,25
4887,71547.18359375,25
4888,71644.24145507812,25
4889,71552.14575195312,25
4890,71340.77685546875,25
4891,71622.2978515625,25
4892,71647.6552734375,25
4893,71401.04345703125,25
4894,71488.83959960938,25
4895,71632.283203125,25
4896,71646.796875,25
4897,71372.0380859375,25
4898,71823.07250976562,25
4899,71567.81689453125,25
4900,71426.13500976562,25
4901,71631.58374023438,25
4902,71390.83154296875,25
4903,71661.88232421875,25
4904,71725.1474609375,25
4905,71433.03393554688,25
4906,71636.72192382812,25
4907,71551.05322265625,25
4908,71691.205078125,25
4909,71512.39819335938,25
4910,71569.36279296875,25
4911,71307.04443359375,25
4912,71686.5126953125,25
4913,71713.80493164062,25
4914,71816.23779296875,25
4915,71334.87158203125,25
4916,71651.26733398438,25
4917,71746.81762695312,25
4918,71478.87646484375,25
4919,71513.39990234375,25
4920,71664.12231445312,25
4921,71458.28686523438,25
4922,71522.61743164062,25
4923,71446.63916015625,25
4924,71664.83276367188,25
4925,71693.36499023438,25
4926,71495.42944335938,25
4927,71493.55200195312,25
4928,71591.42504882812,25
4929,71520.11938476562,25
4930,71672.57495117188,25
4931,71709.14624023438,25
4932,71477.00708007812,25
4933,71727.90698242188,25
4934,71471.51611328125,25
4935,71665.22436523438,25
4936,71545.91430664062,25
4937,71456.93774414062,25
4938,71588.2138671875,25
4939,71534.74145507812,25
4940,71637.44677734375,25
4941,71393.46020507812,25
4942,71554.34106445312,25
4943,71376.453125,25
4944,71437.93676757812,25
4945,71564.7353515625,25
4946,71418.455078125,25
4947,71591.8017578125,25
4948,71513.54077148438,25
4949,71524.09252929688,25
4950,71344.5654296875,25
4951,71464.5087890625,25
4952,71586.9619140625,25
4953,71627.46215820312,25
4954,71682.91064453125,25
4955,71720.80688476562,25
4956,71675.4716796875,25
4957,71655.619140625,25
4958,71727.09985351562,25
4959,71664.97265625,25
4960,71696.0576171875,25
4961,71576.37622070312,25
4962,71505.10571289062,25
4963,71466.75610351562,25
4964,71634.935546875,25
4965,71478.6796875,25
4966,71592.34692382812,25
4967,71713.26025390625,25
4968,71523.91943359375,25
4969,71624.95385742188,25
4970,71337.95971679688,25
4971,71333.373046875,25
4972,71414.759765625,25
4973,71577.39624023438,25
4974,71477.53149414062,25
4975,71601.99072265625,25
4976,71660.677734375,25
4977,71425.19580078125,25
4978,71736.30151367188,25
4979,71641.9287109375,25
4980,71704.93115234375,25
4981,71800.43676757812,25
4982,71632.55981445312,25
4983,71563.29296875,25
4984,71700.0078125,25
4985,71682.9384765625,25
4986,71593.40771484375,25
4987,71459.49560546875,25
4988,71641.39892578125,25
4989,71253.34985351562,25
4990,71429.47485351562,25
4991,71629.65771484375,25
4992,71542.13110351562,25
4993,71630.1962890625,25
4994,71601.328125,25
4995,71724.24780273438,25
4996,71710.55004882812,25
4997,71551.11499023438,25
4998,71559.9658203125,25
4999,71536.439453125,25
5000,71520.95678710938,25
