episode,total_reward,steps
1,75975.28173828125,25
2,74227.93798828125,25
3,75767.80346679688,25
4,74945.84350585938,25
5,73879.05883789062,25
6,74481.66552734375,25
7,73855.09521484375,25
8,75970.16796875,25
9,76621.68359375,25
10,76992.24877929688,25
11,75761.2783203125,25
12,74505.47021484375,25
13,74353.89916992188,25
14,72794.5634765625,25
15,74701.80859375,25
16,75447.66723632812,25
17,77174.43310546875,25
18,75836.77099609375,25
19,76372.12426757812,25
20,75022.21704101562,25
21,73167.95361328125,25
22,71447.42944335938,25
23,77394.5244140625,25
24,71632.84887695312,25
25,74439.31372070312,25
26,77902.5615234375,25
27,74157.62158203125,25
28,76045.69848632812,25
29,76165.31982421875,25
30,74374.9521484375,25
31,74211.9658203125,25
32,76209.61889648438,25
33,75789.70947265625,25
34,77055.8837890625,25
35,73620.3388671875,25
36,75678.77587890625,25
37,76689.42724609375,25
38,75124.87133789062,25
39,74128.39990234375,25
40,77086.38012695312,25
41,71517.46899414062,25
42,74584.69995117188,25
43,83527.48364257812,25
44,98286.33569335938,25
45,110570.3701171875,25
46,114794.18310546875,25
47,116222.54150390625,25
48,116394.7685546875,25
49,115978.13623046875,25
50,116181.431640625,25
51,116323.427734375,25
52,116107.6259765625,25
53,116264.41455078125,25
54,116229.345703125,25
55,116346.9404296875,25
56,116297.48095703125,25
57,116530.271484375,25
58,117029.6845703125,25
59,117028.59130859375,25
60,116707.8671875,25
61,116568.66650390625,25
62,116658.3388671875,25
63,116456.3642578125,25
64,116125.1689453125,25
65,116530.259765625,25
66,116505.3291015625,25
67,116655.6708984375,25
68,116729.44384765625,25
69,116759.52685546875,25
70,117129.306640625,25
71,117171.2177734375,25
72,116921.216796875,25
73,117002.6826171875,25
74,117453.0263671875,25
75,117326.88232421875,25
76,116866.2744140625,25
77,116626.5400390625,25
78,116604.3671875,25
79,116358.53662109375,25
80,116320.4384765625,25
81,116010.712890625,25
82,116331.86279296875,25
83,115953.30322265625,25
84,116166.32763671875,25
85,115949.75390625,25
86,115855.13720703125,25
87,115963.86669921875,25
88,115613.73974609375,25
89,115740.9833984375,25
90,115802.89453125,25
91,115811.21923828125,25
92,115693.1669921875,25
93,115764.02685546875,25
94,115857.92236328125,25
95,115800.29833984375,25
96,116282.76904296875,25
97,116077.49853515625,25
98,116006.12548828125,25
99,115958.1826171875,25
100,115926.26025390625,25
101,116168.2314453125,25
102,115806.1494140625,25
103,115767.1435546875,25
104,116204.0927734375,25
105,115951.76123046875,25
106,116208.3203125,25
107,116117.4853515625,25
108,114472.27783203125,25
109,106803.90942382812,25
110,106178.01977539062,25
111,102598.80029296875,25
112,99864.837890625,25
113,95967.45434570312,25
114,93876.44018554688,25
115,89991.9140625,25
116,88867.794921875,25
117,86092.30249023438,25
118,85225.83056640625,25
119,82988.48046875,25
120,75409.46240234375,25
121,71147.28100585938,25
122,71388.2431640625,25
123,71659.05151367188,25
124,71576.283203125,25
125,71264.841796875,25
126,71086.28833007812,25
127,71214.67041015625,25
128,72000.654296875,25
129,72731.46557617188,25
130,73074.96801757812,25
131,72915.57641601562,25
132,72571.90600585938,25
133,72793.10864257812,25
134,73128.11401367188,25
135,73091.623046875,25
136,73043.29467773438,25
137,72910.20043945312,25
138,72410.9150390625,25
139,72867.87158203125,25
140,73245.2802734375,25
141,72649.39379882812,25
142,73085.572265625,25
143,73032.99487304688,25
144,73241.54711914062,25
145,72910.49755859375,25
146,72875.29516601562,25
147,72726.78173828125,25
148,72728.61083984375,25
149,73069.97045898438,25
150,72888.50830078125,25
151,73123.26782226562,25
152,72725.38549804688,25
153,73341.66723632812,25
154,73793.71899414062,25
155,73483.84887695312,25
156,73946.07373046875,25
157,73896.98608398438,25
158,73888.70043945312,25
159,74202.1806640625,25
160,74009.88208007812,25
161,73839.28125,25
162,73561.53442382812,25
163,73770.23266601562,25
164,73338.6923828125,25
165,73444.61962890625,25
166,73876.35791015625,25
167,73506.74267578125,25
168,74145.71142578125,25
169,74575.46264648438,25
170,73873.962890625,25
171,73496.6328125,25
172,73129.37158203125,25
173,73691.56225585938,25
174,72531.4384765625,25
175,71215.01416015625,25
176,71822.26635742188,25
177,71924.3955078125,25
178,71633.142578125,25
179,71673.65063476562,25
180,71918.5791015625,25
181,71898.66967773438,25
182,71703.49169921875,25
183,72040.89306640625,25
184,71937.23974609375,25
185,71846.32470703125,25
186,71486.30932617188,25
187,71221.50512695312,25
188,71398.30346679688,25
189,71269.86352539062,25
190,70918.37231445312,25
191,71119.64624023438,25
192,71340.72802734375,25
193,70704.69604492188,25
194,71044.1767578125,25
195,71021.49194335938,25
196,71016.55859375,25
197,70633.8330078125,25
198,71020.23266601562,25
199,70772.431640625,25
200,71137.36962890625,25
201,71188.794921875,25
202,71240.94384765625,25
203,71222.97973632812,25
204,70690.91821289062,25
205,71228.86303710938,25
206,70913.94360351562,25
207,70924.97534179688,25
208,71177.40014648438,25
209,70950.74584960938,25
210,71379.63598632812,25
211,71112.31005859375,25
212,70934.54614257812,25
213,70943.69848632812,25
214,71101.564453125,25
215,71913.50634765625,25
216,72778.34204101562,25
217,72986.41870117188,25
218,73888.93725585938,25
219,76940.93359375,25
220,76517.77368164062,25
221,76693.33374023438,25
222,76547.88256835938,25
223,76511.6630859375,25
224,75800.30737304688,25
225,76481.09399414062,25
226,77060.166015625,25
227,76367.99072265625,25
228,76603.3740234375,25
229,76591.64770507812,25
230,76054.96264648438,25
231,76553.982421875,25
232,75954.21240234375,25
233,76811.22875976562,25
234,76493.51953125,25
235,77058.25610351562,25
236,76821.41723632812,25
237,76367.00927734375,25
238,76525.01000976562,25
239,76588.93139648438,25
240,76154.06665039062,25
241,76386.0029296875,25
242,76150.78369140625,25
243,75949.62573242188,25
244,76670.33935546875,25
245,76532.80859375,25
246,76723.03515625,25
247,76680.26196289062,25
248,76214.14526367188,25
249,76672.51025390625,25
250,75586.73071289062,25
251,73595.19653320312,25
252,70830.861328125,25
253,70821.61694335938,25
254,70671.95556640625,25
255,71286.92016601562,25
256,71012.26440429688,25
257,71207.18872070312,25
258,71258.70483398438,25
259,71446.88500976562,25
260,71287.302734375,25
261,70990.62329101562,25
262,71140.85986328125,25
263,70985.57543945312,25
264,70783.66528320312,25
265,70943.1728515625,25
266,71046.53735351562,25
267,71029.97900390625,25
268,71093.21435546875,25
269,71000.24145507812,25
270,71100.20458984375,25
271,71091.95239257812,25
272,71113.29736328125,25
273,70823.65869140625,25
274,71038.61352539062,25
275,70898.82763671875,25
276,71218.61499023438,25
277,71092.333984375,25
278,70767.62939453125,25
279,71146.23510742188,25
280,71438.4619140625,25
281,71312.61401367188,25
282,71088.05395507812,25
283,71138.92358398438,25
284,71092.10400390625,25
285,70918.892578125,25
286,70519.16064453125,25
287,71174.34204101562,25
288,71039.39428710938,25
289,71116.80395507812,25
290,71264.2998046875,25
291,71098.27099609375,25
292,71123.4189453125,25
293,71227.82836914062,25
294,71126.3056640625,25
295,71037.52807617188,25
296,70789.48022460938,25
297,71128.32739257812,25
298,70980.08666992188,25
299,70720.22998046875,25
300,70801.83056640625,25
301,70698.72338867188,25
302,71351.0419921875,25
303,70842.90747070312,25
304,70722.23217773438,25
305,70307.03173828125,25
306,70755.41088867188,25
307,71148.392578125,25
308,70563.14404296875,25
309,70819.65893554688,25
310,71094.9814453125,25
311,70484.06811523438,25
312,71295.56005859375,25
313,71102.82348632812,25
314,70562.673828125,25
315,70817.314453125,25
316,71197.35083007812,25
317,70819.248046875,25
318,71059.08984375,25
319,70635.40795898438,25
320,70981.13208007812,25
321,70674.466796875,25
322,70840.43920898438,25
323,71115.60131835938,25
324,70931.78515625,25
325,70804.57470703125,25
326,70732.01196289062,25
327,70691.6435546875,25
328,70480.9599609375,25
329,70709.1396484375,25
330,70597.37231445312,25
331,70852.47314453125,25
332,70744.623046875,25
333,70883.57177734375,25
334,70887.07958984375,25
335,70710.30346679688,25
336,70357.921875,25
337,70768.22314453125,25
338,70449.552734375,25
339,70227.71484375,25
340,71003.5634765625,25
341,70579.25317382812,25
342,71209.51684570312,25
343,70600.60620117188,25
344,71147.39599609375,25
345,70862.6826171875,25
346,70941.75317382812,25
347,70951.03930664062,25
348,70247.5068359375,25
349,70789.54833984375,25
350,70840.431640625,25
351,70566.67919921875,25
352,71029.66748046875,25
353,70807.13061523438,25
354,70407.78686523438,25
355,70952.4189453125,25
356,70704.29125976562,25
357,70431.52270507812,25
358,70920.8134765625,25
359,70535.77270507812,25
360,71106.41333007812,25
361,70767.08862304688,25
362,70757.4150390625,25
363,70952.86010742188,25
364,70908.30249023438,25
365,70477.49291992188,25
366,71297.62866210938,25
367,70658.30541992188,25
368,70876.47094726562,25
369,71087.91284179688,25
370,71105.234375,25
371,70690.79858398438,25
372,70704.53051757812,25
373,71631.53466796875,25
374,72659.22412109375,25
375,75516.42919921875,25
376,76518.70678710938,25
377,76736.66552734375,25
378,77181.1396484375,25
379,76758.3779296875,25
380,76601.64868164062,25
381,76673.1015625,25
382,77072.59448242188,25
383,76849.80517578125,25
384,77114.10766601562,25
385,76843.845703125,25
386,76508.40942382812,25
387,76252.57055664062,25
388,77102.73071289062,25
389,76612.65234375,25
390,76742.12353515625,25
391,76867.6083984375,25
392,76503.6953125,25
393,76466.0458984375,25
394,76600.80541992188,25
395,76192.40600585938,25
396,76431.16528320312,25
397,76263.01586914062,25
398,76204.91723632812,25
399,76398.787109375,25
400,76150.9091796875,25
401,76501.72143554688,25
402,75915.61596679688,25
403,76469.73071289062,25
404,77746.2783203125,25
405,76725.60009765625,25
406,76368.31030273438,25
407,76536.04711914062,25
408,76791.9580078125,25
409,76334.3515625,25
410,76622.90893554688,25
411,76645.05932617188,25
412,76504.93627929688,25
413,76249.55932617188,25
414,76232.98315429688,25
415,76262.84252929688,25
416,76510.34545898438,25
417,76811.51025390625,25
418,76726.23852539062,25
419,76636.0546875,25
420,76176.2626953125,25
421,76543.00317382812,25
422,76336.14428710938,25
423,76469.26611328125,25
424,76331.03344726562,25
425,76896.41015625,25
426,76625.10546875,25
427,76616.833984375,25
428,76631.57250976562,25
429,76629.87719726562,25
430,76501.54248046875,25
431,76397.19897460938,25
432,77372.95190429688,25
433,75532.37548828125,25
434,70928.44287109375,25
435,70951.4423828125,25
436,71197.88598632812,25
437,70871.11865234375,25
438,70533.85717773438,25
439,71200.88525390625,25
440,71480.4716796875,25
441,70803.26147460938,25
442,71083.58081054688,25
443,71208.92578125,25
444,70810.0751953125,25
445,71289.49584960938,25
446,71227.88403320312,25
447,71461.66943359375,25
448,71354.5986328125,25
449,71175.86791992188,25
450,70928.37768554688,25
451,71260.25341796875,25
452,71093.05346679688,25
453,71123.32495117188,25
454,71394.28540039062,25
455,71209.076171875,25
456,71080.416015625,25
457,71198.80517578125,25
458,71316.27197265625,25
459,71151.97265625,25
460,71375.67236328125,25
461,71355.87231445312,25
462,71002.07177734375,25
463,71645.04248046875,25
464,71067.7880859375,25
465,71489.29174804688,25
466,71230.75537109375,25
467,71575.56518554688,25
468,71251.06323242188,25
469,70965.01879882812,25
470,71293.791015625,25
471,71345.41137695312,25
472,71350.72143554688,25
473,71657.5302734375,25
474,71535.75390625,25
475,71200.22143554688,25
476,71249.02709960938,25
477,71507.32763671875,25
478,72000.16284179688,25
479,72203.76293945312,25
480,71928.24780273438,25
481,72138.00659179688,25
482,72246.90112304688,25
483,71734.83374023438,25
484,71840.32788085938,25
485,71555.33178710938,25
486,71151.97192382812,25
487,70634.51538085938,25
488,70718.02392578125,25
489,70944.7060546875,25
490,71030.73266601562,25
491,70918.9189453125,25
492,70537.2177734375,25
493,70803.5078125,25
494,71083.39282226562,25
495,70776.25952148438,25
496,70602.97802734375,25
497,70557.31030273438,25
498,70999.72607421875,25
499,70891.28833007812,25
500,70819.17138671875,25
501,70852.66870117188,25
502,70429.44091796875,25
503,70677.693359375,25
504,70525.79663085938,25
505,70520.78295898438,25
506,71060.95263671875,25
507,71314.51513671875,25
508,70927.42236328125,25
509,70695.73974609375,25
510,71076.94018554688,25
511,70881.3759765625,25
512,70923.70971679688,25
513,71093.3203125,25
514,70642.46484375,25
515,70542.08422851562,25
516,70874.529296875,25
517,70568.58349609375,25
518,70822.52807617188,25
519,70532.47412109375,25
520,70984.7158203125,25
521,70782.39013671875,25
522,70812.396484375,25
523,70732.47534179688,25
524,70879.517578125,25
525,71359.21704101562,25
526,71103.9873046875,25
527,70970.28100585938,25
528,70767.61083984375,25
529,70717.55322265625,25
530,70343.99169921875,25
531,70731.17041015625,25
532,70780.47607421875,25
533,70855.24194335938,25
534,70368.96215820312,25
535,70908.22338867188,25
536,70952.1767578125,25
537,70551.017578125,25
538,70603.52270507812,25
539,70456.06079101562,25
540,70120.6005859375,25
541,70459.41040039062,25
542,70001.73315429688,25
543,69951.95385742188,25
544,70096.13330078125,25
545,69843.50317382812,25
546,70110.66064453125,25
547,69924.44799804688,25
548,69946.41455078125,25
549,70347.1025390625,25
550,69861.65747070312,25
551,69784.94458007812,25
552,70014.81079101562,25
553,70434.73266601562,25
554,70289.0908203125,25
555,69699.27661132812,25
556,69819.9150390625,25
557,70315.13330078125,25
558,69722.19897460938,25
559,70018.32495117188,25
560,70002.49462890625,25
561,70339.56909179688,25
562,70173.6806640625,25
563,70202.13720703125,25
564,69584.48559570312,25
565,70448.31225585938,25
566,70510.18237304688,25
567,69880.32202148438,25
568,69945.86645507812,25
569,69752.9794921875,25
570,69997.88745117188,25
571,69755.05419921875,25
572,70118.87280273438,25
573,70078.34594726562,25
574,70297.94946289062,25
575,69895.81127929688,25
576,69569.20385742188,25
577,70058.7373046875,25
578,70047.70141601562,25
579,69856.00170898438,25
580,70231.63403320312,25
581,70282.7607421875,25
582,69917.49560546875,25
583,70316.99145507812,25
584,69469.09985351562,25
585,70007.59716796875,25
586,70008.34399414062,25
587,70423.9580078125,25
588,69987.16967773438,25
589,70014.1064453125,25
590,69967.85864257812,25
591,69833.67236328125,25
592,70153.58618164062,25
593,69789.20068359375,25
594,69714.08227539062,25
595,70096.19677734375,25
596,69765.27954101562,25
597,70087.70849609375,25
598,70509.732421875,25
599,70022.88452148438,25
600,70417.91796875,25
601,70155.43725585938,25
602,70247.6201171875,25
603,69952.7509765625,25
604,69736.783203125,25
605,70105.3271484375,25
606,69991.96484375,25
607,70070.95190429688,25
608,70290.02368164062,25
609,70628.27734375,25
610,70583.05810546875,25
611,70676.7294921875,25
612,70318.39428710938,25
613,70647.23266601562,25
614,70832.12524414062,25
615,70798.10375976562,25
616,71050.6240234375,25
617,70315.47631835938,25
618,70836.5,25
619,70533.90185546875,25
620,70691.55078125,25
621,70366.73193359375,25
622,70907.93774414062,25
623,70652.62866210938,25
624,70011.07006835938,25
625,70380.87158203125,25
626,70159.32739257812,25
627,70085.32177734375,25
628,70191.92358398438,25
629,70683.54516601562,25
630,70153.14819335938,25
631,70225.12548828125,25
632,70715.25561523438,25
633,71617.6337890625,25
634,71772.11743164062,25
635,71651.6220703125,25
636,71742.44873046875,25
637,72233.07666015625,25
638,71895.90087890625,25
639,72360.09545898438,25
640,72018.78173828125,25
641,72446.64721679688,25
642,72540.23120117188,25
643,72218.97827148438,25
644,72146.9365234375,25
645,72681.15478515625,25
646,72679.37719726562,25
647,72570.9150390625,25
648,73208.63256835938,25
649,71735.51782226562,25
650,71355.45166015625,25
651,71137.39306640625,25
652,71509.31494140625,25
653,71791.00146484375,25
654,70939.04370117188,25
655,71503.39575195312,25
656,71214.806640625,25
657,71895.14868164062,25
658,71335.7939453125,25
659,71127.96435546875,25
660,71559.04858398438,25
661,71313.37255859375,25
662,71665.80053710938,25
663,71771.66430664062,25
664,71196.68676757812,25
665,71410.33544921875,25
666,71686.35034179688,25
667,71486.73852539062,25
668,71262.6533203125,25
669,71572.068359375,25
670,71631.45922851562,25
671,71529.80834960938,25
672,71607.28759765625,25
673,71357.3935546875,25
674,71785.42724609375,25
675,71562.86157226562,25
676,71017.66821289062,25
677,71928.783203125,25
678,71592.97729492188,25
679,71361.421875,25
680,71992.86328125,25
681,71629.453125,25
682,71543.5322265625,25
683,71907.38256835938,25
684,71205.19677734375,25
685,71337.97973632812,25
686,71708.29760742188,25
687,71355.74047851562,25
688,71146.25805664062,25
689,71566.15625,25
690,71083.19384765625,25
691,71024.54272460938,25
692,71481.556640625,25
693,71368.85913085938,25
694,71263.09692382812,25
695,71472.83935546875,25
696,71848.22534179688,25
697,72038.33056640625,25
698,71390.1025390625,25
699,71169.994140625,25
700,71348.44384765625,25
701,71734.52368164062,25
702,71526.14331054688,25
703,71334.30859375,25
704,71335.83544921875,25
705,71326.47583007812,25
706,71562.14770507812,25
707,71478.93774414062,25
708,71790.96557617188,25
709,71590.76538085938,25
710,71637.23364257812,25
711,71459.85180664062,25
712,71456.37060546875,25
713,71381.6884765625,25
714,71431.291015625,25
715,71777.86352539062,25
716,71725.37890625,25
717,71619.35107421875,25
718,70768.60864257812,25
719,71280.48461914062,25
720,70983.73266601562,25
721,71296.05834960938,25
722,71558.27392578125,25
723,71662.529296875,25
724,71567.07763671875,25
725,71261.23657226562,25
726,71235.29858398438,25
727,71251.85034179688,25
728,71654.04248046875,25
729,71456.53247070312,25
730,71600.92993164062,25
731,71751.31494140625,25
732,71794.96630859375,25
733,71745.30297851562,25
734,71436.88940429688,25
735,72063.765625,25
736,71601.92456054688,25
737,71982.48657226562,25
738,71336.25610351562,25
739,71699.00952148438,25
740,71505.1982421875,25
741,71766.11328125,25
742,71781.92553710938,25
743,72158.10791015625,25
744,72243.31567382812,25
745,71708.6875,25
746,71976.7626953125,25
747,71679.19873046875,25
748,71699.94506835938,25
749,71895.49755859375,25
750,72114.83349609375,25
751,71793.98779296875,25
752,71706.12744140625,25
753,71410.3896484375,25
754,71227.626953125,25
755,71630.76440429688,25
756,71135.58154296875,25
757,71112.57153320312,25
758,71533.19213867188,25
759,71100.71728515625,25
760,71050.42578125,25
761,71094.48681640625,25
762,70829.919921875,25
763,71645.71752929688,25
764,70733.1640625,25
765,71137.3291015625,25
766,71003.91845703125,25
767,71212.3115234375,25
768,71774.29565429688,25
769,71395.90234375,25
770,71853.98706054688,25
771,71764.36376953125,25
772,71179.74780273438,25
773,71964.79663085938,25
774,69675.41870117188,25
775,68374.09765625,25
776,66415.66333007812,25
777,66165.63671875,25
778,66084.611328125,25
779,66457.62060546875,25
780,65668.27490234375,25
781,65996.5888671875,25
782,66163.68872070312,25
783,65969.27685546875,25
784,66331.27172851562,25
785,65945.8154296875,25
786,66144.33056640625,25
787,66463.5244140625,25
788,66200.26684570312,25
789,65823.390625,25
790,66184.84497070312,25
791,65771.4599609375,25
792,66820.42895507812,25
793,66189.72973632812,25
794,66201.39624023438,25
795,66022.70654296875,25
796,66373.2275390625,25
797,66097.54931640625,25
798,66610.7919921875,25
799,66144.92114257812,25
800,66143.65258789062,25
801,66528.8359375,25
802,65897.76342773438,25
803,66049.69262695312,25
804,66412.09692382812,25
805,66208.615234375,25
806,65651.56811523438,25
807,66109.13525390625,25
808,66352.36596679688,25
809,66476.70068359375,25
810,65849.49462890625,25
811,66332.41333007812,25
812,66313.7255859375,25
813,65958.6767578125,25
814,66003.89916992188,25
815,65872.9384765625,25
816,65688.19580078125,25
817,66092.13110351562,25
818,66062.80053710938,25
819,65918.60888671875,25
820,65717.541015625,25
821,65499.59716796875,25
822,65772.63891601562,25
823,65585.20849609375,25
824,65525.196533203125,25
825,65649.26147460938,25
826,65891.27319335938,25
827,65442.26953125,25
828,65927.34350585938,25
829,65572.00805664062,25
830,66110.984375,25
831,65999.49047851562,25
832,65866.271484375,25
833,65696.267578125,25
834,65410.942138671875,25
835,65413.83251953125,25
836,65641.13330078125,25
837,66015.17431640625,25
838,65662.69604492188,25
839,65357.914306640625,25
840,65939.26806640625,25
841,65679.6728515625,25
842,65836.390625,25
843,65493.770751953125,25
844,65809.9765625,25
845,65631.28662109375,25
846,65970.36108398438,25
847,65996.57299804688,25
848,65932.00341796875,25
849,65857.64135742188,25
850,65983.55395507812,25
851,65727.36791992188,25
852,65560.40380859375,25
853,66216.4208984375,25
854,65300.2734375,25
855,65425.69091796875,25
856,65395.446533203125,25
857,66080.630859375,25
858,65641.22705078125,25
859,65775.53686523438,25
860,66092.515625,25
861,66307.95654296875,25
862,65604.47387695312,25
863,65803.57275390625,25
864,65958.44775390625,25
865,66081.6767578125,25
866,65556.83251953125,25
867,65930.12866210938,25
868,66062.03735351562,25
869,65754.85888671875,25
870,65857.20849609375,25
871,65793.05004882812,25
872,66000.912109375,25
873,66255.27905273438,25
874,66230.36181640625,25
875,66202.751953125,25
876,65875.76879882812,25
877,66057.89697265625,25
878,65937.111328125,25
879,65946.48486328125,25
880,66427.97509765625,25
881,66096.43090820312,25
882,66003.82592773438,25
883,66063.23779296875,25
884,66018.205078125,25
885,65975.65844726562,25
886,65832.53198242188,25
887,65883.17309570312,25
888,66143.23754882812,25
889,65482.70166015625,25
890,65907.77709960938,25
891,66394.28393554688,25
892,65875.73120117188,25
893,65566.5859375,25
894,65885.51489257812,25
895,66222.11840820312,25
896,66122.30493164062,25
897,65392.6669921875,25
898,65675.11962890625,25
899,65866.11401367188,25
900,65600.44995117188,25
901,65984.48291015625,25
902,65860.77709960938,25
903,65460.76171875,25
904,65769.10864257812,25
905,66233.82348632812,25
906,66045.32690429688,25
907,66019.20727539062,25
908,66117.74584960938,25
909,66363.81567382812,25
910,66581.10498046875,25
911,66319.15551757812,25
912,66489.05029296875,25
913,65632.22387695312,25
914,66090.6962890625,25
915,66402.83959960938,25
916,65762.0693359375,25
917,66269.34301757812,25
918,65869.75854492188,25
919,65979.06713867188,25
920,65609.83618164062,25
921,66053.69311523438,25
922,65771.166015625,25
923,65741.06713867188,25
924,66362.32861328125,25
925,65826.81225585938,25
926,65715.43579101562,25
927,66065.51220703125,25
928,65999.0048828125,25
929,66168.24536132812,25
930,66115.11889648438,25
931,66229.26928710938,25
932,66446.99658203125,25
933,65995.5595703125,25
934,65588.31713867188,25
935,65799.29370117188,25
936,65707.07348632812,25
937,65954.80151367188,25
938,65565.91723632812,25
939,66055.25708007812,25
940,65815.76708984375,25
941,65943.29467773438,25
942,66654.58984375,25
943,65857.44482421875,25
944,65875.55297851562,25
945,66171.39916992188,25
946,65666.09008789062,25
947,66096.32470703125,25
948,66011.01806640625,25
949,66145.34545898438,25
950,65826.46215820312,25
951,65778.5703125,25
952,66333.15576171875,25
953,66096.63403320312,25
954,65878.447265625,25
955,65757.89721679688,25
956,65663.0693359375,25
957,65785.0078125,25
958,65399.15380859375,25
959,66187.40844726562,25
960,65779.99267578125,25
961,66057.4296875,25
962,66322.86401367188,25
963,65953.70776367188,25
964,65734.80541992188,25
965,66012.15014648438,25
966,65687.24829101562,25
967,65680.54248046875,25
968,66094.1279296875,25
969,65961.791015625,25
970,66131.1787109375,25
971,65936.65161132812,25
972,66160.107421875,25
973,65850.90209960938,25
974,66021.38159179688,25
975,65874.51904296875,25
976,65986.70092773438,25
977,65962.896484375,25
978,65945.7412109375,25
979,66362.42016601562,25
980,66820.89624023438,25
981,66849.166015625,25
982,67028.14697265625,25
983,66809.09448242188,25
984,66701.63134765625,25
985,66752.50854492188,25
986,67251.767578125,25
987,66858.89965820312,25
988,67111.822265625,25
989,67377.41723632812,25
990,67295.921875,25
991,66827.65795898438,25
992,66936.25512695312,25
993,66657.30444335938,25
994,66985.09448242188,25
995,66818.07080078125,25
996,66803.39672851562,25
997,67005.58959960938,25
998,66943.4296875,25
999,66880.0537109375,25
1000,66746.90673828125,25
1001,67015.43920898438,25
1002,67128.07788085938,25
1003,66905.2041015625,25
1004,66921.62841796875,25
1005,67040.87915039062,25
1006,66584.08056640625,25
1007,66799.02954101562,25
1008,67124.63842773438,25
1009,66862.70727539062,25
1010,67021.087890625,25
1011,67129.57641601562,25
1012,66467.17993164062,25
1013,67113.67163085938,25
1014,67147.97802734375,25
1015,66768.25561523438,25
1016,66797.10717773438,25
1017,66468.81591796875,25
1018,66998.92309570312,25
1019,66868.55981445312,25
1020,67260.11767578125,25
1021,66801.72045898438,25
1022,66924.24267578125,25
1023,66515.41748046875,25
1024,66800.55883789062,25
1025,66947.4931640625,25
1026,66714.173828125,25
1027,66483.25903320312,25
1028,67019.40185546875,25
1029,66974.21264648438,25
1030,66396.45947265625,25
1031,67112.875,25
1032,66545.97021484375,25
1033,66361.24633789062,25
1034,66728.46655273438,25
1035,66659.73095703125,25
1036,66865.96850585938,25
1037,66691.00659179688,25
1038,66265.43798828125,25
1039,67102.47192382812,25
1040,66856.56640625,25
1041,67003.95776367188,25
1042,67130.76879882812,25
1043,66982.90747070312,25
1044,66988.4814453125,25
1045,67292.45849609375,25
1046,66998.97900390625,25
1047,66857.87548828125,25
1048,66816.18237304688,25
1049,66818.16381835938,25
1050,66978.98974609375,25
1051,66214.19360351562,25
1052,66962.16674804688,25
1053,66821.45385742188,25
1054,67031.92602539062,25
1055,66990.8583984375,25
1056,66906.62646484375,25
1057,66694.08764648438,25
1058,66814.54174804688,25
1059,67167.1142578125,25
1060,66610.23681640625,25
1061,67152.46435546875,25
1062,66844.63452148438,25
1063,66520.0478515625,25
1064,67077.23583984375,25
1065,66580.26879882812,25
1066,66871.2880859375,25
1067,67357.00390625,25
1068,67126.23046875,25
1069,66679.27734375,25
1070,66626.07543945312,25
1071,66896.30224609375,25
1072,66400.39086914062,25
1073,66735.64379882812,25
1074,67024.83935546875,25
1075,67066.44165039062,25
1076,67196.17236328125,25
1077,66989.24584960938,25
1078,66916.34619140625,25
1079,66985.02978515625,25
1080,66593.22241210938,25
1081,66939.36450195312,25
1082,66785.69873046875,25
1083,66967.91748046875,25
1084,66827.19506835938,25
1085,67024.56713867188,25
1086,67027.45727539062,25
1087,66934.73461914062,25
1088,67220.46923828125,25
1089,66963.50903320312,25
1090,66971.12768554688,25
1091,66631.92309570312,25
1092,66837.02612304688,25
1093,66631.93920898438,25
1094,67115.14379882812,25
1095,66672.63891601562,25
1096,67200.6083984375,25
1097,66680.32104492188,25
1098,67088.47729492188,25
1099,67004.63940429688,25
1100,66815.85205078125,25
1101,66834.146484375,25
1102,66910.65942382812,25
1103,66904.17993164062,25
1104,66607.5146484375,25
1105,66891.68286132812,25
1106,66951.24243164062,25
1107,67018.04418945312,25
1108,66842.54931640625,25
1109,66986.58935546875,25
1110,66895.77905273438,25
1111,66848.7958984375,25
1112,67130.82641601562,25
1113,66966.150390625,25
1114,66799.73071289062,25
1115,67036.87133789062,25
1116,66703.18505859375,25
1117,67158.53857421875,25
1118,66595.25268554688,25
1119,66656.63916015625,25
1120,66552.61474609375,25
1121,66683.52172851562,25
1122,66670.44384765625,25
1123,67222.45703125,25
1124,66991.79345703125,25
1125,66579.390625,25
1126,67302.01708984375,25
1127,67220.69262695312,25
1128,66342.7451171875,25
1129,67192.8671875,25
1130,66784.67163085938,25
1131,66752.97045898438,25
1132,66684.44116210938,25
1133,66461.07470703125,25
1134,66952.56762695312,25
1135,67236.90991210938,25
1136,66440.26806640625,25
1137,66516.15844726562,25
1138,66466.25439453125,25
1139,66588.65673828125,25
1140,66696.30834960938,25
1141,66840.55590820312,25
1142,66739.29809570312,25
1143,66742.07299804688,25
1144,66643.130859375,25
1145,66732.34399414062,25
1146,66581.38232421875,25
1147,66593.68432617188,25
1148,66201.54833984375,25
1149,66720.8740234375,25
1150,66891.46850585938,25
1151,66159.87329101562,25
1152,66787.34521484375,25
1153,66804.48193359375,25
1154,66828.73193359375,25
1155,66740.18798828125,25
1156,66737.28662109375,25
1157,66661.1513671875,25
1158,66961.62426757812,25
1159,67134.4345703125,25
1160,67216.68676757812,25
1161,66798.31030273438,25
1162,66964.0546875,25
1163,66772.34228515625,25
1164,66627.51416015625,25
1165,66867.72802734375,25
1166,66972.20629882812,25
1167,66879.6767578125,25
1168,66945.87231445312,25
1169,66648.41455078125,25
1170,67082.77124023438,25
1171,66767.37133789062,25
1172,67074.80078125,25
1173,66688.5625,25
1174,67241.16870117188,25
1175,66759.18530273438,25
1176,67085.3291015625,25
1177,66988.3681640625,25
1178,66794.8818359375,25
1179,66800.69091796875,25
1180,66415.47924804688,25
1181,66421.47778320312,25
1182,66311.6103515625,25
1183,66694.75268554688,25
1184,67132.75659179688,25
1185,66292.35229492188,25
1186,66329.40209960938,25
1187,66406.16064453125,25
1188,66566.8056640625,25
1189,66752.26879882812,25
1190,66771.21411132812,25
1191,66885.62768554688,25
1192,66628.71801757812,25
1193,66846.82373046875,25
1194,66931.50268554688,25
1195,66512.84936523438,25
1196,66782.00952148438,25
1197,66892.19555664062,25
1198,66366.01904296875,25
1199,66953.90698242188,25
1200,66832.49438476562,25
1201,66462.21728515625,25
1202,67026.83618164062,25
1203,66959.267578125,25
1204,66817.0859375,25
1205,66813.73681640625,25
1206,66838.78125,25
1207,66738.21313476562,25
1208,67148.62817382812,25
1209,66855.55932617188,25
1210,66777.92797851562,25
1211,67083.35717773438,25
1212,67018.12939453125,25
1213,66938.44750976562,25
1214,66857.57739257812,25
1215,66257.98950195312,25
1216,67095.22412109375,25
1217,66232.19116210938,25
1218,66766.00317382812,25
1219,66885.16137695312,25
1220,66767.76879882812,25
1221,66787.80004882812,25
1222,67051.55590820312,25
1223,66584.57104492188,25
1224,67110.06030273438,25
1225,66695.26879882812,25
1226,66852.80200195312,25
1227,66774.00439453125,25
1228,66237.77783203125,25
1229,66773.806640625,25
1230,66342.15283203125,25
1231,66903.64794921875,25
1232,66137.86767578125,25
1233,66538.24194335938,25
1234,66527.9892578125,25
1235,66489.98950195312,25
1236,66714.54077148438,25
1237,66678.61083984375,25
1238,66581.546875,25
1239,66432.03881835938,25
1240,66304.650390625,25
1241,66939.43774414062,25
1242,66761.41748046875,25
1243,66536.04052734375,25
1244,66502.49633789062,25
1245,66789.73315429688,25
1246,66427.365234375,25
1247,66588.15869140625,25
1248,66788.02856445312,25
1249,66412.4775390625,25
1250,66849.59155273438,25
1251,66477.1484375,25
1252,66379.57983398438,25
1253,66540.65063476562,25
1254,66612.79321289062,25
1255,66110.04541015625,25
1256,66166.52685546875,25
1257,66763.9150390625,25
1258,66349.73828125,25
1259,66850.6376953125,25
1260,66627.39990234375,25
1261,67045.12426757812,25
1262,66601.65283203125,25
1263,66649.23974609375,25
1264,66687.66943359375,25
1265,66548.14428710938,25
1266,66998.93041992188,25
1267,66664.80883789062,25
1268,66317.5048828125,25
1269,66774.5400390625,25
1270,66741.19506835938,25
1271,66482.78930664062,25
1272,66583.09619140625,25
1273,66547.39184570312,25
1274,66443.62451171875,25
1275,66516.1259765625,25
1276,67180.62939453125,25
1277,66124.8369140625,25
1278,66502.18530273438,25
1279,65555.9013671875,25
1280,66165.87670898438,25
1281,65598.23266601562,25
1282,65497.385009765625,25
1283,65955.4697265625,25
1284,65949.1904296875,25
1285,65930.28540039062,25
1286,65758.0341796875,25
1287,66083.97509765625,25
1288,66281.41845703125,25
1289,65775.8251953125,25
1290,65446.17919921875,25
1291,65710.5615234375,25
1292,65935.2275390625,25
1293,65588.388671875,25
1294,65950.94946289062,25
1295,65783.39379882812,25
1296,65823.16479492188,25
1297,65742.5595703125,25
1298,65439.900146484375,25
1299,65996.30249023438,25
1300,65715.45166015625,25
1301,66117.66796875,25
1302,65721.533203125,25
1303,65901.3173828125,25
1304,65744.19189453125,25
1305,65715.9404296875,25
1306,65947.4755859375,25
1307,65982.69555664062,25
1308,65727.00830078125,25
1309,65745.86889648438,25
1310,66122.92895507812,25
1311,65047.059814453125,25
1312,66116.09399414062,25
1313,65855.708984375,25
1314,65718.62548828125,25
1315,65739.44799804688,25
1316,65476.9912109375,25
1317,65691.24145507812,25
1318,66472.5205078125,25
1319,65670.71362304688,25
1320,65638.66137695312,25
1321,65537.83715820312,25
1322,65903.5859375,25
1323,65324.0888671875,25
1324,65619.0576171875,25
1325,65606.36499023438,25
1326,65784.04174804688,25
1327,65779.2099609375,25
1328,65742.90380859375,25
1329,65717.08178710938,25
1330,65329.03759765625,25
1331,65329.11962890625,25
1332,65943.88549804688,25
1333,65482.10693359375,25
1334,65944.43334960938,25
1335,65914.13012695312,25
1336,65966.95727539062,25
1337,65994.34692382812,25
1338,66011.15063476562,25
1339,66009.43505859375,25
1340,65763.3173828125,25
1341,65969.51098632812,25
1342,66109.3203125,25
1343,65933.16967773438,25
1344,65555.47534179688,25
1345,65490.689697265625,25
1346,65546.82275390625,25
1347,65788.18212890625,25
1348,65456.299560546875,25
1349,65612.05322265625,25
1350,65463.75048828125,25
1351,65916.73974609375,25
1352,65921.76025390625,25
1353,65563.22216796875,25
1354,65944.341796875,25
1355,65545.45532226562,25
1356,65807.54443359375,25
1357,65807.53247070312,25
1358,65581.28393554688,25
1359,65774.88256835938,25
1360,65875.54809570312,25
1361,65701.27880859375,25
1362,65605.49755859375,25
1363,65822.26611328125,25
1364,65983.0625,25
1365,65730.59521484375,25
1366,66192.40478515625,25
1367,66029.6826171875,25
1368,65819.42553710938,25
1369,66069.48706054688,25
1370,65665.98046875,25
1371,66055.83056640625,25
1372,65670.4755859375,25
1373,65665.54931640625,25
1374,65600.71801757812,25
1375,65755.01611328125,25
1376,65721.11059570312,25
1377,65461.610107421875,25
1378,65029.89892578125,25
1379,65486.41064453125,25
1380,65510.706298828125,25
1381,65856.40087890625,25
1382,65825.43676757812,25
1383,65675.0361328125,25
1384,65567.568359375,25
1385,65528.361328125,25
1386,65790.8681640625,25
1387,65703.27221679688,25
1388,65301.24365234375,25
1389,65913.04760742188,25
1390,65522.9228515625,25
1391,65563.34912109375,25
1392,65541.76538085938,25
1393,65722.33715820312,25
1394,65784.76831054688,25
1395,65917.96411132812,25
1396,65580.05737304688,25
1397,65363.070556640625,25
1398,65889.701171875,25
1399,65943.89184570312,25
1400,65876.23852539062,25
1401,66605.6708984375,25
1402,65957.357421875,25
1403,65434.007080078125,25
1404,65703.10546875,25
1405,65673.30249023438,25
1406,65746.83178710938,25
1407,65876.74072265625,25
1408,65615.15625,25
1409,66062.81860351562,25
1410,65471.23974609375,25
1411,65616.95190429688,25
1412,65703.01196289062,25
1413,65459.014404296875,25
1414,65845.03002929688,25
1415,65350.458251953125,25
1416,65555.27392578125,25
1417,65898.16577148438,25
1418,65786.69287109375,25
1419,65919.86450195312,25
1420,65905.87060546875,25
1421,65853.0869140625,25
1422,65806.71484375,25
1423,65405.011474609375,25
1424,65767.873046875,25
1425,65593.19555664062,25
1426,65530.900634765625,25
1427,66012.94018554688,25
1428,65743.14453125,25
1429,65612.40478515625,25
1430,65992.60791015625,25
1431,65612.55834960938,25
1432,65970.73266601562,25
1433,65458.859619140625,25
1434,65457.960205078125,25
1435,65631.72607421875,25
1436,65937.611328125,25
1437,66075.25512695312,25
1438,70110.64428710938,25
1439,70933.67578125,25
1440,71297.33374023438,25
1441,71235.09106445312,25
1442,71064.26098632812,25
1443,70961.7509765625,25
1444,71221.01831054688,25
1445,71218.6474609375,25
1446,70799.29150390625,25
1447,71282.15600585938,25
1448,71071.73046875,25
1449,71007.51196289062,25
1450,70879.09301757812,25
1451,71196.46557617188,25
1452,70972.10107421875,25
1453,71542.59301757812,25
1454,71251.115234375,25
1455,71162.78393554688,25
1456,71143.3017578125,25
1457,71027.18408203125,25
1458,71419.63427734375,25
1459,71110.86865234375,25
1460,71022.08520507812,25
1461,71243.00830078125,25
1462,71061.6982421875,25
1463,71317.56713867188,25
1464,71400.162109375,25
1465,71426.67407226562,25
1466,71282.39477539062,25
1467,71498.33422851562,25
1468,71191.43212890625,25
1469,71260.58056640625,25
1470,71617.74584960938,25
1471,71051.353515625,25
1472,71158.2666015625,25
1473,71561.7783203125,25
1474,70931.97265625,25
1475,70645.69213867188,25
1476,71359.97583007812,25
1477,70998.56372070312,25
1478,70989.06713867188,25
1479,70644.50024414062,25
1480,71197.39428710938,25
1481,71293.84692382812,25
1482,71364.00122070312,25
1483,71462.78784179688,25
1484,71253.83520507812,25
1485,71371.22216796875,25
1486,71398.44799804688,25
1487,71489.94604492188,25
1488,71400.06225585938,25
1489,71496.31787109375,25
1490,71579.43481445312,25
1491,71002.82495117188,25
1492,71778.16625976562,25
1493,71217.24487304688,25
1494,71607.86157226562,25
1495,71239.67309570312,25
1496,71256.83959960938,25
1497,70784.8798828125,25
1498,71563.2294921875,25
1499,71042.81005859375,25
1500,71278.02221679688,25
1501,70462.70361328125,25
1502,71321.03002929688,25
1503,71427.51904296875,25
1504,71230.66748046875,25
1505,71090.93017578125,25
1506,70902.28784179688,25
1507,71075.60180664062,25
1508,71191.44799804688,25
1509,71082.29223632812,25
1510,71480.53686523438,25
1511,71329.54614257812,25
1512,71513.78125,25
1513,71414.86596679688,25
1514,71416.9853515625,25
1515,70709.88671875,25
1516,70975.81396484375,25
1517,71464.80444335938,25
1518,71150.94750976562,25
1519,71212.00170898438,25
1520,71222.451171875,25
1521,71271.41381835938,25
1522,71214.15893554688,25
1523,71794.3701171875,25
1524,71376.57104492188,25
1525,71274.74487304688,25
1526,71885.36743164062,25
1527,71294.83569335938,25
1528,71619.69653320312,25
1529,70918.85620117188,25
1530,71075.763671875,25
1531,71225.01293945312,25
1532,71311.92602539062,25
1533,71051.72680664062,25
1534,71393.74365234375,25
1535,71158.55346679688,25
1536,71002.50390625,25
1537,71602.91162109375,25
1538,71453.55834960938,25
1539,70791.80419921875,25
1540,70869.50732421875,25
1541,71338.56616210938,25
1542,71685.4794921875,25
1543,71571.6357421875,25
1544,71517.15673828125,25
1545,71169.0859375,25
1546,71069.36108398438,25
1547,71443.45361328125,25
1548,71371.2216796875,25
1549,71858.17700195312,25
1550,71739.97216796875,25
1551,71000.2138671875,25
1552,71095.14916992188,25
1553,71159.2021484375,25
1554,71556.79833984375,25
1555,71622.39721679688,25
1556,71467.1015625,25
1557,71448.982421875,25
1558,71213.21875,25
1559,71001.666015625,25
1560,71337.4580078125,25
1561,71158.11645507812,25
1562,71186.35986328125,25
1563,71228.67529296875,25
1564,71499.5234375,25
1565,70934.77807617188,25
1566,71440.94799804688,25
1567,71247.74682617188,25
1568,71401.29467773438,25
1569,70949.25927734375,25
1570,71666.14624023438,25
1571,71144.08081054688,25
1572,71550.06469726562,25
1573,71498.48901367188,25
1574,70734.6708984375,25
1575,71289.83129882812,25
1576,70898.94604492188,25
1577,71834.25024414062,25
1578,71254.2548828125,25
1579,71514.69702148438,25
1580,71104.19848632812,25
1581,71392.13354492188,25
1582,71188.88549804688,25
1583,71172.2705078125,25
1584,71620.59497070312,25
1585,71248.36743164062,25
1586,71200.99072265625,25
1587,71517.796875,25
1588,71418.62573242188,25
1589,71459.34155273438,25
1590,71241.48657226562,25
1591,71466.39135742188,25
1592,71470.9404296875,25
1593,71412.9228515625,25
1594,71283.03637695312,25
1595,70970.44458007812,25
1596,71075.92700195312,25
1597,71253.27734375,25
1598,71173.55883789062,25
1599,71538.6552734375,25
1600,71212.68041992188,25
1601,71312.970703125,25
1602,71457.533203125,25
1603,71421.1015625,25
1604,71558.47094726562,25
1605,71343.57934570312,25
1606,71276.0986328125,25
1607,71616.673828125,25
1608,71468.4482421875,25
1609,71328.96630859375,25
1610,71253.53588867188,25
1611,71810.50219726562,25
1612,71439.74291992188,25
1613,71732.16381835938,25
1614,71313.193359375,25
1615,71429.70532226562,25
1616,71328.05444335938,25
1617,71524.16625976562,25
1618,71495.08642578125,25
1619,71320.23291015625,25
1620,71321.8037109375,25
1621,71615.62744140625,25
1622,71358.0712890625,25
1623,71760.53784179688,25
1624,71132.07080078125,25
1625,71470.38427734375,25
1626,71585.30395507812,25
1627,71214.75366210938,25
1628,71680.08935546875,25
1629,71737.69091796875,25
1630,71511.39111328125,25
1631,71189.51123046875,25
1632,71463.71899414062,25
1633,71580.9638671875,25
1634,71680.87231445312,25
1635,71356.7587890625,25
1636,71605.52661132812,25
1637,71537.87231445312,25
1638,71411.47143554688,25
1639,72064.4775390625,25
1640,71556.15209960938,25
1641,71181.47680664062,25
1642,72113.31103515625,25
1643,71316.50537109375,25
1644,71346.89208984375,25
1645,71372.11865234375,25
1646,70851.45288085938,25
1647,71486.9921875,25
1648,71326.53051757812,25
1649,71728.98095703125,25
1650,71299.44213867188,25
1651,72014.87255859375,25
1652,71443.986328125,25
1653,71621.99340820312,25
1654,71194.03491210938,25
1655,71368.44921875,25
1656,71409.14282226562,25
1657,71392.01416015625,25
1658,72011.37475585938,25
1659,71288.35205078125,25
1660,71251.13110351562,25
1661,71215.27954101562,25
1662,71496.91186523438,25
1663,71463.70751953125,25
1664,71623.42797851562,25
1665,71714.533203125,25
1666,71242.57397460938,25
1667,71342.53125,25
1668,70794.0556640625,25
1669,71818.36303710938,25
1670,71646.3955078125,25
1671,71636.86840820312,25
1672,71081.44848632812,25
1673,71515.38818359375,25
1674,71645.86401367188,25
1675,71686.9150390625,25
1676,71442.48217773438,25
1677,71476.30883789062,25
1678,71509.72265625,25
1679,71468.43359375,25
1680,71108.26391601562,25
1681,71158.59692382812,25
1682,71824.63525390625,25
1683,71781.17651367188,25
1684,71167.57592773438,25
1685,71369.4921875,25
1686,71262.12280273438,25
1687,71606.21606445312,25
1688,71417.11059570312,25
1689,71707.87548828125,25
1690,71368.99096679688,25
1691,71486.32495117188,25
1692,71427.7861328125,25
1693,71821.49194335938,25
1694,71507.1650390625,25
1695,71189.47631835938,25
1696,71816.98999023438,25
1697,71728.18969726562,25
1698,71702.62353515625,25
1699,71372.7294921875,25
1700,71527.55004882812,25
1701,71167.677734375,25
1702,71541.57641601562,25
1703,71717.36157226562,25
1704,71478.17041015625,25
1705,71484.73388671875,25
1706,71925.84814453125,25
1707,71341.41674804688,25
1708,71581.33666992188,25
1709,71405.92993164062,25
1710,71793.71240234375,25
1711,71622.15478515625,25
1712,71930.07397460938,25
1713,71184.99340820312,25
1714,71438.21240234375,25
1715,71973.857421875,25
1716,70957.51318359375,25
1717,71711.12866210938,25
1718,71169.9638671875,25
1719,72048.42651367188,25
1720,71836.40991210938,25
1721,71920.40698242188,25
1722,71473.02587890625,25
1723,71748.736328125,25
1724,71329.93359375,25
1725,71671.89721679688,25
1726,71566.30615234375,25
1727,71770.9775390625,25
1728,71097.06567382812,25
1729,71399.02221679688,25
1730,71407.98095703125,25
1731,71539.92114257812,25
1732,71337.58081054688,25
1733,71433.43969726562,25
1734,70993.15600585938,25
1735,71636.72045898438,25
1736,71411.45776367188,25
1737,71287.15356445312,25
1738,71217.84399414062,25
1739,71213.24658203125,25
1740,71374.58203125,25
1741,71352.08569335938,25
1742,71373.126953125,25
1743,71778.466796875,25
1744,71745.412109375,25
1745,71720.76733398438,25
1746,71307.64624023438,25
1747,71522.76147460938,25
1748,71608.50390625,25
1749,71564.61303710938,25
1750,71611.64013671875,25
1751,71739.37622070312,25
1752,71612.19653320312,25
1753,71359.50439453125,25
1754,71438.1201171875,25
1755,71677.80639648438,25
1756,71654.00805664062,25
1757,71185.07495117188,25
1758,71009.93579101562,25
1759,71415.51196289062,25
1760,71296.86572265625,25
1761,71724.78149414062,25
1762,71224.85083007812,25
1763,71075.25634765625,25
1764,71586.75537109375,25
1765,71593.53955078125,25
1766,71802.47485351562,25
1767,71550.78833007812,25
1768,71601.66748046875,25
1769,71200.83666992188,25
1770,71677.5615234375,25
1771,71861.37451171875,25
1772,71066.25366210938,25
1773,71872.20239257812,25
1774,72089.7685546875,25
1775,71464.19067382812,25
1776,71222.6650390625,25
1777,71340.20947265625,25
1778,71481.88647460938,25
1779,71096.62744140625,25
1780,71439.72241210938,25
1781,71246.31323242188,25
1782,71308.80102539062,25
1783,71575.29565429688,25
1784,71533.6708984375,25
1785,71792.09619140625,25
1786,71553.85815429688,25
1787,71381.29711914062,25
1788,71551.05615234375,25
1789,71393.48754882812,25
1790,71434.41479492188,25
1791,71648.2548828125,25
1792,71493.4833984375,25
1793,71472.79638671875,25
1794,72175.501953125,25
1795,73582.79541015625,25
1796,74321.35083007812,25
1797,74200.666015625,25
1798,74546.28540039062,25
1799,74523.62670898438,25
1800,73967.171875,25
1801,73970.88354492188,25
1802,74289.99462890625,25
1803,74132.81762695312,25
1804,74219.3212890625,25
1805,74032.6328125,25
1806,74271.2236328125,25
1807,74559.60278320312,25
1808,74353.43212890625,25
1809,74454.8017578125,25
1810,74435.56860351562,25
1811,74189.42114257812,25
1812,74307.25903320312,25
1813,74630.56958007812,25
1814,74312.35546875,25
1815,74372.31127929688,25
1816,74403.09106445312,25
1817,74212.81518554688,25
1818,74639.8798828125,25
1819,74564.14331054688,25
1820,74223.6748046875,25
1821,74302.59521484375,25
1822,73820.134765625,25
1823,74135.93530273438,25
1824,74507.27001953125,25
1825,74187.65795898438,25
1826,74192.46850585938,25
1827,73916.18701171875,25
1828,73734.6533203125,25
1829,74239.22778320312,25
1830,74049.49267578125,25
1831,73964.45190429688,25
1832,73915.73876953125,25
1833,74087.95141601562,25
1834,74035.2509765625,25
1835,74151.685546875,25
1836,74125.91186523438,25
1837,73718.794921875,25
1838,74106.96557617188,25
1839,74076.60961914062,25
1840,74765.11499023438,25
1841,74165.3125,25
1842,74604.4033203125,25
1843,74261.0576171875,25
1844,74244.15161132812,25
1845,74096.01733398438,25
1846,74562.23266601562,25
1847,74730.03149414062,25
1848,74143.06958007812,25
1849,74149.5400390625,25
1850,74281.25122070312,25
1851,73699.18359375,25
1852,74054.47241210938,25
1853,74431.70166015625,25
1854,74205.60986328125,25
1855,74645.326171875,25
1856,74404.2119140625,25
1857,74258.03637695312,25
1858,74021.19409179688,25
1859,74023.94555664062,25
1860,74314.16674804688,25
1861,74433.39306640625,25
1862,74470.9560546875,25
1863,74419.36108398438,25
1864,74347.85229492188,25
1865,74287.5595703125,25
1866,74096.04516601562,25
1867,74319.54443359375,25
1868,74645.68334960938,25
1869,74664.857421875,25
1870,73858.8349609375,25
1871,74893.9716796875,25
1872,74405.10278320312,25
1873,74483.84912109375,25
1874,74075.65893554688,25
1875,74030.517578125,25
1876,73613.857421875,25
1877,73593.06640625,25
1878,73857.41650390625,25
1879,73929.20068359375,25
1880,74117.74780273438,25
1881,74412.091796875,25
1882,74167.06958007812,25
1883,73938.61743164062,25
1884,73856.94360351562,25
1885,74215.8017578125,25
1886,73948.5859375,25
1887,73859.27685546875,25
1888,74068.87377929688,25
1889,73915.2978515625,25
1890,74026.09521484375,25
1891,74490.666015625,25
1892,74232.9794921875,25
1893,73868.49536132812,25
1894,74136.72216796875,25
1895,74390.13818359375,25
1896,74739.69506835938,25
1897,74416.04028320312,25
1898,74493.4033203125,25
1899,74904.1533203125,25
1900,74626.21435546875,25
1901,74632.0986328125,25
1902,74776.3095703125,25
1903,74784.19213867188,25
1904,74450.32055664062,25
1905,75151.50415039062,25
1906,74572.76171875,25
1907,74090.95166015625,25
1908,74696.00415039062,25
1909,73980.28491210938,25
1910,73824.44287109375,25
1911,74595.2001953125,25
1912,74019.98828125,25
1913,74635.3203125,25
1914,73926.779296875,25
1915,74636.865234375,25
1916,74383.34521484375,25
1917,74350.03540039062,25
1918,74617.65185546875,25
1919,74689.94750976562,25
1920,74107.08569335938,25
1921,74401.69067382812,25
1922,74273.28564453125,25
1923,74722.30859375,25
1924,74339.22216796875,25
1925,74364.11694335938,25
1926,74110.75122070312,25
1927,74635.7021484375,25
1928,74501.85913085938,25
1929,74471.05908203125,25
1930,74437.6201171875,25
1931,74238.62915039062,25
1932,74397.28662109375,25
1933,74391.75927734375,25
1934,74576.01440429688,25
1935,74320.14721679688,25
1936,74363.84375,25
1937,73928.85229492188,25
1938,74698.8046875,25
1939,74329.24755859375,25
1940,74430.96801757812,25
1941,74191.40771484375,25
1942,74635.72924804688,25
1943,74724.14501953125,25
1944,74685.21313476562,25
1945,74498.10302734375,25
1946,74792.7841796875,25
1947,74523.0615234375,25
1948,74328.35278320312,25
1949,74595.60473632812,25
1950,74240.75561523438,25
1951,74460.10668945312,25
1952,74487.11987304688,25
1953,74333.74340820312,25
1954,74674.7998046875,25
1955,74101.8994140625,25
1956,74040.72021484375,25
1957,74685.46069335938,25
1958,74249.0478515625,25
1959,74198.8232421875,25
1960,74673.11962890625,25
1961,74123.34130859375,25
1962,74367.2666015625,25
1963,74026.81689453125,25
1964,74156.30249023438,25
1965,74826.40576171875,25
1966,73769.81103515625,25
1967,74503.31298828125,25
1968,74736.66088867188,25
1969,74611.93603515625,25
1970,74042.0390625,25
1971,74706.2890625,25
1972,74529.4091796875,25
1973,74518.5234375,25
1974,74273.06176757812,25
1975,74645.30395507812,25
1976,74352.50512695312,25
1977,74148.32739257812,25
1978,74301.8046875,25
1979,74210.29809570312,25
1980,74754.07592773438,25
1981,74210.46704101562,25
1982,74075.01391601562,25
1983,74320.11694335938,25
1984,74380.126953125,25
1985,74047.20727539062,25
1986,74522.72802734375,25
1987,74826.7216796875,25
1988,74593.0703125,25
1989,73847.94165039062,25
1990,74455.5224609375,25
1991,75073.04956054688,25
1992,74787.34008789062,25
1993,74190.58251953125,25
1994,74164.57153320312,25
1995,74585.11157226562,25
1996,75804.30615234375,25
1997,76163.69873046875,25
1998,75966.16528320312,25
1999,76104.50634765625,25
2000,75832.076171875,25
2001,75978.89672851562,25
2002,76194.71142578125,25
2003,76244.76538085938,25
2004,76271.22973632812,25
2005,75998.36059570312,25
2006,76384.0546875,25
2007,75960.98022460938,25
2008,75886.88354492188,25
2009,75552.59692382812,25
2010,75511.03051757812,25
2011,76124.46044921875,25
2012,75705.79345703125,25
2013,76268.5419921875,25
2014,76020.89916992188,25
2015,76291.11279296875,25
2016,75596.84692382812,25
2017,76240.0458984375,25
2018,75762.75024414062,25
2019,75574.87060546875,25
2020,75608.41967773438,25
2021,75768.76904296875,25
2022,75268.0302734375,25
2023,76205.029296875,25
2024,76023.68188476562,25
2025,75747.12377929688,25
2026,75902.06591796875,25
2027,75397.97680664062,25
2028,76047.12060546875,25
2029,75847.4267578125,25
2030,75951.28784179688,25
2031,75573.58471679688,25
2032,75758.263671875,25
2033,75319.9521484375,25
2034,75487.4482421875,25
2035,75308.3681640625,25
2036,75749.05249023438,25
2037,75859.64111328125,25
2038,75743.93505859375,25
2039,75409.017578125,25
2040,75756.15966796875,25
2041,75476.265625,25
2042,75965.95239257812,25
2043,75943.251953125,25
2044,76061.57177734375,25
2045,75753.58056640625,25
2046,75863.77563476562,25
2047,75598.52880859375,25
2048,75434.48461914062,25
2049,75720.5400390625,25
2050,75893.64501953125,25
2051,75620.73754882812,25
2052,75554.61743164062,25
2053,75565.12255859375,25
2054,75597.912109375,25
2055,76266.3056640625,25
2056,75973.50830078125,25
2057,75837.92407226562,25
2058,75557.78759765625,25
2059,75729.34228515625,25
2060,75733.77124023438,25
2061,75653.53955078125,25
2062,75948.42602539062,25
2063,75583.41845703125,25
2064,75958.19677734375,25
2065,76019.658203125,25
2066,76007.97583007812,25
2067,75787.35717773438,25
2068,75306.02099609375,25
2069,75980.0791015625,25
2070,75786.05078125,25
2071,75751.03369140625,25
2072,75934.115234375,25
2073,76066.27319335938,25
2074,76281.0322265625,25
2075,75839.26293945312,25
2076,75728.1943359375,25
2077,75819.95727539062,25
2078,75671.60131835938,25
2079,75668.32983398438,25
2080,75415.78002929688,25
2081,75498.84301757812,25
2082,75305.8486328125,25
2083,75452.23315429688,25
2084,75227.56811523438,25
2085,74982.5654296875,25
2086,75475.0595703125,25
2087,75393.00854492188,25
2088,75297.2607421875,25
2089,75104.53588867188,25
2090,75596.4248046875,25
2091,75134.82885742188,25
2092,75729.86694335938,25
2093,75149.62329101562,25
2094,74945.19311523438,25
2095,75392.24731445312,25
2096,75261.27856445312,25
2097,75436.73046875,25
2098,75204.06494140625,25
2099,74965.97241210938,25
2100,75158.8447265625,25
2101,75677.43212890625,25
2102,75273.30126953125,25
2103,75488.52563476562,25
2104,75085.0390625,25
2105,75008.87451171875,25
2106,74946.74755859375,25
2107,75320.1279296875,25
2108,75298.41674804688,25
2109,75478.0537109375,25
2110,75225.54907226562,25
2111,75147.80810546875,25
2112,75291.1005859375,25
2113,75635.03051757812,25
2114,75102.10815429688,25
2115,75299.67700195312,25
2116,75503.86987304688,25
2117,74957.02807617188,25
2118,74989.64697265625,25
2119,74884.42919921875,25
2120,75444.1796875,25
2121,75576.93041992188,25
2122,75155.88525390625,25
2123,75089.34106445312,25
2124,75410.60913085938,25
2125,74987.109375,25
2126,75008.87548828125,25
2127,75223.06469726562,25
2128,75613.76318359375,25
2129,75263.3759765625,25
2130,75671.38842773438,25
2131,75111.50439453125,25
2132,75394.0673828125,25
2133,75376.4794921875,25
2134,75691.61645507812,25
2135,75153.27465820312,25
2136,75247.89086914062,25
2137,75175.9189453125,25
2138,74984.07299804688,25
2139,75355.150390625,25
2140,75420.98510742188,25
2141,74986.64526367188,25
2142,75377.32397460938,25
2143,75673.47631835938,25
2144,75429.30322265625,25
2145,75241.01220703125,25
2146,75340.90844726562,25
2147,75167.24951171875,25
2148,75422.8408203125,25
2149,75497.8671875,25
2150,74998.1572265625,25
2151,75289.6279296875,25
2152,75486.19653320312,25
2153,75471.23364257812,25
2154,74808.79223632812,25
2155,75103.34692382812,25
2156,74973.63427734375,25
2157,75144.87231445312,25
2158,75076.19750976562,25
2159,75348.357421875,25
2160,75396.78784179688,25
2161,75560.74609375,25
2162,75522.025390625,25
2163,75410.33618164062,25
2164,75118.45971679688,25
2165,75564.44213867188,25
2166,75495.8427734375,25
2167,75637.14013671875,25
2168,75722.0810546875,25
2169,75217.87109375,25
2170,75421.03173828125,25
2171,75824.06127929688,25
2172,75358.005859375,25
2173,75647.47338867188,25
2174,75969.9091796875,25
2175,75823.07446289062,25
2176,75793.65454101562,25
2177,75331.39184570312,25
2178,75451.42504882812,25
2179,75517.6806640625,25
2180,75779.47412109375,25
2181,75486.22827148438,25
2182,75418.8134765625,25
2183,75597.92114257812,25
2184,75491.76123046875,25
2185,75541.05444335938,25
2186,75198.50708007812,25
2187,75361.76928710938,25
2188,75648.83935546875,25
2189,75517.18408203125,25
2190,75628.95654296875,25
2191,75386.23364257812,25
2192,75575.59497070312,25
2193,75581.52490234375,25
2194,75331.47387695312,25
2195,75811.30029296875,25
2196,75553.2666015625,25
2197,75417.87158203125,25
2198,75241.77685546875,25
2199,75364.15991210938,25
2200,75456.53540039062,25
2201,75469.88989257812,25
2202,75755.02416992188,25
2203,75806.81372070312,25
2204,75911.1416015625,25
2205,75708.44213867188,25
2206,75334.51342773438,25
2207,75525.99438476562,25
2208,75444.4482421875,25
2209,75500.73486328125,25
2210,75568.0615234375,25
2211,75634.79833984375,25
2212,75939.52563476562,25
2213,75670.89453125,25
2214,75247.05224609375,25
2215,76004.08618164062,25
2216,75262.01782226562,25
2217,75745.09912109375,25
2218,75627.35717773438,25
2219,75781.28491210938,25
2220,75877.49731445312,25
2221,75884.66821289062,25
2222,75128.83984375,25
2223,75476.43432617188,25
2224,75944.18237304688,25
2225,75279.75634765625,25
2226,75789.83227539062,25
2227,75662.31616210938,25
2228,75315.11865234375,25
2229,75630.74096679688,25
2230,75613.83740234375,25
2231,75572.98193359375,25
2232,75140.72827148438,25
2233,75653.99584960938,25
2234,75414.52099609375,25
2235,75685.72094726562,25
2236,75276.02099609375,25
2237,75516.6455078125,25
2238,75659.1376953125,25
2239,75643.91674804688,25
2240,76080.6396484375,25
2241,75869.87915039062,25
2242,74999.67431640625,25
2243,75815.01513671875,25
2244,75625.62963867188,25
2245,75456.79296875,25
2246,75412.90673828125,25
2247,75524.86010742188,25
2248,75422.595703125,25
2249,75821.38720703125,25
2250,75808.52905273438,25
2251,75573.66479492188,25
2252,75717.53491210938,25
2253,75545.6416015625,25
2254,75645.55639648438,25
2255,75332.28662109375,25
2256,75473.16943359375,25
2257,75764.51782226562,25
2258,75098.46044921875,25
2259,75423.50830078125,25
2260,75581.8251953125,25
2261,75236.35131835938,25
2262,75703.58471679688,25
2263,75375.13232421875,25
2264,75879.55859375,25
2265,75575.75439453125,25
2266,75496.86547851562,25
2267,75504.88793945312,25
2268,75712.77465820312,25
2269,75730.92211914062,25
2270,75867.73974609375,25
2271,75138.87182617188,25
2272,75584.48779296875,25
2273,75565.72802734375,25
2274,75785.01928710938,25
2275,75254.85522460938,25
2276,75477.61743164062,25
2277,75481.47094726562,25
2278,75729.75634765625,25
2279,75275.87133789062,25
2280,75627.39233398438,25
2281,75305.77856445312,25
2282,75495.28759765625,25
2283,75935.39697265625,25
2284,76088.55151367188,25
2285,77230.08837890625,25
2286,77062.3662109375,25
2287,76964.2744140625,25
2288,77127.14599609375,25
2289,77081.78271484375,25
2290,77497.20776367188,25
2291,76896.765625,25
2292,76534.017578125,25
2293,77035.77270507812,25
2294,76698.75830078125,25
2295,77013.91064453125,25
2296,77057.05395507812,25
2297,76850.55395507812,25
2298,77097.88793945312,25
2299,76944.69995117188,25
2300,76972.47509765625,25
2301,76758.9345703125,25
2302,76932.1875,25
2303,76795.95776367188,25
2304,76509.07470703125,25
2305,77002.6435546875,25
2306,76842.49096679688,25
2307,76644.1845703125,25
2308,76960.25830078125,25
2309,76825.99951171875,25
2310,76934.43017578125,25
2311,76150.63671875,25
2312,77131.39404296875,25
2313,77284.02807617188,25
2314,77174.50415039062,25
2315,77146.42724609375,25
2316,76539.75927734375,25
2317,77232.48291015625,25
2318,76924.60595703125,25
2319,76950.58544921875,25
2320,77249.18823242188,25
2321,76745.60986328125,25
2322,76508.97216796875,25
2323,76658.18725585938,25
2324,76441.15966796875,25
2325,76775.47265625,25
2326,76556.29931640625,25
2327,76566.08178710938,25
2328,76860.75048828125,25
2329,76681.49145507812,25
2330,76652.49047851562,25
2331,76207.6279296875,25
2332,76282.10888671875,25
2333,77183.654296875,25
2334,76808.94946289062,25
2335,76935.99096679688,25
2336,76844.07446289062,25
2337,77037.87622070312,25
2338,76679.09619140625,25
2339,77082.8466796875,25
2340,76766.22998046875,25
2341,76498.951171875,25
2342,77187.8408203125,25
2343,76695.875,25
2344,76930.0546875,25
2345,76464.60205078125,25
2346,77256.09936523438,25
2347,76585.62451171875,25
2348,76958.4365234375,25
2349,76946.7744140625,25
2350,76634.74243164062,25
2351,76764.4267578125,25
2352,77080.08422851562,25
2353,77081.36303710938,25
2354,76863.11694335938,25
2355,77105.4892578125,25
2356,76724.03198242188,25
2357,76544.46630859375,25
2358,76683.14306640625,25
2359,77181.23046875,25
2360,76880.24438476562,25
2361,76776.40966796875,25
2362,76634.44848632812,25
2363,76442.52026367188,25
2364,76955.84155273438,25
2365,77017.63818359375,25
2366,76765.52661132812,25
2367,76595.48974609375,25
2368,76866.42260742188,25
2369,77191.39184570312,25
2370,77019.75,25
2371,76884.71215820312,25
2372,76582.47607421875,25
2373,76528.31567382812,25
2374,76538.15747070312,25
2375,77284.39208984375,25
2376,77132.20288085938,25
2377,76780.65014648438,25
2378,76960.22583007812,25
2379,77219.2158203125,25
2380,76491.79760742188,25
2381,76948.71923828125,25
2382,76543.97778320312,25
2383,77000.94091796875,25
2384,76804.59375,25
2385,74976.39404296875,25
2386,73951.90185546875,25
2387,74206.63330078125,25
2388,73808.1015625,25
2389,74003.54614257812,25
2390,73950.60302734375,25
2391,73703.14794921875,25
2392,73852.9521484375,25
2393,74158.60546875,25
2394,74177.20458984375,25
2395,73768.75512695312,25
2396,73898.39111328125,25
2397,73994.58129882812,25
2398,73724.01953125,25
2399,73737.92919921875,25
2400,74173.94140625,25
2401,73440.81762695312,25
2402,74121.634765625,25
2403,73840.82104492188,25
2404,73867.35400390625,25
2405,74586.57104492188,25
2406,73796.9912109375,25
2407,73842.84008789062,25
2408,74117.78637695312,25
2409,74129.37280273438,25
2410,73804.6669921875,25
2411,73888.57495117188,25
2412,74089.93017578125,25
2413,73699.46411132812,25
2414,74141.2958984375,25
2415,73946.01879882812,25
2416,73639.88208007812,25
2417,73925.65502929688,25
2418,74052.203125,25
2419,74166.5478515625,25
2420,73748.60522460938,25
2421,73627.31860351562,25
2422,73992.2646484375,25
2423,73863.81762695312,25
2424,73886.93676757812,25
2425,73862.630859375,25
2426,73898.39453125,25
2427,74140.22216796875,25
2428,73970.63818359375,25
2429,73711.36499023438,25
2430,73826.0732421875,25
2431,73740.20288085938,25
2432,73983.75561523438,25
2433,74163.49438476562,25
2434,74020.865234375,25
2435,73801.34814453125,25
2436,73958.927734375,25
2437,73714.24267578125,25
2438,74001.30688476562,25
2439,73940.21997070312,25
2440,73930.65869140625,25
2441,73910.2275390625,25
2442,73901.15502929688,25
2443,73930.68115234375,25
2444,74060.96069335938,25
2445,74104.43310546875,25
2446,74340.76782226562,25
2447,74222.2939453125,25
2448,74047.60009765625,25
2449,74325.92456054688,25
2450,74155.83422851562,25
2451,74063.62866210938,25
2452,74176.55200195312,25
2453,74161.17504882812,25
2454,74248.41845703125,25
2455,73731.59252929688,25
2456,74073.98999023438,25
2457,73805.66088867188,25
2458,74242.79370117188,25
2459,74296.41625976562,25
2460,73965.916015625,25
2461,73804.09155273438,25
2462,74002.39111328125,25
2463,73701.42114257812,25
2464,74120.0986328125,25
2465,74281.794921875,25
2466,73764.42309570312,25
2467,74350.59448242188,25
2468,74460.24780273438,25
2469,73985.12963867188,25
2470,74056.0849609375,25
2471,74118.75317382812,25
2472,73932.88720703125,25
2473,73807.64038085938,25
2474,74248.01293945312,25
2475,73653.79663085938,25
2476,73936.03100585938,25
2477,74003.88696289062,25
2478,73786.32666015625,25
2479,74316.4912109375,25
2480,73427.21459960938,25
2481,74007.52294921875,25
2482,73876.154296875,25
2483,74245.16748046875,25
2484,73923.1025390625,25
2485,73430.20825195312,25
2486,73678.86547851562,25
2487,73839.0498046875,25
2488,74156.35327148438,25
2489,73778.8017578125,25
2490,74033.69750976562,25
2491,73974.74633789062,25
2492,73666.57421875,25
2493,74279.43530273438,25
2494,74145.82153320312,25
2495,74004.6845703125,25
2496,74151.318359375,25
2497,74263.36303710938,25
2498,73962.91870117188,25
2499,73747.49243164062,25
2500,73786.65454101562,25
2501,73814.220703125,25
2502,73838.48950195312,25
2503,73740.25,25
2504,74215.37084960938,25
2505,73588.15625,25
2506,73981.96850585938,25
2507,73885.04321289062,25
2508,73689.96655273438,25
2509,73795.66650390625,25
2510,73898.8984375,25
2511,74038.09985351562,25
2512,74139.34204101562,25
2513,73825.44750976562,25
2514,74111.38671875,25
2515,73335.5595703125,25
2516,73936.65478515625,25
2517,74008.70971679688,25
2518,73747.03442382812,25
2519,73826.2255859375,25
2520,74119.27880859375,25
2521,73930.7294921875,25
2522,74034.41015625,25
2523,74197.63818359375,25
2524,74172.87451171875,25
2525,74324.84887695312,25
2526,74029.63623046875,25
2527,73814.87817382812,25
2528,73941.5986328125,25
2529,73958.69140625,25
2530,74058.447265625,25
2531,74060.44067382812,25
2532,73920.76538085938,25
2533,74066.99682617188,25
2534,74002.44262695312,25
2535,73991.71875,25
2536,73981.53515625,25
2537,74099.3896484375,25
2538,73913.45043945312,25
2539,74214.8662109375,25
2540,74279.20629882812,25
2541,74290.05639648438,25
2542,74057.17651367188,25
2543,74447.62109375,25
2544,73731.27001953125,25
2545,73884.65893554688,25
2546,74216.39404296875,25
2547,74309.6923828125,25
2548,74023.328125,25
2549,74254.94921875,25
2550,74107.90307617188,25
2551,74056.25122070312,25
2552,74124.39184570312,25
2553,73923.1337890625,25
2554,73951.41943359375,25
2555,73820.80615234375,25
2556,73701.81005859375,25
2557,73991.1416015625,25
2558,74357.46264648438,25
2559,74033.701171875,25
2560,73986.447265625,25
2561,73933.7138671875,25
2562,74121.46728515625,25
2563,74179.61083984375,25
2564,74188.640625,25
2565,73911.20483398438,25
2566,74314.52661132812,25
2567,74073.92041015625,25
2568,74348.51171875,25
2569,74566.05126953125,25
2570,74231.55102539062,25
2571,74134.67944335938,25
2572,74456.18603515625,25
2573,74229.03173828125,25
2574,74274.794921875,25
2575,74361.701171875,25
2576,74439.48779296875,25
2577,74215.55834960938,25
2578,74479.26000976562,25
2579,74465.357421875,25
2580,74183.38940429688,25
2581,74298.1533203125,25
2582,74154.47045898438,25
2583,74830.57836914062,25
2584,74440.56713867188,25
2585,74274.18920898438,25
2586,74263.29565429688,25
2587,74235.69506835938,25
2588,74580.09545898438,25
2589,73948.359375,25
2590,74364.41455078125,25
2591,73785.84008789062,25
2592,74354.86547851562,25
2593,74245.693359375,25
2594,74350.59716796875,25
2595,73973.96435546875,25
2596,74034.59545898438,25
2597,74585.427734375,25
2598,74607.91088867188,25
2599,74255.3271484375,25
2600,74334.85034179688,25
2601,74520.89282226562,25
2602,74488.2158203125,25
2603,74387.81396484375,25
2604,74409.3623046875,25
2605,74465.3388671875,25
2606,74153.732421875,25
2607,74662.02807617188,25
2608,74358.27587890625,25
2609,74832.08471679688,25
2610,73775.40283203125,25
2611,73978.212890625,25
2612,74087.14428710938,25
2613,74172.78491210938,25
2614,73744.45727539062,25
2615,74081.79638671875,25
2616,74386.96557617188,25
2617,74175.8828125,25
2618,74333.90966796875,25
2619,74341.375,25
2620,74370.50122070312,25
2621,74217.91625976562,25
2622,74465.736328125,25
2623,74315.5859375,25
2624,73888.69165039062,25
2625,74294.62426757812,25
2626,74325.9462890625,25
2627,74435.90087890625,25
2628,74447.2705078125,25
2629,74491.78149414062,25
2630,74236.99365234375,25
2631,74101.75317382812,25
2632,74305.26440429688,25
2633,74397.42944335938,25
2634,74353.1298828125,25
2635,74310.57275390625,25
2636,74519.51684570312,25
2637,73993.80908203125,25
2638,74273.20532226562,25
2639,74251.072265625,25
2640,74534.8916015625,25
2641,74541.15625,25
2642,74475.21997070312,25
2643,74218.02783203125,25
2644,74052.50048828125,25
2645,73971.80029296875,25
2646,74348.44018554688,25
2647,74208.18359375,25
2648,73936.76831054688,25
2649,74170.65087890625,25
2650,74068.658203125,25
2651,73803.70629882812,25
2652,74590.45288085938,25
2653,74328.04223632812,25
2654,74227.3349609375,25
2655,74207.720703125,25
2656,73872.0888671875,25
2657,73780.82202148438,25
2658,74593.171875,25
2659,74152.95043945312,25
2660,74104.97729492188,25
2661,73927.23803710938,25
2662,74274.1455078125,25
2663,74455.63110351562,25
2664,73986.53735351562,25
2665,74050.6015625,25
2666,74081.08984375,25
2667,73926.61474609375,25
2668,74245.44165039062,25
2669,74121.310546875,25
2670,74231.32446289062,25
2671,74626.39990234375,25
2672,74426.1669921875,25
2673,74202.84228515625,25
2674,74130.10375976562,25
2675,73939.05981445312,25
2676,73919.63549804688,25
2677,74178.17944335938,25
2678,74159.3154296875,25
2679,74541.24487304688,25
2680,74151.14477539062,25
2681,73996.80590820312,25
2682,74406.81396484375,25
2683,74161.48022460938,25
2684,74196.5546875,25
2685,74401.2958984375,25
2686,74128.63940429688,25
2687,74244.18701171875,25
2688,74402.5419921875,25
2689,74138.42333984375,25
2690,74222.99487304688,25
2691,74158.05517578125,25
2692,74318.05712890625,25
2693,74040.2607421875,25
2694,74276.39697265625,25
2695,74092.53344726562,25
2696,74276.01977539062,25
2697,74033.99169921875,25
2698,74068.74926757812,25
2699,74604.54516601562,25
2700,74127.02465820312,25
2701,74602.1015625,25
2702,74216.1064453125,25
2703,74207.69946289062,25
2704,74381.71826171875,25
2705,74139.08862304688,25
2706,74481.7041015625,25
2707,74220.40405273438,25
2708,74573.1103515625,25
2709,74080.01928710938,25
2710,74316.10034179688,25
2711,73997.54248046875,25
2712,74267.18530273438,25
2713,74177.6796875,25
2714,74254.75122070312,25
2715,74485.91870117188,25
2716,74261.28247070312,25
2717,74423.3681640625,25
2718,74351.67358398438,25
2719,74423.068359375,25
2720,74654.93334960938,25
2721,74019.52807617188,25
2722,74153.13671875,25
2723,74225.61083984375,25
2724,74173.21508789062,25
2725,74356.63134765625,25
2726,73681.82421875,25
2727,74306.11108398438,25
2728,74440.80786132812,25
2729,74614.56494140625,25
2730,74251.41845703125,25
2731,74360.30419921875,25
2732,74124.71826171875,25
2733,74148.95629882812,25
2734,74106.23022460938,25
2735,74616.17309570312,25
2736,74157.40991210938,25
2737,73961.52075195312,25
2738,74263.07958984375,25
2739,74338.02001953125,25
2740,74403.5205078125,25
2741,74027.38159179688,25
2742,74618.61254882812,25
2743,74259.51977539062,25
2744,74257.35009765625,25
2745,74573.85595703125,25
2746,74124.30883789062,25
2747,74571.94213867188,25
2748,73790.33837890625,25
2749,73652.57348632812,25
2750,73371.82153320312,25
2751,73586.8232421875,25
2752,74012.73754882812,25
2753,73625.220703125,25
2754,73449.90283203125,25
2755,73548.5556640625,25
2756,73278.45458984375,25
2757,73736.07275390625,25
2758,73831.8291015625,25
2759,74129.39819335938,25
2760,73652.56616210938,25
2761,73741.55004882812,25
2762,73356.9462890625,25
2763,73720.62646484375,25
2764,73539.64501953125,25
2765,73481.19580078125,25
2766,73455.91528320312,25
2767,73902.46069335938,25
2768,73634.39868164062,25
2769,73942.32666015625,25
2770,73767.71923828125,25
2771,73090.32177734375,25
2772,73527.66333007812,25
2773,73455.47973632812,25
2774,73284.51513671875,25
2775,73261.59033203125,25
2776,72506.564453125,25
2777,72807.92065429688,25
2778,73001.14331054688,25
2779,72445.18115234375,25
2780,72222.5732421875,25
2781,72750.73364257812,25
2782,72651.634765625,25
2783,72402.703125,25
2784,73004.72436523438,25
2785,73012.515625,25
2786,72535.35400390625,25
2787,72911.13305664062,25
2788,72883.14282226562,25
2789,73016.51123046875,25
2790,72565.29223632812,25
2791,73120.45043945312,25
2792,73006.943359375,25
2793,73052.6513671875,25
2794,72870.33544921875,25
2795,73071.6962890625,25
2796,72564.99462890625,25
2797,72901.53442382812,25
2798,72591.96142578125,25
2799,72549.34887695312,25
2800,72843.04248046875,25
2801,73005.90600585938,25
2802,72667.53540039062,25
2803,72776.58764648438,25
2804,72744.14111328125,25
2805,72763.84057617188,25
2806,72589.37133789062,25
2807,72398.28295898438,25
2808,72605.05395507812,25
2809,73089.96459960938,25
2810,72805.58251953125,25
2811,72896.05834960938,25
2812,72586.23754882812,25
2813,72925.33764648438,25
2814,72920.02490234375,25
2815,72636.17797851562,25
2816,73208.77026367188,25
2817,72382.65209960938,25
2818,72137.02734375,25
2819,71384.01513671875,25
2820,71522.83544921875,25
2821,71512.5322265625,25
2822,71274.93432617188,25
2823,70900.8037109375,25
2824,71894.29418945312,25
2825,71695.29150390625,25
2826,71615.5947265625,25
2827,71430.99365234375,25
2828,71573.49462890625,25
2829,71855.3642578125,25
2830,71473.466796875,25
2831,71633.8818359375,25
2832,71986.69775390625,25
2833,71438.05029296875,25
2834,70967.75805664062,25
2835,71034.50732421875,25
2836,70786.63061523438,25
2837,70908.50439453125,25
2838,70954.12670898438,25
2839,71051.41723632812,25
2840,70969.37036132812,25
2841,70883.52856445312,25
2842,70763.83349609375,25
2843,70893.49438476562,25
2844,70686.25170898438,25
2845,70752.08569335938,25
2846,70691.08740234375,25
2847,70478.19897460938,25
2848,70593.75903320312,25
2849,70705.966796875,25
2850,71244.97802734375,25
2851,70524.32397460938,25
2852,70648.82299804688,25
2853,70832.84399414062,25
2854,70486.06005859375,25
2855,70995.45263671875,25
2856,70400.77294921875,25
2857,70930.76879882812,25
2858,70308.73754882812,25
2859,70456.98461914062,25
2860,70359.81518554688,25
2861,70556.34130859375,25
2862,70840.27001953125,25
2863,70120.5078125,25
2864,70303.78271484375,25
2865,70657.11328125,25
2866,70804.96606445312,25
2867,70548.73266601562,25
2868,70662.7080078125,25
2869,70592.8369140625,25
2870,70472.92309570312,25
2871,70841.12719726562,25
2872,70909.68334960938,25
2873,70731.474609375,25
2874,70370.64038085938,25
2875,71218.74438476562,25
2876,70230.51440429688,25
2877,70509.34301757812,25
2878,70765.6484375,25
2879,70734.05078125,25
2880,70514.5537109375,25
2881,70711.97021484375,25
2882,70398.08520507812,25
2883,70374.84008789062,25
2884,70693.76098632812,25
2885,70877.37231445312,25
2886,70538.35302734375,25
2887,70706.70483398438,25
2888,70549.29174804688,25
2889,70562.98266601562,25
2890,70722.9892578125,25
2891,70530.24096679688,25
2892,70395.41333007812,25
2893,70598.92846679688,25
2894,70497.84204101562,25
2895,70879.373046875,25
2896,70868.87426757812,25
2897,70434.89038085938,25
2898,70751.546875,25
2899,70261.32861328125,25
2900,70697.01196289062,25
2901,70398.11767578125,25
2902,71080.2109375,25
2903,70438.2880859375,25
2904,70577.20190429688,25
2905,70460.96923828125,25
2906,70321.17724609375,25
2907,71391.77661132812,25
2908,71200.52392578125,25
2909,70806.41674804688,25
2910,70800.107421875,25
2911,70884.05712890625,25
2912,70752.7880859375,25
2913,70358.01733398438,25
2914,70853.93237304688,25
2915,70623.50024414062,25
2916,70386.62280273438,25
2917,70706.64453125,25
2918,70746.39013671875,25
2919,70389.54931640625,25
2920,70495.57836914062,25
2921,70234.79321289062,25
2922,70492.40112304688,25
2923,70642.2177734375,25
2924,70699.83984375,25
2925,70651.93432617188,25
2926,70660.86450195312,25
2927,71010.15942382812,25
2928,70578.69165039062,25
2929,70906.96948242188,25
2930,70716.0341796875,25
2931,70964.30517578125,25
2932,70488.06640625,25
2933,70943.48193359375,25
2934,70614.8740234375,25
2935,70479.81225585938,25
2936,70450.48974609375,25
2937,70431.37084960938,25
2938,70701.12451171875,25
2939,70816.94580078125,25
2940,70509.716796875,25
2941,70645.71655273438,25
2942,70543.65747070312,25
2943,70528.70166015625,25
2944,70636.01098632812,25
2945,70341.77563476562,25
2946,70437.662109375,25
2947,70554.76123046875,25
2948,70337.01806640625,25
2949,70787.06103515625,25
2950,71149.89672851562,25
2951,70640.31640625,25
2952,71081.36767578125,25
2953,70750.82177734375,25
2954,70786.12963867188,25
2955,70566.08862304688,25
2956,70874.24462890625,25
2957,70603.8837890625,25
2958,70750.62182617188,25
2959,70899.53955078125,25
2960,70620.95678710938,25
2961,70570.39477539062,25
2962,70947.62158203125,25
2963,70289.6064453125,25
2964,70993.578125,25
2965,70524.0615234375,25
2966,70508.7099609375,25
2967,70507.71630859375,25
2968,70369.69848632812,25
2969,70753.94873046875,25
2970,70926.1796875,25
2971,70714.685546875,25
2972,70755.89428710938,25
2973,70771.4013671875,25
2974,71108.9921875,25
2975,70764.59790039062,25
2976,70446.18896484375,25
2977,70792.43212890625,25
2978,70872.6865234375,25
2979,70305.54345703125,25
2980,70555.06762695312,25
2981,70894.15161132812,25
2982,70733.56494140625,25
2983,70648.35668945312,25
2984,70773.6953125,25
2985,70269.5458984375,25
2986,70552.74243164062,25
2987,70677.68115234375,25
2988,70476.52783203125,25
2989,70724.7724609375,25
2990,70086.58178710938,25
2991,70779.57543945312,25
2992,70864.65380859375,25
2993,70447.70825195312,25
2994,70487.103515625,25
2995,70637.94067382812,25
2996,70684.35913085938,25
2997,70664.24267578125,25
2998,70515.24926757812,25
2999,70492.44482421875,25
3000,70591.29077148438,25
3001,70511.95361328125,25
3002,70858.99145507812,25
3003,70539.1376953125,25
3004,70472.86962890625,25
3005,70378.162109375,25
3006,70272.40747070312,25
3007,70704.86206054688,25
3008,70505.19140625,25
3009,70663.74340820312,25
3010,70511.23388671875,25
3011,70572.98974609375,25
3012,70710.52026367188,25
3013,70585.22875976562,25
3014,70946.10791015625,25
3015,70401.8798828125,25
3016,70598.57495117188,25
3017,71000.50463867188,25
3018,70468.12744140625,25
3019,70640.4208984375,25
3020,70496.892578125,25
3021,70931.65209960938,25
3022,70639.78979492188,25
3023,70482.43701171875,25
3024,70389.5615234375,25
3025,70833.04833984375,25
3026,70602.96142578125,25
3027,70413.71044921875,25
3028,70736.3115234375,25
3029,70955.65307617188,25
3030,70236.8017578125,25
3031,70541.19067382812,25
3032,70487.48876953125,25
3033,70420.0791015625,25
3034,71107.01000976562,25
3035,70724.76904296875,25
3036,70673.16381835938,25
3037,70421.9814453125,25
3038,70584.26928710938,25
3039,70370.3427734375,25
3040,71240.1357421875,25
3041,70298.3359375,25
3042,70460.126953125,25
3043,70234.1884765625,25
3044,70526.87329101562,25
3045,70763.90625,25
3046,70646.35302734375,25
3047,70638.20849609375,25
3048,70821.58056640625,25
3049,71021.73388671875,25
3050,70358.41455078125,25
3051,70745.2890625,25
3052,70674.09423828125,25
3053,69972.26342773438,25
3054,70446.21069335938,25
3055,70574.43432617188,25
3056,70986.2236328125,25
3057,70322.82250976562,25
3058,70567.03051757812,25
3059,70554.42358398438,25
3060,70803.93090820312,25
3061,70783.857421875,25
3062,70479.9521484375,25
3063,70499.26708984375,25
3064,70741.4169921875,25
3065,70808.4375,25
3066,70460.44165039062,25
3067,71096.52807617188,25
3068,70869.529296875,25
3069,70709.95239257812,25
3070,70477.29321289062,25
3071,70802.46826171875,25
3072,70673.34643554688,25
3073,70631.32080078125,25
3074,70423.88598632812,25
3075,70626.23999023438,25
3076,70478.01635742188,25
3077,70600.7099609375,25
3078,70660.92553710938,25
3079,70596.70458984375,25
3080,70702.421875,25
3081,70871.31396484375,25
3082,70919.08569335938,25
3083,70939.7958984375,25
3084,70744.712890625,25
3085,70737.822265625,25
3086,70713.27172851562,25
3087,70520.72778320312,25
3088,70459.62231445312,25
3089,71220.21826171875,25
3090,70349.96215820312,25
3091,70674.17211914062,25
3092,70554.80224609375,25
3093,70654.53759765625,25
3094,70829.2880859375,25
3095,70663.54248046875,25
3096,70689.59741210938,25
3097,71000.72143554688,25
3098,70904.1806640625,25
3099,70605.16845703125,25
3100,70223.56127929688,25
3101,70995.7138671875,25
3102,70734.08276367188,25
3103,70532.04907226562,25
3104,70689.69140625,25
3105,70787.021484375,25
3106,70875.60668945312,25
3107,70975.05200195312,25
3108,70552.46655273438,25
3109,70763.03076171875,25
3110,70519.68383789062,25
3111,70673.60815429688,25
3112,71031.27685546875,25
3113,70394.54296875,25
3114,70558.8984375,25
3115,70589.5703125,25
3116,70430.32543945312,25
3117,70269.455078125,25
3118,70598.96728515625,25
3119,70575.6416015625,25
3120,70826.07690429688,25
3121,70668.03442382812,25
3122,70760.6455078125,25
3123,70488.29516601562,25
3124,70939.56958007812,25
3125,70821.52075195312,25
3126,70853.59643554688,25
3127,70518.44946289062,25
3128,70175.26586914062,25
3129,71033.6708984375,25
3130,70949.57397460938,25
3131,70678.17626953125,25
3132,70288.24340820312,25
3133,70629.72338867188,25
3134,70249.30346679688,25
3135,70830.72705078125,25
3136,70632.85229492188,25
3137,70827.666015625,25
3138,70474.2333984375,25
3139,70616.90600585938,25
3140,70772.126953125,25
3141,70822.05200195312,25
3142,70807.42602539062,25
3143,70547.61987304688,25
3144,70196.46240234375,25
3145,70344.99243164062,25
3146,70034.560546875,25
3147,70738.04907226562,25
3148,70917.85668945312,25
3149,70428.27075195312,25
3150,70729.65307617188,25
3151,70713.80297851562,25
3152,70552.27416992188,25
3153,70596.82080078125,25
3154,70701.05395507812,25
3155,70668.47900390625,25
3156,70742.96948242188,25
3157,70550.66479492188,25
3158,70509.1083984375,25
3159,70995.30639648438,25
3160,70652.77319335938,25
3161,70241.56079101562,25
3162,70275.12548828125,25
3163,70930.1728515625,25
3164,70527.70556640625,25
3165,70867.3125,25
3166,70808.154296875,25
3167,70567.85083007812,25
3168,70708.97119140625,25
3169,70430.7978515625,25
3170,70726.9423828125,25
3171,71352.1865234375,25
3172,70966.3271484375,25
3173,71139.18139648438,25
3174,70979.48657226562,25
3175,70959.5419921875,25
3176,70926.10424804688,25
3177,71210.3427734375,25
3178,71051.69848632812,25
3179,71068.91723632812,25
3180,70638.3583984375,25
3181,70873.2001953125,25
3182,70626.75927734375,25
3183,71453.07592773438,25
3184,70791.5673828125,25
3185,70924.0341796875,25
3186,70967.24267578125,25
3187,71256.06811523438,25
3188,71179.69921875,25
3189,70834.96630859375,25
3190,70899.67407226562,25
3191,71102.62646484375,25
3192,70898.56689453125,25
3193,71003.2001953125,25
3194,70990.42236328125,25
3195,70870.0751953125,25
3196,71407.37841796875,25
3197,71098.666015625,25
3198,70654.1865234375,25
3199,70699.78466796875,25
3200,70714.54809570312,25
3201,70975.1728515625,25
3202,71203.39086914062,25
3203,71120.41479492188,25
3204,71039.16088867188,25
3205,70897.47900390625,25
3206,71079.57763671875,25
3207,71254.78784179688,25
3208,71453.89672851562,25
3209,70945.08984375,25
3210,71150.04907226562,25
3211,70958.11450195312,25
3212,70647.52807617188,25
3213,71003.54028320312,25
3214,71031.0947265625,25
3215,71210.70385742188,25
3216,71116.61962890625,25
3217,71262.44165039062,25
3218,71192.3134765625,25
3219,70507.26049804688,25
3220,70799.89282226562,25
3221,70970.59008789062,25
3222,71018.4833984375,25
3223,71445.29614257812,25
3224,70871.27368164062,25
3225,70919.73046875,25
3226,70892.14575195312,25
3227,71021.21704101562,25
3228,70586.60424804688,25
3229,71455.02709960938,25
3230,71302.3330078125,25
3231,70720.84692382812,25
3232,70935.03442382812,25
3233,71247.84448242188,25
3234,70948.37963867188,25
3235,70799.87939453125,25
3236,71096.37133789062,25
3237,70773.89868164062,25
3238,70788.373046875,25
3239,70927.03100585938,25
3240,70914.02587890625,25
3241,71238.2490234375,25
3242,71174.20190429688,25
3243,70857.50073242188,25
3244,71209.90454101562,25
3245,70689.72900390625,25
3246,70949.57739257812,25
3247,70985.9609375,25
3248,70922.068359375,25
3249,71436.43676757812,25
3250,70687.17407226562,25
3251,70973.6220703125,25
3252,70706.4248046875,25
3253,70635.3857421875,25
3254,71312.27026367188,25
3255,70873.85180664062,25
3256,70687.05444335938,25
3257,71016.56103515625,25
3258,71331.02368164062,25
3259,70985.70703125,25
3260,71307.44091796875,25
3261,71111.76489257812,25
3262,70529.15258789062,25
3263,70801.20336914062,25
3264,71142.16235351562,25
3265,70931.13403320312,25
3266,70664.06274414062,25
3267,70756.10766601562,25
3268,71162.88500976562,25
3269,70946.16381835938,25
3270,71073.6376953125,25
3271,70838.66186523438,25
3272,71004.259765625,25
3273,71153.96411132812,25
3274,71332.09057617188,25
3275,70985.53173828125,25
3276,70612.10327148438,25
3277,71047.34204101562,25
3278,70322.41381835938,25
3279,70890.57568359375,25
3280,71234.38916015625,25
3281,70813.00732421875,25
3282,71036.75830078125,25
3283,71072.2177734375,25
3284,71118.99951171875,25
3285,70844.51538085938,25
3286,70884.43603515625,25
3287,71234.27807617188,25
3288,71165.81079101562,25
3289,70951.99609375,25
3290,70661.87646484375,25
3291,70753.65234375,25
3292,71386.1689453125,25
3293,71133.560546875,25
3294,71233.84545898438,25
3295,70534.4677734375,25
3296,70876.94189453125,25
3297,70887.68408203125,25
3298,70849.36328125,25
3299,70897.24169921875,25
3300,71096.3955078125,25
3301,70876.52978515625,25
3302,70879.14624023438,25
3303,70981.37426757812,25
3304,71150.55908203125,25
3305,71159.63647460938,25
3306,70665.48291015625,25
3307,71153.63232421875,25
3308,70764.34692382812,25
3309,70967.91015625,25
3310,70636.88549804688,25
3311,71022.64404296875,25
3312,71175.28466796875,25
3313,71664.56103515625,25
3314,71660.47680664062,25
3315,71538.29125976562,25
3316,70799.75439453125,25
3317,71719.81616210938,25
3318,71168.58837890625,25
3319,71300.44506835938,25
3320,71730.84350585938,25
3321,71714.9619140625,25
3322,71222.19848632812,25
3323,71557.71899414062,25
3324,71132.85961914062,25
3325,71552.01782226562,25
3326,71311.26586914062,25
3327,71415.13305664062,25
3328,71385.60375976562,25
3329,71268.54516601562,25
3330,71522.81689453125,25
3331,71189.69970703125,25
3332,71636.3212890625,25
3333,71560.25634765625,25
3334,71156.01171875,25
3335,71283.79418945312,25
3336,71532.51928710938,25
3337,71581.67407226562,25
3338,71662.57690429688,25
3339,71236.12158203125,25
3340,71589.69165039062,25
3341,71532.96606445312,25
3342,71574.73095703125,25
3343,71411.41650390625,25
3344,71418.55786132812,25
3345,71148.29223632812,25
3346,71728.59887695312,25
3347,71682.72265625,25
3348,71555.04614257812,25
3349,71905.97998046875,25
3350,71493.34008789062,25
3351,71470.74584960938,25
3352,71217.896484375,25
3353,70824.73120117188,25
3354,71302.8427734375,25
3355,71386.4013671875,25
3356,71405.43774414062,25
3357,71842.79858398438,25
3358,71181.99877929688,25
3359,71510.63696289062,25
3360,71326.0498046875,25
3361,71138.3369140625,25
3362,71328.13720703125,25
3363,70906.16479492188,25
3364,71340.28637695312,25
3365,71554.21044921875,25
3366,71632.8466796875,25
3367,71751.02954101562,25
3368,71331.00219726562,25
3369,71710.45532226562,25
3370,71686.32495117188,25
3371,71506.39965820312,25
3372,71994.26416015625,25
3373,71559.9443359375,25
3374,71578.1591796875,25
3375,71751.76806640625,25
3376,71856.05200195312,25
3377,71776.73413085938,25
3378,71218.36083984375,25
3379,71800.576171875,25
3380,72165.3330078125,25
3381,71581.8173828125,25
3382,71028.7021484375,25
3383,71659.74243164062,25
3384,71276.71655273438,25
3385,71752.56079101562,25
3386,70994.34619140625,25
3387,71848.232421875,25
3388,70779.34228515625,25
3389,71651.05053710938,25
3390,71816.02368164062,25
3391,71888.31274414062,25
3392,71525.37426757812,25
3393,71384.27807617188,25
3394,72194.98046875,25
3395,70919.48828125,25
3396,71532.2587890625,25
3397,71595.67944335938,25
3398,71055.78686523438,25
3399,71116.62182617188,25
3400,70643.67822265625,25
3401,71629.92260742188,25
3402,71097.96240234375,25
3403,70872.263671875,25
3404,71070.07177734375,25
3405,71114.81616210938,25
3406,70898.39501953125,25
3407,71007.73461914062,25
3408,71294.67041015625,25
3409,71216.06298828125,25
3410,70930.69213867188,25
3411,70946.83422851562,25
3412,71327.013671875,25
3413,71172.048828125,25
3414,71381.14794921875,25
3415,71237.349609375,25
3416,71174.46044921875,25
3417,71233.19873046875,25
3418,70961.77270507812,25
3419,71653.07592773438,25
3420,71443.05029296875,25
3421,71358.74291992188,25
3422,70787.85107421875,25
3423,71205.80102539062,25
3424,71379.74682617188,25
3425,71610.11376953125,25
3426,71523.17163085938,25
3427,70913.1103515625,25
3428,71454.9296875,25
3429,71564.47680664062,25
3430,70814.59912109375,25
3431,71161.42309570312,25
3432,70720.93310546875,25
3433,71436.84765625,25
3434,71452.01489257812,25
3435,70755.93896484375,25
3436,71317.28930664062,25
3437,71146.04516601562,25
3438,71329.89697265625,25
3439,71130.9453125,25
3440,71423.16625976562,25
3441,70611.73706054688,25
3442,71541.80590820312,25
3443,71598.36108398438,25
3444,71664.71118164062,25
3445,71392.17602539062,25
3446,71223.11499023438,25
3447,71432.44018554688,25
3448,71540.61645507812,25
3449,70835.86962890625,25
3450,71252.95947265625,25
3451,70929.34814453125,25
3452,71990.0986328125,25
3453,71357.9189453125,25
3454,71550.69360351562,25
3455,71197.70922851562,25
3456,71306.36596679688,25
3457,71194.76196289062,25
3458,71219.28002929688,25
3459,71449.64697265625,25
3460,71866.69213867188,25
3461,71555.04125976562,25
3462,71296.86743164062,25
3463,71019.43041992188,25
3464,71137.78540039062,25
3465,71225.02758789062,25
3466,71451.41479492188,25
3467,71377.2373046875,25
3468,71074.49340820312,25
3469,71393.373046875,25
3470,71041.75317382812,25
3471,71281.5947265625,25
3472,70927.8583984375,25
3473,71288.57934570312,25
3474,70889.92211914062,25
3475,71228.93139648438,25
3476,71036.08520507812,25
3477,71182.3916015625,25
3478,71393.76611328125,25
3479,71238.21215820312,25
3480,71055.74267578125,25
3481,71317.7861328125,25
3482,71096.37841796875,25
3483,71211.162109375,25
3484,71300.64599609375,25
3485,71188.89990234375,25
3486,71655.888671875,25
3487,71340.56469726562,25
3488,71659.1591796875,25
3489,70934.4306640625,25
3490,70907.84350585938,25
3491,71113.6494140625,25
3492,71422.0927734375,25
3493,71140.65502929688,25
3494,71374.0068359375,25
3495,70997.87036132812,25
3496,71194.70654296875,25
3497,71483.00463867188,25
3498,71552.89819335938,25
3499,71032.85302734375,25
3500,71547.349609375,25
3501,71410.81103515625,25
3502,71251.431640625,25
3503,71396.8642578125,25
3504,71127.1865234375,25
3505,71247.38818359375,25
3506,71031.20043945312,25
3507,71049.33544921875,25
3508,71458.2177734375,25
3509,70931.69995117188,25
3510,70983.8583984375,25
3511,70995.56298828125,25
3512,71205.07006835938,25
3513,71066.30053710938,25
3514,71168.697265625,25
3515,71186.74584960938,25
3516,71254.57739257812,25
3517,71233.25708007812,25
3518,71351.81005859375,25
3519,71832.48901367188,25
3520,71368.35961914062,25
3521,71387.03833007812,25
3522,71344.54956054688,25
3523,71597.36059570312,25
3524,71268.25219726562,25
3525,71411.22314453125,25
3526,71659.83715820312,25
3527,71644.0849609375,25
3528,71392.19067382812,25
3529,71270.37768554688,25
3530,71557.08959960938,25
3531,71373.9658203125,25
3532,70704.1240234375,25
3533,71600.0517578125,25
3534,71355.173828125,25
3535,71289.8193359375,25
3536,71643.51440429688,25
3537,71684.58935546875,25
3538,71634.48315429688,25
3539,71942.77124023438,25
3540,72061.29858398438,25
3541,71330.71240234375,25
3542,71101.888671875,25
3543,71416.24169921875,25
3544,71607.53515625,25
3545,71747.70849609375,25
3546,71969.47534179688,25
3547,72153.03979492188,25
3548,72314.37109375,25
3549,71667.9375,25
3550,71961.37670898438,25
3551,71580.65698242188,25
3552,71548.29370117188,25
3553,71689.63012695312,25
3554,71303.77490234375,25
3555,71383.54516601562,25
3556,71681.70043945312,25
3557,71194.91870117188,25
3558,71660.32788085938,25
3559,71591.392578125,25
3560,71277.18823242188,25
3561,71366.20288085938,25
3562,71818.0458984375,25
3563,71596.46728515625,25
3564,71477.35668945312,25
3565,71206.41577148438,25
3566,71011.11303710938,25
3567,71426.66040039062,25
3568,71906.75415039062,25
3569,71683.67333984375,25
3570,71457.66040039062,25
3571,71656.1884765625,25
3572,72151.42065429688,25
3573,71057.5859375,25
3574,71468.19506835938,25
3575,71752.79858398438,25
3576,71364.00805664062,25
3577,71491.44775390625,25
3578,71542.08715820312,25
3579,71357.10424804688,25
3580,71533.3828125,25
3581,71366.64868164062,25
3582,72129.17041015625,25
3583,72091.4091796875,25
3584,71565.76123046875,25
3585,71181.5791015625,25
3586,71450.51782226562,25
3587,71505.52075195312,25
3588,71547.39916992188,25
3589,71168.36669921875,25
3590,71156.37939453125,25
3591,71677.42626953125,25
3592,71487.36767578125,25
3593,71466.21899414062,25
3594,71447.10766601562,25
3595,71779.13549804688,25
3596,71367.92651367188,25
3597,71731.92626953125,25
3598,71630.64868164062,25
3599,70951.08642578125,25
3600,71934.01806640625,25
3601,71266.06811523438,25
3602,71447.29248046875,25
3603,71378.0595703125,25
3604,71482.2216796875,25
3605,71379.79736328125,25
3606,71645.42456054688,25
3607,71041.57641601562,25
3608,71595.037109375,25
3609,71115.42065429688,25
3610,71713.6884765625,25
3611,71272.82934570312,25
3612,71461.60375976562,25
3613,71592.40405273438,25
3614,71398.7607421875,25
3615,71608.83813476562,25
3616,72038.38793945312,25
3617,71828.71240234375,25
3618,71722.99584960938,25
3619,71590.88134765625,25
3620,71950.71630859375,25
3621,71382.50439453125,25
3622,70971.69384765625,25
3623,71460.99389648438,25
3624,71634.08715820312,25
3625,71288.66455078125,25
3626,71315.10546875,25
3627,71773.47900390625,25
3628,71223.93774414062,25
3629,70937.80688476562,25
3630,71589.69213867188,25
3631,71733.60961914062,25
3632,71428.146484375,25
3633,71604.53735351562,25
3634,71540.45874023438,25
3635,71668.07739257812,25
3636,71364.1357421875,25
3637,71429.76831054688,25
3638,71175.01806640625,25
3639,71692.05981445312,25
3640,71599.29028320312,25
3641,71707.53637695312,25
3642,71517.12866210938,25
3643,71375.61987304688,25
3644,72177.93920898438,25
3645,71619.00512695312,25
3646,71742.19213867188,25
3647,71009.7080078125,25
3648,71646.11376953125,25
3649,71512.419921875,25
3650,71899.53442382812,25
3651,71417.06005859375,25
3652,71606.3876953125,25
3653,71514.37670898438,25
3654,71483.63208007812,25
3655,71805.4130859375,25
3656,71174.09765625,25
3657,71378.0830078125,25
3658,71541.041015625,25
3659,71490.81640625,25
3660,71752.79296875,25
3661,71649.0830078125,25
3662,71469.943359375,25
3663,71392.55151367188,25
3664,71873.71655273438,25
3665,71396.736328125,25
3666,71770.7275390625,25
3667,71753.47216796875,25
3668,71138.81420898438,25
3669,71846.86181640625,25
3670,71393.53637695312,25
3671,71527.173828125,25
3672,71804.70971679688,25
3673,71440.71704101562,25
3674,71926.2685546875,25
3675,71745.87524414062,25
3676,71390.70825195312,25
3677,71521.02465820312,25
3678,71209.25048828125,25
3679,71643.76977539062,25
3680,71374.44287109375,25
3681,71429.634765625,25
3682,71282.88793945312,25
3683,71590.75756835938,25
3684,71134.07250976562,25
3685,71525.55297851562,25
3686,71299.47631835938,25
3687,71617.20288085938,25
3688,71705.30078125,25
3689,71835.88110351562,25
3690,71207.0986328125,25
3691,71571.96850585938,25
3692,71366.67895507812,25
3693,71343.61303710938,25
3694,71687.12524414062,25
3695,71377.03051757812,25
3696,71468.08666992188,25
3697,71773.99633789062,25
3698,71747.18115234375,25
3699,71538.61083984375,25
3700,71721.6279296875,25
3701,71653.322265625,25
3702,71015.82055664062,25
3703,71495.50048828125,25
3704,71663.69091796875,25
3705,71706.677734375,25
3706,71486.40698242188,25
3707,72037.05737304688,25
3708,71235.30834960938,25
3709,70860.17578125,25
3710,71714.71899414062,25
3711,71682.2939453125,25
3712,71307.27758789062,25
3713,71366.45922851562,25
3714,71416.26708984375,25
3715,71391.54125976562,25
3716,71652.98486328125,25
3717,71815.80712890625,25
3718,71473.36669921875,25
3719,71291.8310546875,25
3720,71473.181640625,25
3721,71438.017578125,25
3722,71779.28100585938,25
3723,71703.14013671875,25
3724,71792.1767578125,25
3725,71708.7255859375,25
3726,71490.58325195312,25
3727,71395.263671875,25
3728,71597.70727539062,25
3729,71674.5966796875,25
3730,71762.09399414062,25
3731,71628.02734375,25
3732,71907.77709960938,25
3733,71354.15161132812,25
3734,71399.70849609375,25
3735,71591.095703125,25
3736,71154.64916992188,25
3737,71835.11645507812,25
3738,71383.23510742188,25
3739,71778.26245117188,25
3740,71449.71655273438,25
3741,72189.1044921875,25
3742,71280.03198242188,25
3743,71295.197265625,25
3744,71537.86401367188,25
3745,71697.00610351562,25
3746,71713.83862304688,25
3747,71079.39379882812,25
3748,71389.03955078125,25
3749,71770.88159179688,25
3750,71337.13818359375,25
3751,71264.83740234375,25
3752,71475.07592773438,25
3753,71788.99145507812,25
3754,71445.21997070312,25
3755,71484.13793945312,25
3756,71321.0576171875,25
3757,71319.47045898438,25
3758,71608.68798828125,25
3759,71294.30029296875,25
3760,71852.73803710938,25
3761,71931.30932617188,25
3762,71589.01123046875,25
3763,71143.8134765625,25
3764,71918.71264648438,25
3765,71273.01538085938,25
3766,71542.19604492188,25
3767,71488.03588867188,25
3768,71653.0986328125,25
3769,71673.64501953125,25
3770,71879.56396484375,25
3771,71409.81762695312,25
3772,71655.57958984375,25
3773,71767.98950195312,25
3774,71420.275390625,25
3775,71882.83471679688,25
3776,72024.44921875,25
3777,71769.60180664062,25
3778,71580.896484375,25
3779,71315.16064453125,25
3780,71571.63110351562,25
3781,71755.03369140625,25
3782,71285.12744140625,25
3783,71562.1015625,25
3784,71290.96240234375,25
3785,71759.15795898438,25
3786,71577.8310546875,25
3787,71315.6298828125,25
3788,71501.11157226562,25
3789,71617.4384765625,25
3790,71444.9931640625,25
3791,71556.07421875,25
3792,71699.22607421875,25
3793,71485.63842773438,25
3794,71958.48413085938,25
3795,71521.62109375,25
3796,71475.24365234375,25
3797,71067.24365234375,25
3798,71520.20971679688,25
3799,71644.81640625,25
3800,71364.86840820312,25
3801,71645.44799804688,25
3802,72081.2041015625,25
3803,71828.591796875,25
3804,71241.66088867188,25
3805,71288.2373046875,25
3806,70898.57348632812,25
3807,71624.12744140625,25
3808,71510.2939453125,25
3809,71452.15698242188,25
3810,71469.68188476562,25
3811,71054.45092773438,25
3812,71712.69702148438,25
3813,71688.74243164062,25
3814,71652.474609375,25
3815,71572.10766601562,25
3816,71840.36547851562,25
3817,71286.12133789062,25
3818,71463.1533203125,25
3819,71649.02978515625,25
3820,71833.5849609375,25
3821,71930.56689453125,25
3822,71384.50317382812,25
3823,71351.4375,25
3824,71250.43823242188,25
3825,71725.92700195312,25
3826,71379.0458984375,25
3827,71633.95581054688,25
3828,71406.46557617188,25
3829,71337.37573242188,25
3830,71598.66943359375,25
3831,71640.66943359375,25
3832,71941.73046875,25
3833,71965.40112304688,25
3834,71714.14916992188,25
3835,71255.69018554688,25
3836,71378.1328125,25
3837,71271.63037109375,25
3838,71547.18334960938,25
3839,71754.84985351562,25
3840,71638.50512695312,25
3841,71502.46142578125,25
3842,70971.27856445312,25
3843,71645.515625,25
3844,72104.015625,25
3845,71089.44262695312,25
3846,71534.49975585938,25
3847,71403.79150390625,25
3848,71302.0703125,25
3849,71559.75903320312,25
3850,71324.59350585938,25
3851,71215.74829101562,25
3852,71498.55981445312,25
3853,71514.953125,25
3854,71211.73071289062,25
3855,71282.240234375,25
3856,71511.81005859375,25
3857,71469.22119140625,25
3858,71680.59741210938,25
3859,71810.19873046875,25
3860,71530.62841796875,25
3861,71733.86352539062,25
3862,71670.17944335938,25
3863,71922.17529296875,25
3864,71085.21118164062,25
3865,70942.46166992188,25
3866,71773.7587890625,25
3867,71801.47631835938,25
3868,71361.42016601562,25
3869,71204.91625976562,25
3870,71361.79638671875,25
3871,71700.3505859375,25
3872,71190.66723632812,25
3873,71648.1796875,25
3874,72167.17309570312,25
3875,71342.75805664062,25
3876,71693.59155273438,25
3877,71791.15893554688,25
3878,71344.28271484375,25
3879,71319.96655273438,25
3880,71694.79516601562,25
3881,71487.49291992188,25
3882,71069.94409179688,25
3883,71559.78564453125,25
3884,71374.54833984375,25
3885,71585.7158203125,25
3886,71290.00439453125,25
3887,71143.71069335938,25
3888,71652.15185546875,25
3889,71574.02758789062,25
3890,71364.91430664062,25
3891,71647.64501953125,25
3892,71833.26733398438,25
3893,70971.8486328125,25
3894,72026.30639648438,25
3895,71589.12109375,25
3896,71742.96484375,25
3897,71410.9013671875,25
3898,71436.63696289062,25
3899,71316.85546875,25
3900,71507.21557617188,25
3901,71938.41943359375,25
3902,71497.61254882812,25
3903,71280.52294921875,25
3904,71549.1552734375,25
3905,72141.74853515625,25
3906,71498.74536132812,25
3907,71292.4755859375,25
3908,71194.751953125,25
3909,71586.82299804688,25
3910,71379.25854492188,25
3911,71737.412109375,25
3912,71187.76123046875,25
3913,71495.01586914062,25
3914,71536.46020507812,25
3915,71535.63623046875,25
3916,71600.69384765625,25
3917,71907.9169921875,25
3918,71802.28247070312,25
3919,71138.21752929688,25
3920,71572.41674804688,25
3921,71511.93774414062,25
3922,71746.47607421875,25
3923,71838.35498046875,25
3924,71824.490234375,25
3925,71564.89575195312,25
3926,71398.2646484375,25
3927,71469.27758789062,25
3928,71723.84594726562,25
3929,71344.39990234375,25
3930,71572.115234375,25
3931,71260.16845703125,25
3932,71376.01806640625,25
3933,71486.2568359375,25
3934,71628.56274414062,25
3935,71381.73022460938,25
3936,71532.46508789062,25
3937,71604.0185546875,25
3938,71600.60229492188,25
3939,71407.02612304688,25
3940,72001.33740234375,25
3941,71565.4833984375,25
3942,71786.83813476562,25
3943,71567.90698242188,25
3944,71494.24926757812,25
3945,71906.04174804688,25
3946,71489.56958007812,25
3947,70918.83715820312,25
3948,71532.44384765625,25
3949,71521.2939453125,25
3950,71464.37133789062,25
3951,72072.24560546875,25
3952,71476.849609375,25
3953,71595.19921875,25
3954,71464.533203125,25
3955,71284.23901367188,25
3956,71413.30908203125,25
3957,71439.33056640625,25
3958,71421.13354492188,25
3959,71458.0009765625,25
3960,71475.74926757812,25
3961,71894.0849609375,25
3962,71820.38330078125,25
3963,71721.38134765625,25
3964,72050.42919921875,25
3965,71404.65014648438,25
3966,71763.73999023438,25
3967,71506.64965820312,25
3968,71456.94213867188,25
3969,71506.29541015625,25
3970,71982.69116210938,25
3971,71453.38037109375,25
3972,71424.10400390625,25
3973,71121.1279296875,25
3974,71611.4833984375,25
3975,71736.40869140625,25
3976,71838.60327148438,25
3977,71402.80078125,25
3978,71914.53955078125,25
3979,71324.00048828125,25
3980,71772.40869140625,25
3981,71449.96118164062,25
3982,71379.69921875,25
3983,71234.1181640625,25
3984,71678.55151367188,25
3985,71252.53295898438,25
3986,71424.69580078125,25
3987,71196.4970703125,25
3988,71509.61157226562,25
3989,71710.64135742188,25
3990,71414.158203125,25
3991,71674.74169921875,25
3992,71580.81640625,25
3993,71685.65771484375,25
3994,71422.2138671875,25
3995,71540.85522460938,25
3996,71822.22412109375,25
3997,71197.24243164062,25
3998,71931.38818359375,25
3999,71344.11572265625,25
4000,71998.0595703125,25
4001,71777.8525390625,25
4002,71551.7197265625,25
4003,71680.08056640625,25
4004,71672.6083984375,25
4005,71948.64233398438,25
4006,71983.19946289062,25
4007,71493.64819335938,25
4008,71913.978515625,25
4009,71438.82739257812,25
4010,71753.17724609375,25
4011,71427.6455078125,25
4012,71668.24243164062,25
4013,72026.1298828125,25
4014,71902.64306640625,25
4015,71663.89233398438,25
4016,71698.77124023438,25
4017,71329.79321289062,25
4018,71597.86694335938,25
4019,71501.66381835938,25
4020,71389.05004882812,25
4021,71916.91430664062,25
4022,71576.55224609375,25
4023,71997.08813476562,25
4024,71466.1171875,25
4025,71408.35107421875,25
4026,71702.109375,25
4027,71639.42456054688,25
4028,71875.27563476562,25
4029,71666.23876953125,25
4030,71757.49609375,25
4031,71395.6484375,25
4032,71345.73803710938,25
4033,71844.76904296875,25
4034,71352.01220703125,25
4035,70969.07861328125,25
4036,71868.91430664062,25
4037,71923.25341796875,25
4038,71696.203125,25
4039,71857.99853515625,25
4040,71561.49536132812,25
4041,71328.5869140625,25
4042,71502.58349609375,25
4043,71460.32690429688,25
4044,71421.66162109375,25
4045,71707.62109375,25
4046,71484.15112304688,25
4047,71527.64428710938,25
4048,71430.60083007812,25
4049,71325.9501953125,25
4050,71634.81713867188,25
4051,71871.64404296875,25
4052,71736.65649414062,25
4053,71985.24291992188,25
4054,71226.12451171875,25
4055,72106.998046875,25
4056,71780.1298828125,25
4057,71756.7470703125,25
4058,71722.20654296875,25
4059,71231.36791992188,25
4060,71631.7392578125,25
4061,71912.72119140625,25
4062,71721.15063476562,25
4063,71600.69897460938,25
4064,71691.34887695312,25
4065,71881.12451171875,25
4066,71746.3017578125,25
4067,71435.001953125,25
4068,71848.34765625,25
4069,71986.06811523438,25
4070,71626.90649414062,25
4071,72115.25927734375,25
4072,71981.92236328125,25
4073,71669.41162109375,25
4074,71586.78686523438,25
4075,71588.82641601562,25
4076,71553.01318359375,25
4077,71982.83374023438,25
4078,71759.74926757812,25
4079,71774.75415039062,25
4080,71757.78540039062,25
4081,71559.18969726562,25
4082,71561.71557617188,25
4083,72012.50341796875,25
4084,71312.26147460938,25
4085,71414.39331054688,25
4086,71484.26147460938,25
4087,71374.4716796875,25
4088,72107.98608398438,25
4089,71563.78344726562,25
4090,71904.80786132812,25
4091,71620.6923828125,25
4092,71701.32641601562,25
4093,71742.57885742188,25
4094,71869.31274414062,25
4095,71297.1689453125,25
4096,72151.68432617188,25
4097,72078.6005859375,25
4098,71687.5400390625,25
4099,71368.93041992188,25
4100,71847.64111328125,25
4101,71723.58544921875,25
4102,71862.9169921875,25
4103,71652.63720703125,25
4104,71518.44165039062,25
4105,71659.65478515625,25
4106,71654.318359375,25
4107,71903.673828125,25
4108,72088.912109375,25
4109,72159.48291015625,25
4110,71959.86181640625,25
4111,72323.666015625,25
4112,72650.59814453125,25
4113,71573.14379882812,25
4114,72259.08959960938,25
4115,71403.80712890625,25
4116,71797.083984375,25
4117,72031.7509765625,25
4118,71573.265625,25
4119,72076.41918945312,25
4120,71947.087890625,25
4121,71685.78833007812,25
4122,71811.79321289062,25
4123,72239.85986328125,25
4124,72451.93725585938,25
4125,71701.87255859375,25
4126,72035.95678710938,25
4127,72239.48486328125,25
4128,72373.98095703125,25
4129,72243.43920898438,25
4130,71673.8857421875,25
4131,71873.65454101562,25
4132,71442.4638671875,25
4133,72281.79833984375,25
4134,72097.04150390625,25
4135,71793.83471679688,25
4136,72054.62866210938,25
4137,72018.7880859375,25
4138,72046.55834960938,25
4139,72103.97534179688,25
4140,72012.19311523438,25
4141,72134.24609375,25
4142,72032.10107421875,25
4143,72251.78735351562,25
4144,72092.78247070312,25
4145,72379.1826171875,25
4146,72053.12524414062,25
4147,72088.5595703125,25
4148,72305.75415039062,25
4149,71810.83251953125,25
4150,71761.2314453125,25
4151,71759.43505859375,25
4152,71837.24194335938,25
4153,71826.91821289062,25
4154,71758.50610351562,25
4155,71681.16650390625,25
4156,72029.330078125,25
4157,72070.138671875,25
4158,71454.13305664062,25
4159,71900.01611328125,25
4160,71721.78833007812,25
4161,72053.62231445312,25
4162,72053.86572265625,25
4163,71454.658203125,25
4164,72241.72998046875,25
4165,72086.85278320312,25
4166,72436.82958984375,25
4167,72328.92846679688,25
4168,71825.55932617188,25
4169,71971.03247070312,25
4170,71729.46899414062,25
4171,72218.80078125,25
4172,72074.73901367188,25
4173,72404.51879882812,25
4174,72035.71020507812,25
4175,71937.30737304688,25
4176,72357.6474609375,25
4177,71620.6728515625,25
4178,71870.14208984375,25
4179,72276.02709960938,25
4180,71953.81201171875,25
4181,71982.09204101562,25
4182,72001.66723632812,25
4183,71946.53784179688,25
4184,72412.87841796875,25
4185,71483.98510742188,25
4186,72320.71850585938,25
4187,71826.28051757812,25
4188,71611.80102539062,25
4189,72137.07958984375,25
4190,71605.73754882812,25
4191,71740.79077148438,25
4192,72276.6962890625,25
4193,72191.94189453125,25
4194,72137.78125,25
4195,72116.5185546875,25
4196,72032.12084960938,25
4197,71960.52099609375,25
4198,71938.701171875,25
4199,72233.01513671875,25
4200,72160.63916015625,25
4201,71885.95947265625,25
4202,72087.4619140625,25
4203,72058.39990234375,25
4204,71269.82958984375,25
4205,72038.67602539062,25
4206,71681.470703125,25
4207,72398.26684570312,25
4208,72130.86059570312,25
4209,72069.59399414062,25
4210,71751.72241210938,25
4211,72257.04443359375,25
4212,72039.34228515625,25
4213,71862.25415039062,25
4214,71848.0048828125,25
4215,72440.79858398438,25
4216,71748.13037109375,25
4217,72100.49462890625,25
4218,72596.15454101562,25
4219,72182.92919921875,25
4220,72066.53735351562,25
4221,71938.26245117188,25
4222,72292.24926757812,25
4223,71947.90478515625,25
4224,72061.68212890625,25
4225,71854.43774414062,25
4226,72081.88696289062,25
4227,71721.14111328125,25
4228,71966.22827148438,25
4229,71977.68896484375,25
4230,72201.22607421875,25
4231,72190.33447265625,25
4232,72557.08764648438,25
4233,71935.140625,25
4234,71847.76049804688,25
4235,71957.78295898438,25
4236,72013.875,25
4237,71937.76684570312,25
4238,71585.47045898438,25
4239,71864.84204101562,25
4240,71579.62524414062,25
4241,71889.04248046875,25
4242,72130.40869140625,25
4243,72233.14208984375,25
4244,72001.54516601562,25
4245,72383.24145507812,25
4246,72001.73193359375,25
4247,72096.29809570312,25
4248,72165.63061523438,25
4249,72384.6669921875,25
4250,71912.77905273438,25
4251,71657.38354492188,25
4252,71923.54736328125,25
4253,72711.77856445312,25
4254,72495.994140625,25
4255,72536.86303710938,25
4256,72529.40747070312,25
4257,72671.3037109375,25
4258,72095.54858398438,25
4259,72177.34155273438,25
4260,71875.77905273438,25
4261,71927.38208007812,25
4262,72474.68896484375,25
4263,72108.97998046875,25
4264,72248.16625976562,25
4265,72295.2080078125,25
4266,72676.55224609375,25
4267,72422.76977539062,25
4268,72447.591796875,25
4269,72432.416015625,25
4270,72588.06201171875,25
4271,72444.59497070312,25
4272,72434.79541015625,25
4273,72013.83349609375,25
4274,72047.552734375,25
4275,71742.5078125,25
4276,71774.7568359375,25
4277,71768.36865234375,25
4278,72024.0712890625,25
4279,71697.8173828125,25
4280,72195.5732421875,25
4281,71846.087890625,25
4282,72014.09130859375,25
4283,71398.28833007812,25
4284,71242.1474609375,25
4285,72149.8203125,25
4286,72282.61987304688,25
4287,71915.53588867188,25
4288,71588.21044921875,25
4289,71325.43481445312,25
4290,71958.86181640625,25
4291,72077.03393554688,25
4292,72224.59252929688,25
4293,71601.5146484375,25
4294,71778.21997070312,25
4295,71909.74560546875,25
4296,71616.9453125,25
4297,71953.482421875,25
4298,71677.6640625,25
4299,71620.38989257812,25
4300,71656.37524414062,25
4301,71643.58837890625,25
4302,71784.97705078125,25
4303,71763.96606445312,25
4304,71949.57348632812,25
4305,71756.353515625,25
4306,72089.14819335938,25
4307,71879.01098632812,25
4308,71680.6826171875,25
4309,71948.4150390625,25
4310,71879.7099609375,25
4311,71745.80078125,25
4312,71877.7587890625,25
4313,71767.92431640625,25
4314,71590.46606445312,25
4315,71944.353515625,25
4316,71852.41381835938,25
4317,71809.69116210938,25
4318,71911.35034179688,25
4319,72066.28662109375,25
4320,71595.40966796875,25
4321,72056.84130859375,25
4322,71775.76318359375,25
4323,71747.19580078125,25
4324,72239.8408203125,25
4325,72138.6962890625,25
4326,71804.2119140625,25
4327,72062.01171875,25
4328,71987.2333984375,25
4329,71829.19091796875,25
4330,71783.49609375,25
4331,71700.52099609375,25
4332,71694.79150390625,25
4333,72023.25415039062,25
4334,72162.93408203125,25
4335,71781.95068359375,25
4336,72110.33813476562,25
4337,72357.25659179688,25
4338,71525.58447265625,25
4339,71967.15673828125,25
4340,71834.1728515625,25
4341,71807.03491210938,25
4342,72025.1728515625,25
4343,71454.80151367188,25
4344,71683.2646484375,25
4345,71622.5244140625,25
4346,71732.96728515625,25
4347,72079.26953125,25
4348,71761.57885742188,25
4349,72387.96459960938,25
4350,71881.10888671875,25
4351,71901.1552734375,25
4352,72196.08081054688,25
4353,72109.65991210938,25
4354,72206.36645507812,25
4355,71774.72973632812,25
4356,71741.64624023438,25
4357,71816.19165039062,25
4358,71858.39013671875,25
4359,72037.3466796875,25
4360,71677.63549804688,25
4361,72110.2236328125,25
4362,72294.53247070312,25
4363,71789.6396484375,25
4364,71979.59838867188,25
4365,72028.09399414062,25
4366,71419.50903320312,25
4367,71896.939453125,25
4368,71886.9697265625,25
4369,71593.27270507812,25
4370,71969.06079101562,25
4371,71795.826171875,25
4372,71737.23657226562,25
4373,71878.81420898438,25
4374,72151.19775390625,25
4375,71533.86743164062,25
4376,71795.57177734375,25
4377,71994.17700195312,25
4378,71615.4951171875,25
4379,71653.93994140625,25
4380,72171.14086914062,25
4381,72015.42919921875,25
4382,71922.12426757812,25
4383,71667.87573242188,25
4384,71184.66430664062,25
4385,71733.83862304688,25
4386,71739.06079101562,25
4387,71464.24243164062,25
4388,71598.37060546875,25
4389,71906.72827148438,25
4390,71547.54223632812,25
4391,71747.51196289062,25
4392,72044.18408203125,25
4393,71891.80834960938,25
4394,71651.28002929688,25
4395,71825.27954101562,25
4396,71709.0556640625,25
4397,72005.54516601562,25
4398,71582.23779296875,25
4399,71316.154296875,25
4400,71856.4404296875,25
4401,71768.30224609375,25
4402,71502.57934570312,25
4403,71396.12963867188,25
4404,71482.826171875,25
4405,72352.15209960938,25
4406,71767.36938476562,25
4407,71679.00952148438,25
4408,71875.37573242188,25
4409,71839.39233398438,25
4410,71610.20874023438,25
4411,71844.43823242188,25
4412,71593.17602539062,25
4413,71685.79614257812,25
4414,71504.87622070312,25
4415,71539.95874023438,25
4416,71900.54272460938,25
4417,72093.87817382812,25
4418,71868.52758789062,25
4419,71387.44946289062,25
4420,71821.66162109375,25
4421,71554.38793945312,25
4422,71918.61547851562,25
4423,71558.85229492188,25
4424,71750.90625,25
4425,71805.67358398438,25
4426,71226.36474609375,25
4427,71824.83740234375,25
4428,71676.232421875,25
4429,71375.09033203125,25
4430,71453.4453125,25
4431,71777.49658203125,25
4432,71568.30224609375,25
4433,71833.25463867188,25
4434,72162.16186523438,25
4435,71629.53515625,25
4436,71841.44384765625,25
4437,72247.72290039062,25
4438,71374.78735351562,25
4439,71841.69360351562,25
4440,71111.3115234375,25
4441,71566.12084960938,25
4442,72015.771484375,25
4443,71780.09033203125,25
4444,71349.35791015625,25
4445,71234.5419921875,25
4446,71846.595703125,25
4447,71848.15478515625,25
4448,71812.73559570312,25
4449,71647.30932617188,25
4450,72038.74877929688,25
4451,71746.85229492188,25
4452,71366.32666015625,25
4453,71773.44873046875,25
4454,71925.28686523438,25
4455,71742.94409179688,25
4456,71984.10009765625,25
4457,71631.5029296875,25
4458,71847.16845703125,25
4459,71517.4404296875,25
4460,71642.43139648438,25
4461,71761.31762695312,25
4462,71903.822265625,25
4463,72004.68212890625,25
4464,72182.61694335938,25
4465,71722.73291015625,25
4466,71406.69775390625,25
4467,71788.955078125,25
4468,71774.62353515625,25
4469,72081.68994140625,25
4470,72126.92993164062,25
4471,71716.97387695312,25
4472,71935.06884765625,25
4473,72070.52978515625,25
4474,71981.64135742188,25
4475,72527.83837890625,25
4476,71894.64184570312,25
4477,71537.92114257812,25
4478,71678.947265625,25
4479,72022.90844726562,25
4480,71465.80249023438,25
4481,71540.85986328125,25
4482,71785.830078125,25
4483,71700.41748046875,25
4484,71980.4365234375,25
4485,71728.65234375,25
4486,71997.24682617188,25
4487,71789.08203125,25
4488,71422.701171875,25
4489,71891.60546875,25
4490,71693.42260742188,25
4491,71892.18920898438,25
4492,71743.3349609375,25
4493,71888.23291015625,25
4494,71635.3876953125,25
4495,72007.515625,25
4496,71609.82446289062,25
4497,71937.60083007812,25
4498,71836.46484375,25
4499,71765.32763671875,25
4500,71291.2275390625,25
4501,72027.70434570312,25
4502,71524.85107421875,25
4503,71253.33862304688,25
4504,71811.85961914062,25
4505,71641.9931640625,25
4506,71939.35009765625,25
4507,71622.55102539062,25
4508,71994.43115234375,25
4509,71541.7412109375,25
4510,71557.22924804688,25
4511,71627.05712890625,25
4512,72010.21630859375,25
4513,71466.310546875,25
4514,71972.55981445312,25
4515,71589.18872070312,25
4516,71841.71313476562,25
4517,72023.50244140625,25
4518,71667.55688476562,25
4519,71919.28857421875,25
4520,71896.34814453125,25
4521,72202.87109375,25
4522,71960.22802734375,25
4523,71627.283203125,25
4524,72160.66650390625,25
4525,72079.53759765625,25
4526,72044.70166015625,25
4527,71596.947265625,25
4528,71786.33203125,25
4529,72171.84423828125,25
4530,71947.68774414062,25
4531,71921.400390625,25
4532,71414.95556640625,25
4533,71715.28149414062,25
4534,71662.42895507812,25
4535,71922.21533203125,25
4536,71850.89208984375,25
4537,71603.228515625,25
4538,71254.37817382812,25
4539,72260.49633789062,25
4540,71925.40844726562,25
4541,72462.751953125,25
4542,71953.69604492188,25
4543,71938.01708984375,25
4544,71832.08764648438,25
4545,71540.33471679688,25
4546,71862.3994140625,25
4547,71671.22729492188,25
4548,71671.03369140625,25
4549,71573.47802734375,25
4550,72086.31372070312,25
4551,71838.17749023438,25
4552,72053.51538085938,25
4553,71666.53735351562,25
4554,72088.81005859375,25
4555,71862.9013671875,25
4556,72287.43286132812,25
4557,71898.6005859375,25
4558,72176.4560546875,25
4559,71454.85302734375,25
4560,72112.64819335938,25
4561,71823.3115234375,25
4562,71993.29711914062,25
4563,72086.8408203125,25
4564,71917.068359375,25
4565,71727.43627929688,25
4566,71760.27587890625,25
4567,72130.8857421875,25
4568,71797.32861328125,25
4569,71784.99877929688,25
4570,72082.28247070312,25
4571,72161.1015625,25
4572,71871.94653320312,25
4573,71805.23901367188,25
4574,71907.36181640625,25
4575,71424.00048828125,25
4576,72145.93627929688,25
4577,71803.02001953125,25
4578,71939.78247070312,25
4579,71971.49853515625,25
4580,71681.45678710938,25
4581,72433.02783203125,25
4582,71696.46826171875,25
4583,72056.85302734375,25
4584,71847.43701171875,25
4585,71520.33544921875,25
4586,71941.37231445312,25
4587,71640.25854492188,25
4588,71935.29321289062,25
4589,71584.12036132812,25
4590,72306.40673828125,25
4591,71609.77783203125,25
4592,72033.55102539062,25
4593,72166.04272460938,25
4594,72360.12280273438,25
4595,72306.62158203125,25
4596,71881.3271484375,25
4597,71704.78198242188,25
4598,71323.603515625,25
4599,72023.63061523438,25
4600,71757.95703125,25
4601,71896.73852539062,25
4602,71865.53930664062,25
4603,71864.81518554688,25
4604,71638.94165039062,25
4605,71187.6630859375,25
4606,72004.60864257812,25
4607,72358.45239257812,25
4608,71933.94482421875,25
4609,72136.203125,25
4610,71832.62231445312,25
4611,72144.90478515625,25
4612,71860.16796875,25
4613,71754.18432617188,25
4614,72134.45703125,25
4615,71778.32250976562,25
4616,72280.67626953125,25
4617,71807.70043945312,25
4618,72245.37939453125,25
4619,71981.25366210938,25
4620,71952.64306640625,25
4621,71749.97265625,25
4622,71949.728515625,25
4623,71508.31274414062,25
4624,72028.39770507812,25
4625,71880.32641601562,25
4626,72078.66088867188,25
4627,72317.27563476562,25
4628,71511.13012695312,25
4629,71723.46411132812,25
4630,71625.22314453125,25
4631,72013.59057617188,25
4632,71797.61694335938,25
4633,72121.91748046875,25
4634,71803.76440429688,25
4635,71535.58129882812,25
4636,72064.9375,25
4637,72062.76611328125,25
4638,71551.47778320312,25
4639,71991.93090820312,25
4640,72264.54223632812,25
4641,72243.6513671875,25
4642,72420.513671875,25
4643,71933.80004882812,25
4644,71810.59497070312,25
4645,72274.08325195312,25
4646,72133.52197265625,25
4647,72105.92163085938,25
4648,71961.74853515625,25
4649,71831.10522460938,25
4650,72456.951171875,25
4651,72303.54956054688,25
4652,72007.060546875,25
4653,72132.81274414062,25
4654,71954.65771484375,25
4655,72551.7822265625,25
4656,71935.7255859375,25
4657,72052.31103515625,25
4658,72523.2294921875,25
4659,71807.52319335938,25
4660,71882.68237304688,25
4661,71705.328125,25
4662,72066.78369140625,25
4663,71979.53295898438,25
4664,72181.86889648438,25
4665,72560.17578125,25
4666,71801.92895507812,25
4667,72091.56176757812,25
4668,72086.58374023438,25
4669,71701.74755859375,25
4670,71941.74243164062,25
4671,72271.20629882812,25
4672,71975.8427734375,25
4673,72046.06591796875,25
4674,72396.07861328125,25
4675,71715.576171875,25
4676,71691.00317382812,25
4677,72207.15844726562,25
4678,71854.05297851562,25
4679,72278.85717773438,25
4680,72093.63159179688,25
4681,72324.8955078125,25
4682,71700.13989257812,25
4683,72017.62866210938,25
4684,72081.89916992188,25
4685,72057.20092773438,25
4686,72375.63208007812,25
4687,72408.37353515625,25
4688,72121.57885742188,25
4689,72215.71630859375,25
4690,72145.15673828125,25
4691,72090.33056640625,25
4692,71639.59155273438,25
4693,72362.63989257812,25
4694,71986.85424804688,25
4695,71567.44189453125,25
4696,72093.11157226562,25
4697,71979.50415039062,25
4698,71830.42504882812,25
4699,72070.3291015625,25
4700,72302.11010742188,25
4701,71795.0986328125,25
4702,72210.26879882812,25
4703,72162.96923828125,25
4704,71993.09033203125,25
4705,71905.21264648438,25
4706,71819.3212890625,25
4707,71808.28686523438,25
4708,72029.03198242188,25
4709,71464.37622070312,25
4710,72193.201171875,25
4711,72121.73291015625,25
4712,71618.39672851562,25
4713,72056.41674804688,25
4714,71544.45849609375,25
4715,72555.4052734375,25
4716,72667.12426757812,25
4717,72302.41552734375,25
4718,72054.49560546875,25
4719,71779.10131835938,25
4720,71935.31567382812,25
4721,71858.96630859375,25
4722,71895.03173828125,25
4723,71795.39916992188,25
4724,72209.99658203125,25
4725,72295.87060546875,25
4726,71791.58056640625,25
4727,72379.32763671875,25
4728,72356.16186523438,25
4729,71975.40966796875,25
4730,71581.45190429688,25
4731,71982.57666015625,25
4732,72329.5009765625,25
4733,72020.23583984375,25
4734,72312.36328125,25
4735,71979.86596679688,25
4736,72026.20385742188,25
4737,71907.03588867188,25
4738,71909.08666992188,25
4739,71967.82104492188,25
4740,72017.09545898438,25
4741,72431.57299804688,25
4742,72513.6455078125,25
4743,72186.52026367188,25
4744,72216.49536132812,25
4745,71848.05126953125,25
4746,71512.28979492188,25
4747,72161.36401367188,25
4748,71959.09985351562,25
4749,72299.62060546875,25
4750,72057.93286132812,25
4751,71955.95703125,25
4752,71969.29296875,25
4753,71850.13671875,25
4754,71969.63671875,25
4755,71912.36474609375,25
4756,71718.49194335938,25
4757,72317.03393554688,25
4758,72756.18994140625,25
4759,72019.06884765625,25
4760,71858.95288085938,25
4761,72047.39819335938,25
4762,71929.52221679688,25
4763,72048.94506835938,25
4764,72052.48388671875,25
4765,72406.2890625,25
4766,72081.97705078125,25
4767,72271.7392578125,25
4768,72129.013671875,25
4769,72174.26000976562,25
4770,72206.72827148438,25
4771,72053.2177734375,25
4772,72218.38500976562,25
4773,72351.56640625,25
4774,72112.7392578125,25
4775,72100.4404296875,25
4776,72417.86499023438,25
4777,72457.88671875,25
4778,71890.17944335938,25
4779,71884.64038085938,25
4780,72493.1845703125,25
4781,72245.0751953125,25
4782,72280.18383789062,25
4783,72267.92724609375,25
4784,71677.98291015625,25
4785,71826.66796875,25
4786,72335.701171875,25
4787,72313.6806640625,25
4788,71725.15185546875,25
4789,71398.99829101562,25
4790,72372.08154296875,25
4791,71950.671875,25
4792,72260.12719726562,25
4793,72407.94506835938,25
4794,71997.091796875,25
4795,72000.83642578125,25
4796,71987.24389648438,25
4797,71952.173828125,25
4798,72294.6416015625,25
4799,71629.60888671875,25
4800,72076.88427734375,25
4801,72089.88818359375,25
4802,72351.21240234375,25
4803,72677.83642578125,25
4804,72039.54296875,25
4805,72362.69140625,25
4806,71949.12133789062,25
4807,72362.19702148438,25
4808,71914.01513671875,25
4809,72158.72021484375,25
4810,71810.3984375,25
4811,72178.17919921875,25
4812,71673.29614257812,25
4813,71977.57470703125,25
4814,71969.43872070312,25
4815,71736.88427734375,25
4816,72028.10229492188,25
4817,71957.09594726562,25
4818,72405.45434570312,25
4819,71853.54321289062,25
4820,72154.16333007812,25
4821,72190.54345703125,25
4822,71723.83715820312,25
4823,72204.6884765625,25
4824,71988.4443359375,25
4825,71703.55688476562,25
4826,72451.59106445312,25
4827,71409.69946289062,25
4828,72359.15991210938,25
4829,71941.3486328125,25
4830,72146.08203125,25
4831,72039.64599609375,25
4832,72438.54565429688,25
4833,71845.7314453125,25
4834,72246.58081054688,25
4835,71967.64672851562,25
4836,71795.923828125,25
4837,71496.26538085938,25
4838,71754.95654296875,25
4839,72415.54272460938,25
4840,72127.95336914062,25
4841,72063.58544921875,25
4842,72587.25219726562,25
4843,72126.92553710938,25
4844,71832.26123046875,25
4845,71868.4541015625,25
4846,71947.642578125,25
4847,72105.07006835938,25
4848,71758.76025390625,25
4849,71322.77905273438,25
4850,71831.34326171875,25
4851,72112.064453125,25
4852,71866.669921875,25
4853,71694.77514648438,25
4854,71913.50610351562,25
4855,71935.22216796875,25
4856,72017.48559570312,25
4857,72394.89428710938,25
4858,71913.0078125,25
4859,71988.75,25
4860,71888.74169921875,25
4861,72313.6533203125,25
4862,72028.63842773438,25
4863,71759.24829101562,25
4864,72770.8125,25
4865,71577.35034179688,25
4866,71556.37841796875,25
4867,72301.2197265625,25
4868,71892.12622070312,25
4869,71792.86108398438,25
4870,72319.95166015625,25
4871,72006.74365234375,25
4872,72295.91577148438,25
4873,72030.33715820312,25
4874,72007.50512695312,25
4875,71888.6796875,25
4876,71701.02099609375,25
4877,72234.68188476562,25
4878,72440.35034179688,25
4879,71692.58520507812,25
4880,72139.9296875,25
4881,72075.95068359375,25
4882,71403.64526367188,25
4883,72079.04443359375,25
4884,71984.29321289062,25
4885,72141.03491210938,25
4886,72342.69189453125,25
4887,71897.41918945312,25
4888,72151.93920898438,25
4889,71938.92553710938,25
4890,71676.46923828125,25
4891,72033.33520507812,25
4892,72122.69653320312,25
4893,71675.7919921875,25
4894,71749.77856445312,25
4895,72245.73754882812,25
4896,72119.6611328125,25
4897,71561.22631835938,25
4898,72486.94848632812,25
4899,71880.05249023438,25
4900,71767.931640625,25
4901,72021.55249023438,25
4902,71744.16381835938,25
4903,72251.52514648438,25
4904,72192.0732421875,25
4905,71768.80224609375,25
4906,72133.22021484375,25
4907,71939.28979492188,25
4908,72241.87817382812,25
4909,71878.76733398438,25
4910,71926.29467773438,25
4911,71400.91430664062,25
4912,72020.74560546875,25
4913,72291.0498046875,25
4914,72412.28784179688,25
4915,71485.99584960938,25
4916,72184.52221679688,25
4917,72363.40600585938,25
4918,71718.43579101562,25
4919,71890.79760742188,25
4920,72130.91186523438,25
4921,71781.75830078125,25
4922,71822.56640625,25
4923,71596.16674804688,25
4924,72259.2900390625,25
4925,72089.24853515625,25
4926,71883.7109375,25
4927,71758.53344726562,25
4928,72015.0693359375,25
4929,71902.51025390625,25
4930,72059.09838867188,25
4931,72195.94384765625,25
4932,71878.333984375,25
4933,72182.36010742188,25
4934,71790.08178710938,25
4935,72171.21728515625,25
4936,71857.74731445312,25
4937,71827.80419921875,25
4938,71983.2900390625,25
4939,71955.55737304688,25
4940,72045.3779296875,25
4941,71733.94506835938,25
4942,71940.30908203125,25
4943,71606.52490234375,25
4944,71755.60131835938,25
4945,71987.02465820312,25
4946,71829.0908203125,25
4947,72104.0380859375,25
4948,71867.16357421875,25
4949,71877.81884765625,25
4950,71474.7294921875,25
4951,71751.67797851562,25
4952,72063.4287109375,25
4953,72186.05297851562,25
4954,72106.58837890625,25
4955,72050.38500976562,25
4956,72187.4716796875,25
4957,72213.34985351562,25
4958,72266.35009765625,25
4959,72105.80590820312,25
4960,72208.78173828125,25
4961,71959.05297851562,25
4962,71796.15112304688,25
4963,71809.65087890625,25
4964,71951.55224609375,25
4965,71754.0126953125,25
4966,72018.27124023438,25
4967,72211.09448242188,25
4968,71839.994140625,25
4969,71924.23657226562,25
4970,71522.38256835938,25
4971,71449.79516601562,25
4972,71712.64965820312,25
4973,72013.43212890625,25
4974,71720.88012695312,25
4975,72060.984375,25
4976,72050.14672851562,25
4977,71603.03466796875,25
4978,72319.7998046875,25
4979,72054.69140625,25
4980,72131.42504882812,25
4981,72222.88427734375,25
4982,72233.76245117188,25
4983,72081.83520507812,25
4984,72091.85180664062,25
4985,72295.64208984375,25
4986,72081.82543945312,25
4987,71857.48828125,25
4988,72087.13525390625,25
4989,71351.017578125,25
4990,71696.04931640625,25
4991,71980.68725585938,25
4992,71891.67578125,25
4993,72015.11279296875,25
4994,72004.8427734375,25
4995,72201.86596679688,25
4996,72120.53857421875,25
4997,71915.61743164062,25
4998,71973.19384765625,25
4999,71871.11987304688,25
5000,71865.30615234375,25
